-- phpMyAdmin SQL Dump
-- version 5.2.0
-- https://www.phpmyadmin.net/
--
-- Host: 127.0.0.1
-- Generation Time: Apr 20, 2023 at 02:28 PM
-- Server version: 10.4.24-MariaDB
-- PHP Version: 7.4.29

SET SQL_MODE = "NO_AUTO_VALUE_ON_ZERO";
START TRANSACTION;
SET time_zone = "+00:00";


/*!40101 SET @OLD_CHARACTER_SET_CLIENT=@@CHARACTER_SET_CLIENT */;
/*!40101 SET @OLD_CHARACTER_SET_RESULTS=@@CHARACTER_SET_RESULTS */;
/*!40101 SET @OLD_COLLATION_CONNECTION=@@COLLATION_CONNECTION */;
/*!40101 SET NAMES utf8mb4 */;

--
-- Database: `uccportal_2`
--

-- --------------------------------------------------------

--
-- Table structure for table `cms_admins`
--

CREATE TABLE `cms_admins` (
  `id` int(11) NOT NULL,
  `school_id` varchar(100) DEFAULT NULL,
  `first_name` varchar(100) DEFAULT NULL,
  `last_name` varchar(100) DEFAULT NULL,
  `status` int(11) DEFAULT NULL
) ENGINE=InnoDB DEFAULT CHARSET=utf8mb4;

--
-- Dumping data for table `cms_admins`
--

INSERT INTO `cms_admins` (`id`, `school_id`, `first_name`, `last_name`, `status`) VALUES
(58, 'admin', 'Daniel', 'Carlo', 1),
(66, 'administrator', 'Andriel', 'Gabriel', 1);

-- --------------------------------------------------------

--
-- Table structure for table `cms_classes`
--

CREATE TABLE `cms_classes` (
  `class_id` int(11) NOT NULL,
  `class_code` varchar(50) DEFAULT NULL,
  `subject` varchar(100) DEFAULT NULL,
  `created_at` timestamp NOT NULL DEFAULT current_timestamp()
) ENGINE=InnoDB DEFAULT CHARSET=utf8mb4;

--
-- Dumping data for table `cms_classes`
--

INSERT INTO `cms_classes` (`class_id`, `class_code`, `subject`, `created_at`) VALUES
(162, 'A2-haqQTa', ' ARGUMENTATION AND DEBATE', '2022-12-20 07:50:39'),
(163, 'A3-DY5kuc', ' PARLIAMENTARY PROCEDURE', '2022-12-20 07:50:52'),
(164, 'ABC-222-xTqKD6', ' PUBLIC RELATIONS PRINCIPLES AND PRACTICES', '2022-12-20 07:51:08'),
(165, 'ACC-111-o6i2kL', ' PRINCIPLES OF ACCOUNTING', '2022-12-20 08:02:04');

-- --------------------------------------------------------

--
-- Table structure for table `cms_classrooms`
--

CREATE TABLE `cms_classrooms` (
  `classroom_id` int(11) NOT NULL,
  `class_id` varchar(100) DEFAULT NULL,
  `subject_code` varchar(100) DEFAULT NULL,
  `school_id` varchar(100) DEFAULT NULL,
  `sections` varchar(100) DEFAULT NULL,
  `status` tinyint(1) DEFAULT NULL,
  `created_at` timestamp NOT NULL DEFAULT current_timestamp()
) ENGINE=InnoDB DEFAULT CHARSET=utf8mb4;

--
-- Dumping data for table `cms_classrooms`
--

INSERT INTO `cms_classrooms` (`classroom_id`, `class_id`, `subject_code`, `school_id`, `sections`, `status`, `created_at`) VALUES
(41, '162', 'A2', 'instructor1', 'BSMATH-3A', 1, '2022-12-20 07:50:39'),
(42, '163', 'A3', 'instructor1', 'BSCS-4A', 1, '2022-12-20 07:50:52'),
(43, '164', 'ABC-222', 'instructor1', 'BSMATH-3A', 1, '2022-12-20 07:51:08'),
(44, '165', 'ACC-111', 'instructor1', 'BSMATH-3A', 1, '2022-12-20 08:02:04');

-- --------------------------------------------------------

--
-- Table structure for table `cms_coordinators`
--

CREATE TABLE `cms_coordinators` (
  `id` int(11) NOT NULL,
  `school_id` varchar(100) DEFAULT NULL,
  `first_name` varchar(100) DEFAULT NULL,
  `last_name` varchar(100) DEFAULT NULL,
  `status` int(11) DEFAULT NULL
) ENGINE=InnoDB DEFAULT CHARSET=utf8mb4;

--
-- Dumping data for table `cms_coordinators`
--

INSERT INTO `cms_coordinators` (`id`, `school_id`, `first_name`, `last_name`, `status`) VALUES
(10, 'coordinator1', 'andriel', 'gabriel', 1),
(11, '209385923752', 'tite', 'tite', 1);

-- --------------------------------------------------------

--
-- Table structure for table `cms_instructors`
--

CREATE TABLE `cms_instructors` (
  `id` int(11) NOT NULL,
  `school_id` varchar(100) DEFAULT NULL,
  `first_name` varchar(100) DEFAULT NULL,
  `last_name` varchar(100) DEFAULT NULL,
  `status` int(11) DEFAULT NULL
) ENGINE=InnoDB DEFAULT CHARSET=utf8mb4;

--
-- Dumping data for table `cms_instructors`
--

INSERT INTO `cms_instructors` (`id`, `school_id`, `first_name`, `last_name`, `status`) VALUES
(21, 'instructor1', 'vin', 'dela cruz', 1),
(22, 'Instructor2', 'Instructor2', 'Instructor2', 1);

-- --------------------------------------------------------

--
-- Table structure for table `cms_profileimg`
--

CREATE TABLE `cms_profileimg` (
  `id` int(11) NOT NULL,
  `school_id` varchar(20) DEFAULT NULL,
  `status` int(11) DEFAULT NULL
) ENGINE=InnoDB DEFAULT CHARSET=utf8mb4;

--
-- Dumping data for table `cms_profileimg`
--

INSERT INTO `cms_profileimg` (`id`, `school_id`, `status`) VALUES
(124, 'admin', 0),
(170, 'coordinator1', 0),
(171, 'instructor1', 0),
(172, 'Instructor2', 1),
(173, 'student1', 1),
(174, 'administrator', 0),
(175, '209385923752', 1);

-- --------------------------------------------------------

--
-- Table structure for table `cms_pwdreset`
--

CREATE TABLE `cms_pwdreset` (
  `pwdResetId` int(11) NOT NULL,
  `pwdResetUserID` text DEFAULT NULL,
  `pwdResetEmail` text NOT NULL,
  `pwdResetSelector` text NOT NULL,
  `pwdResetToken` longtext NOT NULL,
  `pwdResetExpires` text NOT NULL
) ENGINE=InnoDB DEFAULT CHARSET=utf8mb4;

-- --------------------------------------------------------

--
-- Table structure for table `cms_sectionlist`
--

CREATE TABLE `cms_sectionlist` (
  `id` int(11) NOT NULL,
  `sections` varchar(100) DEFAULT NULL,
  `school_id` varchar(100) DEFAULT NULL COMMENT 'student_id'
) ENGINE=InnoDB DEFAULT CHARSET=utf8mb4;

-- --------------------------------------------------------

--
-- Table structure for table `cms_sections`
--

CREATE TABLE `cms_sections` (
  `id` int(11) NOT NULL,
  `course` varchar(155) DEFAULT NULL,
  `section` varchar(100) DEFAULT NULL
) ENGINE=InnoDB DEFAULT CHARSET=utf8mb4;

--
-- Dumping data for table `cms_sections`
--

INSERT INTO `cms_sections` (`id`, `course`, `section`) VALUES
(20, 'BSMATH', '3A'),
(21, 'BSCS', '4A'),
(22, 'BSE-SCI', '3A');

-- --------------------------------------------------------

--
-- Table structure for table `cms_students`
--

CREATE TABLE `cms_students` (
  `id` int(11) NOT NULL,
  `school_id` varchar(100) DEFAULT NULL,
  `first_name` varchar(100) DEFAULT NULL,
  `last_name` varchar(100) DEFAULT NULL,
  `assigned` varchar(10) DEFAULT NULL,
  `status` int(11) DEFAULT NULL,
  `class_id` int(11) DEFAULT NULL
) ENGINE=InnoDB DEFAULT CHARSET=utf8mb4;

--
-- Dumping data for table `cms_students`
--

INSERT INTO `cms_students` (`id`, `school_id`, `first_name`, `last_name`, `assigned`, `status`, `class_id`) VALUES
(54, 'student1', 'john', 'cena', 'NO', 1, NULL);

-- --------------------------------------------------------

--
-- Table structure for table `cms_subjects`
--

CREATE TABLE `cms_subjects` (
  `id` int(11) NOT NULL,
  `subject` varchar(87) DEFAULT NULL,
  `subject_code` varchar(10) DEFAULT NULL,
  `course` varchar(11) DEFAULT NULL
) ENGINE=InnoDB DEFAULT CHARSET=utf8;

--
-- Dumping data for table `cms_subjects`
--

INSERT INTO `cms_subjects` (`id`, `subject`, `subject_code`, `course`) VALUES
(1, 'CALCULUS I', 'MCC-121', 'BSMATH'),
(2, 'FUNDAMENTAL CONCEPTS OF MATHEMATICS', 'MCC-122', 'BSMATH'),
(3, 'UNDERSTANDING THE SELF', 'GEC-001', 'BSMATH'),
(4, 'READINGS IN PHILIPPINE HISTORY', 'GEC-002', 'BSMATH'),
(5, 'LIVING IN THE IT ERA', 'GEE-002', 'BSMATH'),
(6, 'RHYTHMIC ACTIVITIES', 'PE-002', 'BSMATH'),
(7, 'NSTP-CWTS 2', 'NSTP-122', 'BSMATH'),
(8, 'CALCULUS III', 'MCC-221', 'BSMATH'),
(9, 'PROBABILITY', 'MCC-222', 'BSMATH'),
(10, 'MATHEMATICS OF INVESTMENT', 'MFE-223', 'BSMATH'),
(11, 'QUANTITATIVE METHODS', 'MFE-224', 'BSMATH'),
(12, 'SCIENCE, TECHNOLOGY AND SOCIETY', 'GEC-007', 'BSMATH'),
(13, 'ETHICS', 'GEC-008', 'BSMATH'),
(14, 'INDIVIDUAL AND DUAL SPORTS', 'PE-003', 'BSMATH'),
(15, 'ADVANCED CALCULUS II', 'MCC-321', 'BSMATH'),
(16, 'NUMERICAL ANALYSIS', 'MCC-322', 'BSMATH'),
(17, 'MODERN GEOMETRY (PROJECTIVE GEOMETRY)', 'MCC-323', 'BSMATH'),
(18, 'ABSTRACT ALGEBRA 1', 'MCC-324', 'BSMATH'),
(19, 'FUNDEMENTALS OF COMPUTING I', 'MCC-325', 'BSMATH'),
(20, 'GRAPH THEORY AND APPLICATIONS', 'QEC-326', 'BSMATH'),
(21, 'GENERAL PHYSICS (MECHANICS W/ LABORATORY)', 'NFC-002', 'BSMATH'),
(22, 'TEAM SPORTS', 'PE-004', 'BSMATH'),
(23, 'ON-THE-JOB TRAINING', 'OJT-421', 'BSMATH'),
(24, 'FLUID MECHANICS', 'NFC-003', 'BSMATH'),
(25, 'MATHEMATICS IN THE MODERN WORLD', 'GEC-004', 'BSE-ENG'),
(26, 'PURPOSIVE COMMUNICATION', 'GEC-005', 'BSE-ENG'),
(27, 'STRUCTURE OF ENGLISH', 'ENGL-307', 'BSE-ENG'),
(28, 'GREAT BOOKS', 'GEE-008', 'BSE-ENG'),
(29, 'FACILITATING LEARNER CENTERED TEACHING', 'MS-111', 'BSE-ENG'),
(30, 'LANGUAGE, CULTURE AND SOCIETY', 'ENGL-501', 'BSE-ENG'),
(31, 'RHYTHMIC ACTIVITIES', 'PE-002', 'BSE-ENG'),
(32, 'NATIONAL SERVICE TRAINING PROGRAM 2', 'NSTP-112', 'BSE-ENG'),
(33, 'TRANSLATION', 'ENGL-517', 'BSE-ENG'),
(34, 'THE TEACHER AND THE SCHOOL CURRICULUM', 'MS-115', 'BSE-ENG'),
(35, 'ASSESSMENT IN LEARNING 2', 'MS-114', 'BSE-ENG'),
(36, 'STRUCTURE OF ENGLISH', 'ENGL-307', 'BSE-ENG'),
(37, 'CREATIVE WRITING', 'ENGL-518', 'BSE-ENG'),
(38, 'PRINCIPLES AND THEORIES OF LANGUAGE ACQUISITION AND LEARNING', 'ENGL-502', 'BSE-ENG'),
(39, 'INDIVIDUAL AND DUAL SPORTS', 'PE-003', 'BSE-ENG'),
(40, 'FOUNDATION OF SPECIAL AND INCLUSIVE EDUCATION', 'TC-004', 'BSE-ENG'),
(41, 'MATHEMATICS IN THE MODERN WORLD', 'GEC-004', 'BSE-ENG'),
(42, 'TRANSLATION', 'ENGL-517', 'BSE-ENG'),
(43, 'THE TEACHER AND THE SCHOOL CURRICULUM', 'MS-115', 'BSE-ENG'),
(44, 'ASSESSMENT IN LEARNING 2', 'MS-114', 'BSE-ENG'),
(45, 'STRUCTURE OF ENGLISH', 'ENGL-307', 'BSE-ENG'),
(46, 'CREATIVE WRITING', 'ENGL-518', 'BSE-ENG'),
(47, 'PRINCIPLES AND THEORIES OF LANGUAGE ACQUISITION AND LEARNING', 'ENGL-502', 'BSE-ENG'),
(48, 'INDIVIDUAL AND DUAL SPORTS', 'PE-003', 'BSE-ENG'),
(49, 'FOUNDATION OF SPECIAL AND INCLUSIVE EDUCATION', 'TC-004', 'BSE-ENG'),
(50, 'MATHEMATICS IN THE MODERN WORLD', 'GEC-004', 'BSE-ENG'),
(51, 'ASSESSMENT IN LEARNING 2', 'MS-114', 'BSE-ENG'),
(52, 'TECHNOLOGY FOR TEACHING AND LEARNING 2 (TECHNOLOGY IN LANGUAGE EDUCATION)', 'ENGL-516', 'BSE-ENG'),
(53, 'FIELD STUDY 1 (OBSERVATIONS OF TEACHING-LEARNING IN ACTUAL SCHOOL LEARNING ENVIRONMENT)', 'FS-1', 'BSE-ENG'),
(54, 'SPEECH AND THEATER ARTS', 'ENGL-508', 'BSE-ENG'),
(55, 'TECHNICAL WRITING', 'ENGL-515', 'BSE-ENG'),
(56, 'SURVEY OF ENGLISH AND AMERICAN LITERATURE', 'ENGL-513', 'BSE-ENG'),
(57, 'PRACTICE TEACHING/TEACHING INTERNSHIP', 'PT-111', 'BSE-ENG'),
(58, 'LITERARY CRITICISM', 'ENGL-304', 'BSE-ENG'),
(59, 'GREAT WORKS', 'LIT-006', 'BSE-ENG'),
(60, 'PHILIPPINE INDIGENOUS COMMUNITIES', 'GEE-004', 'BSE-ENG'),
(61, 'SPECIAL TOPICS IN LITERATURE', 'LIT-007', 'BSE-ENG'),
(62, 'WIKA, KULTURA, AT LIPUNAN', 'FIL-113', 'BSE-ENG'),
(63, 'MATHEMATICS IN THE MODERN WORLD', 'GEC-004', 'BSE-SCI'),
(64, 'PURPOSIVE COMMUNICATION', 'GEC-005', 'BSE-SCI'),
(65, 'GREAT BOOKS', 'GEE-008', 'BSE-SCI'),
(66, 'FACILITATING LEARNER CENTERED TEACHING', 'MS-111', 'BSE-SCI'),
(67, 'EARTH SCIENCE', 'MSS-518', 'BSE-SCI'),
(68, 'ASTRONOMY', 'MSS-519', 'BSE-SCI'),
(69, 'ENVIRONMENTAL SCIENCE', 'MSS-520', 'BSE-SCI'),
(70, 'RHTHMIC ACTIVITIES', 'PE-002', 'BSE-SCI'),
(71, 'NATIONAL SERVICE TRAINING PROGRAM 2', 'NSTP-2', 'BSE-SCI'),
(72, 'MATHEMATICS IN THE MODERN WORLD', 'GEC-004', 'BSE-SCI'),
(73, 'PURPOSIVE COMMUNICATION', 'GEC-005', 'BSE-SCI'),
(74, 'GREAT BOOKS', 'GEE-008', 'BSE-SCI'),
(75, 'FACILITATING LEARNER CENTERED TEACHING', 'MS-111', 'BSE-SCI'),
(76, 'EARTH SCIENCE', 'MSS-518', 'BSE-SCI'),
(77, 'ASTRONOMY', 'MSS-519', 'BSE-SCI'),
(78, 'ENVIRONMENTAL SCIENCE', 'MSS-520', 'BSE-SCI'),
(79, 'RHTHMIC ACTIVITIES', 'PE-002', 'BSE-SCI'),
(80, 'NATIONAL SERVICE TRAINING PROGRAM 2', 'NSTP-2', 'BSE-SCI'),
(81, 'THE TEACHER AND THE SCHOOL CURRICULUM', 'MS-115', 'BSE-SCI'),
(82, 'ELECTRICITY AND MAGNETISM', 'MSS-515', 'BSE-SCI'),
(83, 'ASSESSMENT IN LEARNING 2', 'MS-114', 'BSE-SCI'),
(84, 'ORAGNIC CHEMISTRY', 'MBS-322', 'BSE-SCI'),
(85, 'METEOROLOGY', 'MSS-524', 'BSE-SCI'),
(86, 'THERMODYNAMICS', 'MSS-513', 'BSE-SCI'),
(87, 'FACILITATING LEARNER CENTERED TEACHING', 'MS-111', 'BSE-SCI'),
(88, 'INDIVIDUAL AND DUAL SPORTS', 'PE-003', 'BSE-SCI'),
(89, 'WAVES AND OPTICS', 'MSS-516', 'BSE-SCI'),
(90, 'OBSERVATION OF TEACHING-LEARNING IN ACTUAL SCHOOL ENVIRONMENT', 'FS-1', 'BSE-SCI'),
(91, 'CELL AND MOLECULAR BIOLOGY', 'MSS-511', 'BSE-SCI'),
(92, 'TECHNOLOGY FOR TEACHING AND LEARNING SCIENCE', 'MSS-522', 'BSE-SCI'),
(93, 'BIOCHEMISTRY', 'MBS-331b', 'BSE-SCI'),
(94, 'ASSESSMENT IN LEARNING 2', 'MS-114', 'BSE-SCI'),
(95, 'WAVES AND OPTICS', 'MSS-516', 'BSE-SCI'),
(96, 'OBSERVATION OF TEACHING-LEARNING IN ACTUAL SCHOOL ENVIRONMENT', 'FS-1', 'BSE-SCI'),
(97, 'CELL AND MOLECULAR BIOLOGY', 'MSS-511', 'BSE-SCI'),
(98, 'TECHNOLOGY FOR TEACHING AND LEARNING SCIENCE', 'MSS-522', 'BSE-SCI'),
(99, 'BIOCHEMISTRY', 'MBS-331b', 'BSE-SCI'),
(100, 'ASSESSMENT IN LEARNING 2', 'MS-114', 'BSE-SCI'),
(101, 'PRACTICE TEACHING/TEACHING INTERNSHIP', 'PT-111', 'BSE-SCI'),
(102, 'RESEARCH IN TEACHING SCIENCE', 'MSS-523', 'BSE-SCI'),
(103, 'ART APPRECIATION', 'GEC-006', 'BSE-SCI'),
(104, 'WIKA, KULTURA, AT LIPUNAN', 'FIL-113', 'BSE-SCI'),
(105, 'GREAT WORKS', 'LIT-006', 'BSE-SCI'),
(106, 'SPECIAL TOPICS IN LITERATURE', 'LIT-007', 'BSE-SCI'),
(107, 'PRACTICE TEACHING/TEACHING INTERNSHIP', 'PT-111', 'BSE-SCI'),
(108, 'RESEARCH IN TEACHING SCIENCE', 'MSS-523', 'BSE-SCI'),
(109, 'ART APPRECIATION', 'GEC-006', 'BSE-SCI'),
(110, 'WIKA, KULTURA, AT LIPUNAN', 'FIL-113', 'BSE-SCI'),
(111, 'GREAT WORKS', 'LIT-006', 'BSE-SCI'),
(112, 'SPECIAL TOPICS IN LITERATURE', 'LIT-007', 'BSE-SCI'),
(113, 'UNDERSTANDING THE SELF', 'GEC-001', 'BECED'),
(114, 'PURPOSIVE COMMUNICATION', 'GEC-005', 'BECED'),
(115, 'THE CONTEMPORARY WORLD', 'GEC-003', 'BECED'),
(116, 'GREAT BOOKS', 'GEE-008', 'BECED'),
(117, 'CONTENT AND PEDAGOGY IN THE MOTHER TONGUE BASED MULTILINGUAL EDUCATION', 'ECE-21', 'BECED'),
(118, 'PLAY AND DEVELOPMENTALLY APPROPRIATE PRACTICES IN EARLY CHILDHOOD EDUCATION', 'ECE-004', 'BECED'),
(119, 'THE TEACHING PROFESSION', 'TC-004B', 'BECED'),
(120, 'RHYTHMIC ACTIVITIES', 'PE-002', 'BECED'),
(121, 'NATIONAL SERVICE TRAINING PROGRAM 2', 'NSTP-112', 'BECED'),
(122, 'ASSESSMENT IN LEARNING 2', 'MS-114', 'BECED'),
(123, 'TECHNOLOGY FOR TEACHING AND LEARNING 1', 'MS-113', 'BECED'),
(124, 'LITERACY DEVELOPMENT', 'ECE-010', 'BECED'),
(125, 'HEALTH, NUTRITION AND SAFETY', 'ECE-002', 'BECED'),
(126, 'INCLUSIVE EDUCATION IN EARLY CHILDHOOS SETTINGS', 'ECE-007', 'BECED'),
(127, 'THE TEACHER AND THE COMMUNITY, SCHOOL CULTURE AND ORGANIZATIONAL LEADERSHIP', 'TC-003', 'BECED'),
(128, 'NUMERACY DEVELOPMENT', 'ECE-006', 'BECED'),
(129, 'INDIVIDUAL AND DUAL SPORTS', 'PE-003', 'BECED'),
(130, 'CHILDREN\'S LITERATURE', 'ECE-008', 'BECED'),
(131, 'ASSESSMENT IN LEARNING 2', 'MS-114', 'BECED'),
(132, 'GUIDING CHILDREN\'S BEHAVIOR AND MORAL DEVELOPMENT', 'ECE-015', 'BECED'),
(133, 'EARLY LEARNING ENVIRONMENT', 'ECE-017', 'BECED'),
(134, 'INTEGRATIVE TEACHING STRATEGIES', 'SPT-111', 'BECED'),
(135, 'FIELD STUDY 1 (OBSERVATION OF TEACHING-LEARNING IN ACTUAL SCHOOL ENVIRONMENT)', 'FS-1', 'BECED'),
(136, 'TECHNOLOGY FOR TEACHING AND LEARNING 2 (UTILIZATION OF IT IN ECED)', 'ECE-012', 'BECED'),
(137, 'FACILITATING LEARNER CENTERED TEACHING', 'MS-111', 'BECED'),
(138, 'PRACTICE TEACHING/TEACHING INTERNSHIP', 'PT-111', 'BECED'),
(139, 'MANAGEMENT OF EARLY CHILDHOOD EDUCATION PROGRAMS', 'ECE-018', 'BECED'),
(140, 'WIKA, KULTURA, AT LIPUNAN', 'FIL-113', 'BECED'),
(141, 'SPECIAL TOPICS IN LITERATURE', 'LIT-007', 'BECED'),
(142, 'GREAT WORKS', 'LIT-006', 'BECED'),
(143, 'MATHEMATICS IN THE MODERN WORLD', 'GEC-004', 'BTLED-HE'),
(144, 'PURPOSIVE COMMUNICATION', 'GEC-005', 'BTLED-HE'),
(145, 'GREAT BOOKS', 'GEE-008', 'BTLED-HE'),
(146, 'FACILITATING LEARNER-CENTRED TEACHING WITH EMPHASIS ON TRAINER\'S METHODOLOGY 1', 'MS-111a', 'BTLED-HE'),
(147, 'INTRODUCTION TO INDUSTRIAL ARTS 1', 'TLE-022', 'BTLED-HE'),
(148, 'ART APPRECIATION', 'GEC-006', 'BTLED-HE'),
(149, 'INTRODUCTION TO ICT SPECIALIZATION 1', 'TLE-024', 'BTLED-HE'),
(150, 'RHYTHMIC ACTIVITIES', 'PE-002', 'BTLED-HE'),
(151, 'NATIONAL SERVICE TRAINING PROGRAM 2', 'NSTP-112', 'BTLED-HE'),
(152, 'INTRODUCTION TO ICT SPECIALIZATION 2', 'TLE-025', 'BTLED-HE'),
(153, 'ASSESSMENT IN LEARNING 2 WITH FOCUS ON TM 1 & 2', 'MS-114A', 'BTLED-HE'),
(154, 'FOUNDATION OF SPECIAL AND INCLUSIVE EDUCATION', 'TC-004', 'BTLED-HE'),
(155, 'INTRODUCTION TO AGRICULTURE AND FISHERY ARTS 2', 'TLE-030', 'BTLED-HE'),
(156, 'PRINCIPLES OF FOOD PREPARATION', 'TLE-031', 'BTLED-HE'),
(157, 'INTRODUCTION TO INDUSTRIAL ARTS 2', 'TLE-023', 'BTLED-HE'),
(158, 'TECHNOLOGY FOR TEACHING AND LEARNING 2', 'TLE-035', 'BTLED-HE'),
(159, 'CHILD AND ADOLESCENT DEVELOPMENT', 'TC-001B', 'BTLED-HE'),
(160, 'INDIVIDUAL AND DUAL SPORTS', 'PE-003', 'BTLED-HE'),
(161, 'TECHNOLOGY FOR TEACHING AND LEARNING 2', 'TLE-035', 'BTLED-HE'),
(162, 'TECHNOLOGY RESEARCH 2 (RESEARCH 2/THESIS/RESEARCH PAPER/PROJECT)', 'TLE-042B', 'BTLED-HE'),
(163, 'INTRODUCTION TO AGRICULTURE AND FISHERY ARTS 2', 'TLE-030', 'BTLED-HE'),
(164, 'FOOD AND NUTRITION', 'TLE-032', 'BTLED-HE'),
(165, 'CLOTHING SELECTION, PURCHASE AND CARE', 'TLE-040', 'BTLED-HE'),
(166, 'FIELD STUDY 1 (OBSERVATION OF TEACHING LEARNING IN ACTUAL SCHOOL ENVIRONMENT)', 'FS-1', 'BTLED-HE'),
(167, 'ASSESSMENT IN LEARNING 2 WITH FOCUS ON TM 1 & 2', 'MS-114A', 'BTLED-HE'),
(168, 'PRACTICE TEACHING/TEACHING INTERNSHIP', 'PT-111', 'BTLED-HE'),
(169, 'CLOTHING CONSTRUCTION', 'TLE-041', 'BTLED-HE'),
(170, 'WIKA, KULTURA AT LIPUNAN', 'FIL-113', 'BTLED-HE'),
(171, 'GREAT WORKS', 'LIT-006', 'BTLED-HE'),
(172, 'SPECIAL TOPICS IN LITERATURE', 'LIT-007', 'BTLED-HE'),
(173, 'MATHEMATICS IN THE MODERN WORLD', 'GEC-004', 'BSEENG-CHI'),
(174, 'PURPOSIVE COMMUNICATION', 'GEC-005', 'BSEENG-CHI'),
(175, 'STRUCTURE OF ENGLISH', 'ENGL-307', 'BSEENG-CHI'),
(176, 'FACILITATING LEARNER-CENTERED TEACHING', 'MS-111', 'BSEENG-CHI'),
(177, 'LANGUAGE, CULTURE, AND SOCIETY', 'ENGL-501', 'BSEENG-CHI'),
(178, 'RHYTHMIC ACTIVITIES', 'PE-002', 'BSEENG-CHI'),
(179, 'NATIONAL SERVICE TRAINING PROGRAM 2', 'NSTP-112', 'BSEENG-CHI'),
(180, 'BASIC COURSE 2 (HQU)', 'CHI-003', 'BSEENG-CHI'),
(181, 'PRACTICE COURSE 2 (HQU)', 'CHI-004', 'BSEENG-CHI'),
(182, 'VOCABULARY COURSE 1 (HQU)', 'CHI-005', 'BSEENG-CHI'),
(183, 'PRACTICE TEACHING/TEACHING INTERNSHIP', 'PT-111', 'BSEENG-CHI'),
(184, 'LANGUAGE EDUCATION RESEARCH', 'ENGL-509', 'BSEENG-CHI'),
(185, 'CAMPUS JOURNALISM', 'ENGL-204', 'BSEENG-CHI'),
(186, 'TEACHING AND ASSESSMENT OF LITERATURE STUDIES', 'ENGL-505', 'BSEENG-CHI'),
(187, 'WIKA, KULTURA, AT LIPUNAN', 'FIL-113', 'BSEENG-CHI'),
(188, 'GREAT WORKS', 'LIT-006', 'BSEENG-CHI'),
(189, 'SPECIAL TOPICS IN LITERATURE', 'LIT-007', 'BSEENG-CHI'),
(190, 'THE CONTEMPORARY WORLD', 'GEC-003', 'BACOMM'),
(191, 'MATHEMATICS IN THE MODERN WORLD', 'GEC-004', 'BACOMM'),
(192, 'ART APPRECIATION', 'GEC-006', 'BACOMM'),
(194, 'FILIPINO SA IBA\'T-IBANG DISIPLINA', 'FIL-002', 'BACOMM'),
(195, 'RHYTHMIC ACTIVITIES', 'PE-002', 'BACOMM'),
(196, 'CWTS 2', 'NSTP-122', 'BACOMM'),
(197, 'THE CONTEMPORARY WORLD', 'GEC-003', 'BACOMM'),
(198, 'MATHEMATICS IN THE MODERN WORLD', 'GEC-004', 'BACOMM'),
(199, 'ART APPRECIATION', 'GEC-006', 'BACOMM'),
(200, 'COMMUNICATIONS, CULTURE & SOCIETY', 'ABC-121', 'BACOMM'),
(201, 'FILIPINO SA IBA\'T-IBANG DISIPLINA', 'FIL-002', 'BACOMM'),
(202, 'RHYTHMIC ACTIVITIES', 'PE-002', 'BACOMM'),
(203, 'CWTS 2', 'NSTP-122', 'BACOMM'),
(204, 'ETHICS', 'GEC-008', 'BACOMM'),
(205, 'WORLD HISTORY', 'SSE-001', 'BACOMM'),
(206, 'COMMUNICATION MEDIA LAWS AND ETHICS', 'ABC-221', 'BACOMM'),
(207, 'PUBLIC RELATIONS PRINCIPLES AND PRACTICES', 'ABC-222', 'BACOMM'),
(208, 'CROSS-CULTURAL COMMUNICATION', 'ABC-223', 'BACOMM'),
(209, 'TELEMARKETING TRAINING W/ IMMERSION', 'CIC-222', 'BACOMM'),
(210, 'INDIVIDUAL AND DUAL SPORTS', 'PE-003', 'BACOMM'),
(211, 'ECONOMICS', 'SSE-004', 'BACOMM'),
(212, 'COMMUNITY DEVELOPMENT', 'SSE-005', 'BACOMM'),
(213, 'RISK, DISASTER & HUMANITARIAN COMM.', 'ABC-321', 'BACOMM'),
(214, 'INTRO. TO FILM', 'ABC-322', 'BACOMM'),
(215, 'BEHAVIORAL AND SOCIAL CHANGE', 'ABC-323', 'BACOMM'),
(216, 'TEAM SPORTS', 'PE-004', 'BACOMM'),
(217, 'THESIS PRESENTATION AND PUBLICATION', 'ABC-421', 'BACOMM'),
(218, 'COMMUNICATION MANAGEMENT', 'ABC-422', 'BACOMM'),
(219, 'KNOWLEDGE MANAGEMENT', 'ABC-423', 'BACOMM'),
(220, 'ETHICS WITH PEACE STUDY', 'GEC-008', 'BPA'),
(221, 'INTRODUCTION TO PUBLIC ADMINISTRATION', 'PAC-111', 'BPA'),
(222, 'ART APPRECIATION', 'GEC-006', 'BPA'),
(223, 'SCIENCE, TECHNOLOGY AND SOCIETY', 'GEC-007', 'BPA'),
(224, 'LIVING IN THE IT ERA', 'GEE-002', 'BPA'),
(225, 'RHYTHMIC ACTIVITIES', 'PE-002', 'BPA'),
(226, 'NSTP-CWTS 2', 'NSTP-122', 'BPA'),
(227, 'ETHICS WITH PEACE STUDY', 'GEC-008', 'BPA'),
(228, 'INTRODUCTION TO PUBLIC ADMINISTRATION', 'PAC-111', 'BPA'),
(229, 'ART APPRECIATION', 'GEC-006', 'BPA'),
(230, 'SCIENCE, TECHNOLOGY AND SOCIETY', 'GEC-007', 'BPA'),
(231, 'LIVING IN THE IT ERA', 'GEE-002', 'BPA'),
(232, 'RHYTHMIC ACTIVITIES', 'PE-002', 'BPA'),
(233, 'NSTP-CWTS 2', 'NSTP-122', 'BPA'),
(234, 'PUBLIC FISCAL ADMINISTRATION', 'PAC-005', 'BPA'),
(235, 'VOLUNTARY SECTOR MANAGEMENT', 'PAE-002', 'BPA'),
(236, 'KNOWLEDGE MANAGEMENT & ICT FOR PA', 'PAC-004', 'BPA'),
(237, 'LIFE AND WORKS OF RIZAL', 'GEM-001', 'BPA'),
(238, 'LAW ON OBLIGATIONS AND CONTRACTS', 'LAW-001', 'BPA'),
(239, 'PUBLIC ENTERPRISE', 'PAE-003', 'BPA'),
(240, 'INDIVIDUAL AND DUAL SPORTS', 'PE-003', 'BPA'),
(241, 'PUBLIC FISCAL ADMINISTRATION', 'PAC-005', 'BPA'),
(242, 'VOLUNTARY SECTOR MANAGEMENT', 'PAE-002', 'BPA'),
(243, 'KNOWLEDGE MANAGEMENT & ICT FOR PA', 'PAC-004', 'BPA'),
(244, 'LIFE AND WORKS OF RIZAL', 'GEM-001', 'BPA'),
(245, 'LAW ON OBLIGATIONS AND CONTRACTS', 'LAW-001', 'BPA'),
(246, 'PUBLIC ENTERPRISE', 'PAE-003', 'BPA'),
(247, 'INDIVIDUAL AND DUAL SPORTS', 'PE-003', 'BPA'),
(248, 'POLITICS AND ADMINISTRATION', 'PAC-012', 'BPA'),
(249, 'ORGANIZATION AND MANAGEMENT', 'PAC-011', 'BPA'),
(250, 'PUBLIC ACCOUNTING AND BUDGETING', 'PAC-013', 'BPA'),
(251, 'PRACTICUM IN PA (NATIONAL GOVERNMENT )', 'PAP-002', 'BPA'),
(252, 'RESEARCH METHODS IN PUBLIC ADMINISTRATION (PA) 1', 'PAC-014', 'BPA'),
(253, 'TEAM SPORTS', 'PE-004', 'BPA'),
(254, 'ADMINISTRATIVE LAW', 'PAC-010', 'BPA'),
(255, 'POLITICS AND ADMINISTRATION', 'PAC-012', 'BPA'),
(256, 'ORGANIZATION AND MANAGEMENT', 'PAC-011', 'BPA'),
(257, 'PUBLIC ACCOUNTING AND BUDGETING', 'PAC-013', 'BPA'),
(258, 'PRACTICUM IN PA (NATIONAL GOVERNMENT )', 'PAP-002', 'BPA'),
(259, 'RESEARCH METHODS IN PUBLIC ADMINISTRATION (PA) 1', 'PAC-014', 'BPA'),
(260, 'TEAM SPORTS', 'PE-004', 'BPA'),
(261, 'ADMINISTRATIVE LAW', 'PAC-010', 'BPA'),
(262, 'POLITICS AND ADMINISTRATION', 'PAC-012', 'BPA'),
(263, 'ORGANIZATION AND MANAGEMENT', 'PAC-011', 'BPA'),
(264, 'PUBLIC ACCOUNTING AND BUDGETING', 'PAC-013', 'BPA'),
(265, 'PRACTICUM IN PA (NATIONAL GOVERNMENT )', 'PAP-002', 'BPA'),
(266, 'RESEARCH METHODS IN PUBLIC ADMINISTRATION (PA) 1', 'PAC-014', 'BPA'),
(267, 'TEAM SPORTS', 'PE-004', 'BPA'),
(268, 'ADMINISTRATIVE LAW', 'PAC-010', 'BPA'),
(269, 'ETHICS AND ACCOUNTABILITY IN PUBLIC SERVICE', 'PAC-019', 'BPA'),
(270, 'PUBLIC POLICY AND PROGRAM ADMINISTRATION', 'PAC-018', 'BPA'),
(271, 'SPECIAL TOPICS FOR PUBLIC ADMINISTRATION', 'PAC-016', 'BPA'),
(272, 'ETHICS AND ACCOUNTABILITY IN PUBLIC SERVICE', 'PAC-019', 'BPA'),
(273, 'PUBLIC POLICY AND PROGRAM ADMINISTRATION', 'PAC-018', 'BPA'),
(274, 'SPECIAL TOPICS FOR PUBLIC ADMINISTRATION', 'PAC-016', 'BPA'),
(275, 'ETHICS AND ACCOUNTABILITY IN PUBLIC SERVICE', 'PAC-019', 'BPA'),
(276, 'PUBLIC POLICY AND PROGRAM ADMINISTRATION', 'PAC-018', 'BPA'),
(277, 'SPECIAL TOPICS FOR PUBLIC ADMINISTRATION', 'PAC-016', 'BPA'),
(278, 'INTRODUCTION TO PSYCHOLOGY', 'PBC121', 'BSPSYCH'),
(279, 'READINGS IN THE PHILIPPINE HISTORY', 'GEC002', 'BSPSYCH'),
(280, 'ETHICS WITH PEACE STUDIES', 'GEC008', 'BSPSYCH'),
(281, 'ART APPRECIATION', 'GEC006', 'BSPSYCH'),
(282, 'CONTEMPORARY WORLD', 'GEC003', 'BSPSYCH'),
(283, 'HEALTH CARE SERVICES AND PREPARATION', 'HCS111', 'BSPSYCH'),
(284, 'NSTP-CWTS', 'NSTP11', 'BSPSYCH'),
(285, 'RHYTHMIC ACTIVITIES', 'PE002', 'BSPSYCH'),
(286, 'INTRODUCTION TO PSYCHOLOGY', 'PBC121', 'BSPSYCH'),
(287, 'READINGS IN THE PHILIPPINE HISTORY', 'GEC002', 'BSPSYCH'),
(288, 'ETHICS WITH PEACE STUDIES', 'GEC008', 'BSPSYCH'),
(289, 'ART APPRECIATION', 'GEC006', 'BSPSYCH'),
(290, 'CONTEMPORARY WORLD', 'GEC003', 'BSPSYCH'),
(291, 'HEALTH CARE SERVICES AND PREPARATION', 'HCS111', 'BSPSYCH'),
(292, 'NSTP-CWTS', 'NSTP11', 'BSPSYCH'),
(293, 'RHYTHMIC ACTIVITIES', 'PE002', 'BSPSYCH'),
(294, 'PSYCHOLOGICAL STATISTICS II (NON-PARAMETRICS)', 'PBC221', 'BSPSYCH'),
(295, 'THEORIES OF PERSONALITY', 'PRC221', 'BSPSYCH'),
(296, 'COGNITIVE PSYCHOLOGY', 'PRC222', 'BSPSYCH'),
(297, 'EXPIREMENTAL PSYCHOLOGY', 'PRC223', 'BSPSYCH'),
(298, 'GENETICS', 'NSC222', 'BSPSYCH'),
(299, 'FILM AND LITERATURE', 'LIT004', 'BSPSYCH'),
(300, 'LIFE AND WORKS OF RIZAL', 'GEM001', 'BSPSYCH'),
(301, 'INDIVIDUAL DUAL SPORTS', 'PE003', 'BSPSYCH'),
(302, 'PSYCHOLOGICAL STATISTICS II (NON-PARAMETRICS)', 'PBC221', 'BSPSYCH'),
(303, 'THEORIES OF PERSONALITY', 'PRC221', 'BSPSYCH'),
(304, 'COGNITIVE PSYCHOLOGY', 'PRC222', 'BSPSYCH'),
(305, 'EXPIREMENTAL PSYCHOLOGY', 'PRC223', 'BSPSYCH'),
(306, 'GENETICS', 'NSC222', 'BSPSYCH'),
(307, 'FILM AND LITERATURE', 'LIT004', 'BSPSYCH'),
(308, 'LIFE AND WORKS OF RIZAL', 'GEM001', 'BSPSYCH'),
(309, 'INDIVIDUAL DUAL SPORTS', 'PE003', 'BSPSYCH'),
(310, 'PSYCHOLOGICAL ASSESEMENT', 'PRC321', 'BSPSYCH'),
(311, 'SIKOLOHIYANG PILIPINO', 'PRC322', 'BSPSYCH'),
(312, 'RESEARCH IN PSYCHOLOGY I', 'PRC323', 'BSPSYCH'),
(313, 'INTRODUCTION TO COUNSELING', 'PEC002', 'BSPSYCH'),
(314, 'COMPARATIVE VERTEBRATE ANATOMY', 'NSC313', 'BSPSYCH'),
(315, 'CLINICAL PSYCHOLOGY', 'PEC003', 'BSPSYCH'),
(316, 'TEAM SPORTS', 'PE004', 'BSPSYCH'),
(317, 'PSYCHOLOGICAL ASSESEMENT', 'PRC321', 'BSPSYCH'),
(318, 'SIKOLOHIYANG PILIPINO', 'PRC322', 'BSPSYCH'),
(319, 'RESEARCH IN PSYCHOLOGY I', 'PRC323', 'BSPSYCH'),
(320, 'INTRODUCTION TO COUNSELING', 'PEC002', 'BSPSYCH'),
(321, 'COMPARATIVE VERTEBRATE ANATOMY', 'NSC313', 'BSPSYCH'),
(322, 'CLINICAL PSYCHOLOGY', 'PEC003', 'BSPSYCH'),
(323, 'TEAM SPORTS', 'PE004', 'BSPSYCH'),
(324, 'PSYCHOLOGICAL ASSESEMENT', 'PRC321', 'BSPSYCH'),
(325, 'SIKOLOHIYANG PILIPINO', 'PRC322', 'BSPSYCH'),
(326, 'RESEARCH IN PSYCHOLOGY I', 'PRC323', 'BSPSYCH'),
(327, 'INTRODUCTION TO COUNSELING', 'PEC002', 'BSPSYCH'),
(328, 'COMPARATIVE VERTEBRATE ANATOMY', 'NSC313', 'BSPSYCH'),
(329, 'CLINICAL PSYCHOLOGY', 'PEC003', 'BSPSYCH'),
(330, 'TEAM SPORTS', 'PE004', 'BSPSYCH'),
(331, 'INTEGRATED PSYCHOLOGY II', 'PCA422', 'BSPSYCH'),
(332, 'PHYSIOLOGICAL/BIOLOGICAL PSYCHOLOGY', 'PRC422', 'BSPSYCH'),
(333, 'INTEGRATED PSYCHOLOGY II', 'PCA422', 'BSPSYCH'),
(334, 'PHYSIOLOGICAL/BIOLOGICAL PSYCHOLOGY', 'PRC422', 'BSPSYCH'),
(335, 'INTRODUCTION TO PSYCHOLOGY', 'PBC121', 'BSPSYCH'),
(336, 'READINGS IN THE PHILIPINE HISTORY', 'GEC002', 'BSPSYCH'),
(337, 'ART APPRECIATION', 'GEC006', 'BSPSYCH'),
(338, 'MATHEMATICS IN THE MODERN WORLD', 'GEC004', 'BSPSYCH'),
(339, 'SCIENCE, TECHNOLOGY AND SOCIETY', 'GEC007', 'BSPSYCH'),
(340, 'HEALTH CARE SERVICES AND PREPARATION', 'HCS111', 'BSPSYCH'),
(341, 'NSTP-CWTS', 'NSTP112', 'BSPSYCH'),
(342, 'RHYTMIC ACTIVITIES', 'PE002', 'BSPSYCH'),
(343, 'INTRODUCTION TO PSYCHOLOGY', 'PBC121', 'BSPSYCH'),
(344, 'READINGS IN THE PHILIPINE HISTORY', 'GEC002', 'BSPSYCH'),
(345, 'ART APPRECIATION', 'GEC006', 'BSPSYCH'),
(346, 'MATHEMATICS IN THE MODERN WORLD', 'GEC004', 'BSPSYCH'),
(347, 'SCIENCE, TECHNOLOGY AND SOCIETY', 'GEC007', 'BSPSYCH'),
(348, 'HEALTH CARE SERVICES AND PREPARATION', 'HCS111', 'BSPSYCH'),
(349, 'NSTP-CWTS', 'NSTP112', 'BSPSYCH'),
(350, 'RHYTMIC ACTIVITIES', 'PE002', 'BSPSYCH'),
(351, 'PSYCHOLOGICAL STATISTICS I (PARAMETRICS)', 'PBC211', 'BSPSYCH'),
(352, 'COGNITIVE PSYCHOLOGY', 'PRC222', 'BSPSYCH'),
(353, 'UNDERSTANDING MENTAL HEALTH ACROSS LIFE SPAN', 'CMH111', 'BSPSYCH'),
(354, 'GENETICS', 'NSC222', 'BSPSYCH'),
(355, 'GENDER AND SOCIETY', 'GEE002', 'BSPSYCH'),
(356, 'THEORIES OF PERSONALITY', 'PRC221', 'BSPSYCH'),
(357, 'INDIGENOUS CREATIVE CRAFTS', 'GEE003', 'BSPSYCH'),
(358, 'INDIVIDUAL AND DUAL SPORTS', 'PE-003', 'BSPSYCH'),
(359, 'INTRODUCTION TO PSYCHOLOGY', 'PBC121', 'ABBS'),
(360, 'READINGS IN THE PHILIPINE HISTORY', 'GEC002', 'ABBS'),
(361, 'ART APPRECIATION', 'GEC006', 'ABBS'),
(362, 'MATHEMATICS IN THE MODERN WORLD', 'GEC004', 'ABBS'),
(363, 'SCIENCE, TECHNOLOGY AND SOCIETY', 'GEC007', 'ABBS'),
(364, 'HEALTH CARE SERVICES AND PREPARATION', 'HCS111', 'ABBS'),
(365, 'NSTP-CWTS', 'NSTP112', 'ABBS'),
(366, 'RHYTMIC ACTIVITIES', 'PE002', 'ABBS'),
(367, 'INTRODUCTION TO PSYCHOLOGY', 'PBC121', 'ABBS'),
(368, 'READINGS IN THE PHILIPINE HISTORY', 'GEC002', 'ABBS'),
(369, 'ART APPRECIATION', 'GEC006', 'ABBS'),
(370, 'MATHEMATICS IN THE MODERN WORLD', 'GEC004', 'ABBS'),
(371, 'SCIENCE, TECHNOLOGY AND SOCIETY', 'GEC007', 'ABBS'),
(372, 'HEALTH CARE SERVICES AND PREPARATION', 'HCS111', 'ABBS'),
(373, 'NSTP-CWTS', 'NSTP112', 'ABBS'),
(374, 'RHYTMIC ACTIVITIES', 'PE002', 'ABBS'),
(375, 'PSYCHOLOGICAL STATISTICS I (PARAMETRICS)', 'PBC211', 'ABBS'),
(376, 'COGNITIVE PSYCHOLOGY', 'PRC222', 'ABBS'),
(377, 'UNDERSTANDING MENTAL HEALTH ACROSS LIFE SPAN', 'CMH111', 'ABBS'),
(378, 'GENETICS', 'NSC222', 'ABBS'),
(379, 'GENDER AND SOCIETY', 'GEE002', 'ABBS'),
(380, 'THEORIES OF PERSONALITY', 'PRC221', 'ABBS'),
(381, 'INDIGENOUS CREATIVE CRAFTS', 'GEE003', 'ABBS'),
(382, 'INDIVIDUAL AND DUAL SPORTS', 'PE-003', 'ABBS'),
(383, 'BEHAVIOURAL SCIENCE RESEARCH II', 'BRC312', 'ABBS'),
(384, 'PROGRAM DEVELOPMENT, IMPLEMENTATION AND MGT', 'BRC315', 'ABBS'),
(385, 'INSTITUIONAL DYNAMICS AND TRANSFORMATION', 'BRC323', 'ABBS'),
(386, 'ORGANIZATIONAL DEVELOPMENT', 'BRC324', 'ABBS'),
(387, 'LAWS OBLIGATIONS AND CONTRACTS', 'BEC002', 'ABBS'),
(388, 'INTRODUCTION TO SOCIAL WORK', 'PSY323', 'ABBS'),
(389, 'TEAM SPORTS', 'PE004', 'ABBS'),
(390, 'BEHAVIOURAL SCIENCE RESEARCH II', 'BRC312', 'ABBS'),
(391, 'PROGRAM DEVELOPMENT, IMPLEMENTATION AND MGT', 'BRC315', 'ABBS'),
(392, 'INSTITUIONAL DYNAMICS AND TRANSFORMATION', 'BRC323', 'ABBS'),
(393, 'ORGANIZATIONAL DEVELOPMENT', 'BRC324', 'ABBS'),
(394, 'LAWS OBLIGATIONS AND CONTRACTS', 'BEC002', 'ABBS'),
(395, 'INTRODUCTION TO SOCIAL WORK', 'PSY323', 'ABBS'),
(396, 'TEAM SPORTS', 'PE004', 'ABBS'),
(397, 'HUMAN RESOURCE MANAGEMENT & DEVELOPMENT', 'BRC412', 'ABBS'),
(398, 'SEMINARS IN BEHAVIORAL SCIENCES 2', 'BEC004', 'ABBS'),
(399, 'HUMAN RESOURCE MANAGEMENT & DEVELOPMENT', 'BRC412', 'ABBS'),
(400, 'SEMINARS IN BEHAVIORAL SCIENCES 2', 'BEC004', 'ABBS'),
(401, 'COMPUTER PROGRAMMING 2', 'CCS-103', 'BSIT'),
(402, 'WEB SYSTEMS AND TECHNOLOGY', 'CCS-107', 'BSIT'),
(403, 'TECHNICAL COMPUTER CONCEPT', 'CCS-108', 'BSIT'),
(404, 'RHYTHMIC ACTIVITIES', 'PE-002', 'BSIT'),
(405, 'NSTP', 'NSTP-122', 'BSIT'),
(406, 'COLLEGE ALGEBRA', 'PR-001', 'BSIT'),
(407, 'CONTEMPORARY WORLD', 'GEC-003', 'BSIT'),
(408, 'COMPUTER PROGRAMMING 2', 'CCS-103', 'BSIT'),
(409, 'WEB SYSTEMS AND TECHNOLOGY', 'CCS-107', 'BSIT'),
(410, 'TECHNICAL COMPUTER CONCEPT', 'CCS-108', 'BSIT'),
(411, 'RHYTHMIC ACTIVITIES', 'PE-002', 'BSIT'),
(412, 'NSTP', 'NSTP-122', 'BSIT'),
(413, 'COLLEGE ALGEBRA', 'PR-001', 'BSIT'),
(414, 'CONTEMPORARY WORLD', 'GEC-003', 'BSIT'),
(415, 'TECHNICAL COMPUTER CONCEPT', 'CCS-108', 'BSIT'),
(416, 'APPLICATION DEVELOPMENT AND EMERGING TECHNOLOGIES', 'CCS-106', 'BSIT'),
(417, 'INTEGRATIVE PROGRAMING AND TECHNOLOGIES', 'IT-101', 'BSIT'),
(418, 'ADVANCE DATABASE SYSTEMS', 'IT-102', 'BSIT'),
(419, 'COMPUTER SYSTEM ORGANIZATION', 'IT-103', 'BSIT'),
(420, 'NETWORKING 2', 'IT-104', 'BSIT'),
(421, 'INDIVIDUAL AND DUAL SPORTS', 'PE-003', 'BSIT'),
(422, 'SCIENCE, TECHNOLOGY AND SOCIETY', 'GEC-007', 'BSIT'),
(423, 'APPLICATION DEVELOPMENT AND EMERGING TECHNOLOGIES', 'CCS-106', 'BSIT'),
(424, 'INTEGRATIVE PROGRAMING AND TECHNOLOGIES', 'IT-101', 'BSIT'),
(425, 'ADVANCE DATABASE SYSTEMS', 'IT-102', 'BSIT'),
(426, 'COMPUTER SYSTEM ORGANIZATION', 'IT-103', 'BSIT'),
(427, 'NETWORKING 2', 'IT-104', 'BSIT'),
(428, 'INDIVIDUAL AND DUAL SPORTS', 'PE-003', 'BSIT'),
(429, 'SCIENCE, TECHNOLOGY AND SOCIETY', 'GEC-007', 'BSIT'),
(430, 'OPERATING SYSTEM & APPLICATION', 'CCS-112', 'BSIT'),
(431, 'INTRODUCTION TO HUMAN COMPUTER INTERACTION', 'CCS-123', 'BSIT'),
(432, 'SOFTWARE ENGINEERING', 'CCS-125', 'BSIT'),
(433, 'SYSTEM ADMINISTRATION AND MAINTENANCE', 'IT-107', 'BSIT'),
(434, 'INFORMATION ASSURANCE AND SECURITY 2', 'IT-108', 'BSIT'),
(435, 'IT MAJOR ELECTIVE 2 (ARDUINO PROGRAMMING)', 'IT-109', 'BSIT'),
(436, 'METHODS OF RESEARCH', 'PR-003', 'BSIT'),
(437, 'TEAM SPORTS', 'PE-004', 'BSIT'),
(438, 'PURPOSIVE COMMUNICATION', 'GEC-005', 'BSIT'),
(439, 'OPERATING SYSTEM & APPLICATION', 'CCS-112', 'BSIT'),
(440, 'INTRODUCTION TO HUMAN COMPUTER INTERACTION', 'CCS-123', 'BSIT'),
(441, 'SOFTWARE ENGINEERING', 'CCS-125', 'BSIT'),
(442, 'SYSTEM ADMINISTRATION AND MAINTENANCE', 'IT-107', 'BSIT'),
(443, 'INFORMATION ASSURANCE AND SECURITY 2', 'IT-108', 'BSIT'),
(444, 'IT MAJOR ELECTIVE 2 (ARDUINO PROGRAMMING)', 'IT-109', 'BSIT'),
(445, 'METHODS OF RESEARCH', 'PR-003', 'BSIT'),
(446, 'TEAM SPORTS', 'PE-004', 'BSIT'),
(447, 'PURPOSIVE COMMUNICATION', 'GEC-005', 'BSIT'),
(448, 'PRACTICUM 2', 'CCS-114B', 'BSIT'),
(449, 'CAPSTONE PROJECT AND RESEARCH 2', 'CCS-120', 'BSIT'),
(450, 'IT ADVANCED SPECIAL TOPICS', 'IT-114', 'BSIT'),
(451, 'IT MAJOR ELECTIVE 4 (PLATFORM TECHNOLOGY)', 'IT-115', 'BSIT'),
(452, 'CURRENT TRENDS IN IT AND SEMINAR', 'CCS-115', 'BSIT'),
(453, 'RIZAL\'S LIFE WORKS AND WRITING', 'GEM-001', 'BSIT'),
(454, 'PRACTICUM 2', 'CCS-114B', 'BSIT'),
(455, 'CAPSTONE PROJECT AND RESEARCH 2', 'CCS-120', 'BSIT'),
(456, 'IT ADVANCED SPECIAL TOPICS', 'IT-114', 'BSIT'),
(457, 'IT MAJOR ELECTIVE 4 (PLATFORM TECHNOLOGY)', 'IT-115', 'BSIT'),
(458, 'CURRENT TRENDS IN IT AND SEMINAR', 'CCS-115', 'BSIT'),
(459, 'RIZAL\'S LIFE WORKS AND WRITING', 'GEM-001', 'BSIT'),
(460, 'ENVIRONMENTAL SCIENCE', 'GEE001', 'BSTM'),
(461, 'PURPOSIVE COMMUNICATION', 'GEC005', 'BSTM'),
(462, 'ART APPRECIATION', 'GEC006', 'BSTM'),
(463, 'TOURISM & HOSPITALITY 1 (MICRO PERSPECTIVE)', 'THC002', 'BSTM'),
(464, 'RHYTHMIC ACTIVITIES', 'PE002', 'BSTM'),
(465, 'CWTS 2', 'NSTP122', 'BSTM'),
(466, 'MATHEMATICS IN THE MODERN WORLD', 'GEC004', 'BSTM'),
(467, 'ENVIRONMENTAL SCIENCE', 'GEE001', 'BSTM'),
(468, 'PURPOSIVE COMMUNICATION', 'GEC005', 'BSTM'),
(469, 'ART APPRECIATION', 'GEC006', 'BSTM'),
(470, 'TOURISM & HOSPITALITY 1 (MICRO PERSPECTIVE)', 'THC002', 'BSTM'),
(471, 'RHYTHMIC ACTIVITIES', 'PE002', 'BSTM'),
(472, 'CWTS 2', 'NSTP122', 'BSTM'),
(473, 'MATHEMATICS IN THE MODERN WORLD', 'GEC004', 'BSTM'),
(474, 'ETHICS', 'GEC008', 'BSTM'),
(475, 'STRATEGIC MANAGEMENT', 'CBM002', 'BSTM'),
(476, 'TRANSPORTATION MANAGEMENT', 'TPC001', 'BSTM'),
(477, 'QUALITY SERVICE MANAGEMENT IN TOURISM & HOSPITALITY', 'THC005', 'BSTM'),
(478, 'FOREIGN LANGUAGE 1', 'THM001', 'BSTM'),
(479, 'CRUISE TOURISM', 'TME003', 'BSTM'),
(480, 'GENDER AND SOCIETY', 'GEE007', 'BSTM'),
(481, 'INDIVIDUAL AND DUAL SPORTS', 'PE003', 'BSTM'),
(482, 'ETHICS', 'GEC008', 'BSTM'),
(483, 'STRATEGIC MANAGEMENT', 'CBM002', 'BSTM'),
(484, 'TRANSPORTATION MANAGEMENT', 'TPC001', 'BSTM'),
(485, 'QUALITY SERVICE MANAGEMENT IN TOURISM & HOSPITALITY', 'THC005', 'BSTM'),
(486, 'FOREIGN LANGUAGE 1', 'THM001', 'BSTM'),
(487, 'CRUISE TOURISM', 'TME003', 'BSTM'),
(488, 'GENDER AND SOCIETY', 'GEE007', 'BSTM'),
(489, 'INDIVIDUAL AND DUAL SPORTS', 'PE003', 'BSTM'),
(490, 'SUSTAINABLE TOURISM', 'TPC004', 'BSTM'),
(491, 'TOURISM POLICY PLANNING & DEVELOPMENT', 'TPC005', 'BSTM'),
(492, 'APPLIED BUSINESS TOOLS AND TECHNOLOGIES IN TOURISM & HOSPITALITY', 'THM003', 'BSTM'),
(493, 'LIFE AND WORKS OF RIZAL', 'GEM001', 'BSTM'),
(494, 'TOURISM PRODUCT DEVELOPMENT', 'TME004', 'BSTM'),
(495, 'PROFESSIONAL DEVELOPMENT AND APPLIED ETHICS', 'THC009', 'BSTM'),
(496, 'SCIENCE, TECHNOLOGY & SOCIETY', 'GEC007', 'BSTM'),
(497, 'SUSTAINABLE TOURISM', 'TPC004', 'BSTM'),
(498, 'TOURISM POLICY PLANNING & DEVELOPMENT', 'TPC005', 'BSTM'),
(499, 'APPLIED BUSINESS TOOLS AND TECHNOLOGIES IN TOURISM & HOSPITALITY', 'THM003', 'BSTM'),
(500, 'LIFE AND WORKS OF RIZAL', 'GEM001', 'BSTM'),
(501, 'TOURISM PRODUCT DEVELOPMENT', 'TME004', 'BSTM'),
(502, 'PROFESSIONAL DEVELOPMENT AND APPLIED ETHICS', 'THC009', 'BSTM'),
(503, 'SCIENCE, TECHNOLOGY & SOCIETY', 'GEC007', 'BSTM'),
(504, 'PRACTICUM 2- AIRLINE OR OTHER TOURISM RELATED ESTABLISHMENT', 'TMP002', 'BSTM'),
(505, 'PURPOSIVE COMMUNICATION', 'GEC-005', 'BSAIS'),
(506, 'ART APPRECIATION', 'GEC-006', 'BSAIS'),
(507, 'SCIENCE,TECH. AND SOCIETY', 'GEC-007', 'BSAIS'),
(508, 'ETHICS', 'GEC-008', 'BSAIS'),
(509, 'CONCEPTUAL FRAMEWORK & ACCOUNTING STANDARDS', 'ACC-122', 'BSAIS'),
(510, 'INTERMEDIATE ACCOUNTING 1', 'ACC-124', 'BSAIS'),
(511, 'RHYTHMIC ACTIVITIES', 'PE-002', 'BSAIS'),
(512, 'CIVIC WELFARE TRAINING SEVICES 2', 'NSTP-122', 'BSAIS'),
(513, 'PRINCIPLES OF ACCOUNTING (PART. & CORP.)', 'ACC-222', 'BSAIS'),
(514, 'INTEGRATED BUSINESS COURSE', 'IBC-001', 'BSAIS'),
(515, 'PURPOSIVE COMMUNICATION', 'GEC-005', 'BSAIS'),
(516, 'ART APPRECIATION', 'GEC-006', 'BSAIS'),
(517, 'SCIENCE,TECH. AND SOCIETY', 'GEC-007', 'BSAIS'),
(518, 'ETHICS', 'GEC-008', 'BSAIS'),
(519, 'CONCEPTUAL FRAMEWORK & ACCOUNTING STANDARDS', 'ACC-122', 'BSAIS'),
(520, 'INTERMEDIATE ACCOUNTING 1', 'ACC-124', 'BSAIS'),
(521, 'RHYTHMIC ACTIVITIES', 'PE-002', 'BSAIS'),
(522, 'CIVIC WELFARE TRAINING SEVICES 2', 'NSTP-122', 'BSAIS'),
(523, 'PRINCIPLES OF ACCOUNTING (PART. & CORP.)', 'ACC-222', 'BSAIS'),
(524, 'ART APPRECIATION', 'GEC-006', 'BSBA-FMGT'),
(525, 'SCIENCE, TECHNOLOGY AND SOCIETY', 'GEC-007', 'BSBA-FMGT'),
(526, 'ETHICS', 'GEC-008', 'BSBA-FMGT'),
(527, 'PHILIPPINE INDIGENOUS COMMUNITIES', 'GEE-006', 'BSBA-FMGT'),
(528, 'NSTP- CWTS 2', 'NSTP-122', 'BSBA-FMGT'),
(529, 'RHYTHMIC ACTIVITIES', 'PE-002', 'BSBA-FMGT'),
(530, 'PRINCIPLES OF ACCOUNTING', 'ACC-111', 'BSBA-FMGT'),
(531, 'OBLIGATIONS AND CONTRACTS', 'LAW-001', 'BSBA-FMGT'),
(532, 'INCOME TAXATION', 'TAX-001', 'BSBA-FMGT'),
(533, 'CAPITAL MARKET', 'FMT-113', 'BSBA-FMGT'),
(534, 'CREDIT AND COLLECTION', 'FMT-114', 'BSBA-FMGT'),
(535, 'PERSONAL FINANCE', 'FMTE-001', 'BSBA-FMGT'),
(536, 'STRATEGIC MANAGEMENT', 'CBM-002', 'BSBA-FMGT'),
(537, 'PRINCIPLES OF ACCOUNTING 2 (PARTNERSHIP AND CORPORATION)', 'ACC-112-', 'BSBA-FMGT'),
(538, 'INDIVIDUAL AND DUAL SPORTS', 'PE-003', 'BSBA-FMGT'),
(539, 'OBLIGATIONS AND CONTRACTS', 'LAW-001', 'BSBA-FMGT'),
(540, 'INCOME TAXATION', 'TAX-001', 'BSBA-FMGT'),
(541, 'CAPITAL MARKET', 'FMT-113', 'BSBA-FMGT'),
(542, 'CREDIT AND COLLECTION', 'FMT-114', 'BSBA-FMGT'),
(543, 'PERSONAL FINANCE', 'FMTE-001', 'BSBA-FMGT'),
(544, 'STRATEGIC MANAGEMENT', 'CBM-002', 'BSBA-FMGT'),
(545, 'PRINCIPLES OF ACCOUNTING 2 (PARTNERSHIP AND CORPORATION)', 'ACC-112-', 'BSBA-FMGT'),
(546, 'INDIVIDUAL AND DUAL SPORTS', 'PE-003', 'BSBA-FMGT'),
(547, 'INTERNATIONAL BUSINESS AND TRADE', 'IBT-001', 'BSBA-FMGT'),
(548, 'FINANCIAL ANALYSIS AND REPORTING', 'FMT-117', 'BSBA-FMGT'),
(549, 'THESIS', 'BAC-008', 'BSBA-FMGT'),
(550, 'RISK MANAGEMENT', 'FMTE-003', 'BSBA-FMGT'),
(551, 'TREASURY MANAGEMENT', 'FMTE-004', 'BSBA-FMGT'),
(552, 'GLOBAL FINANCE WITH ELECTRONICS', 'FMTE-005', 'BSBA-FMGT'),
(553, 'TEAM SPORT', 'PE-004', 'BSBA-FMGT'),
(554, 'INCOME TAXATION', 'TAX-001', 'BSBA-FMGT'),
(555, 'INTERNATIONAL BUSINESS AND TRADE', 'IBT-001', 'BSBA-FMGT'),
(556, 'FINANCIAL ANALYSIS AND REPORTING', 'FMT-117', 'BSBA-FMGT'),
(557, 'THESIS', 'BAC-008', 'BSBA-FMGT'),
(558, 'RISK MANAGEMENT', 'FMTE-003', 'BSBA-FMGT'),
(559, 'TREASURY MANAGEMENT', 'FMTE-004', 'BSBA-FMGT'),
(560, 'GLOBAL FINANCE WITH ELECTRONICS', 'FMTE-005', 'BSBA-FMGT'),
(561, 'TEAM SPORT', 'PE-004', 'BSBA-FMGT'),
(562, 'INCOME TAXATION', 'TAX-001', 'BSBA-FMGT'),
(563, 'PUBLIC FINANCE', 'FMTE-007', 'BSBA-FMGT'),
(564, 'FINANCIAL CONTROLLERSHIP', 'FMTE-008', 'BSBA-FMGT'),
(565, 'WORK INTEGRATED LEARNING 2', 'PRAC-2', 'BSBA-FMGT'),
(566, 'PUBLIC FINANCE', 'FMTE-007', 'BSBA-FMGT'),
(567, 'FINANCIAL CONTROLLERSHIP', 'FMTE-008', 'BSBA-FMGT'),
(568, 'WORK INTEGRATED LEARNING 2', 'PRAC-2', 'BSBA-FMGT'),
(569, 'PUBLIC FINANCE', 'FMTE-007', 'BSBA-FMGT'),
(570, 'FINANCIAL CONTROLLERSHIP', 'FMTE-008', 'BSBA-FMGT'),
(571, 'WORK INTEGRATED LEARNING 2', 'PRAC-2', 'BSBA-FMGT'),
(572, 'PUBLIC FINANCE', 'FMTE-007', 'BSBA-FMGT'),
(573, 'FINANCIAL CONTROLLERSHIP', 'FMTE-008', 'BSBA-FMGT'),
(574, 'WORK INTEGRATED LEARNING 2', 'PRAC-2', 'BSBA-FMGT'),
(575, 'PURPOSIVE COMMUNICATION', 'GEC-005', 'BSBA-HRM'),
(576, 'ART APPRECIATION', 'GEC-006', 'BSBA-HRM'),
(577, 'SCIENCE, TECHNOLOGY AND SOCIETY', 'GEC-007', 'BSBA-HRM'),
(578, 'ETHICS', 'GEC-008', 'BSBA-HRM'),
(579, 'ORGANIZATIONAL DEVELOPMENT', 'HRM122', 'BSBA-HRM'),
(580, 'PHILIPPINE INDIGENOUS COMMUNITIES', 'GEE-006', 'BSBA-HRM'),
(581, 'RHYTHMIC ACTIVITIES', 'PE-002', 'BSBA-HRM'),
(582, 'CWTS 2', 'NSTP-122', 'BSBA-HRM'),
(583, 'PURPOSIVE COMMUNICATION', 'GEC-005', 'BSBA-HRM'),
(584, 'ART APPRECIATION', 'GEC-006', 'BSBA-HRM'),
(585, 'SCIENCE, TECHNOLOGY AND SOCIETY', 'GEC-007', 'BSBA-HRM'),
(586, 'ETHICS', 'GEC-008', 'BSBA-HRM'),
(587, 'ORGANIZATIONAL DEVELOPMENT', 'HRM122', 'BSBA-HRM'),
(588, 'PHILIPPINE INDIGENOUS COMMUNITIES', 'GEE-006', 'BSBA-HRM'),
(589, 'RHYTHMIC ACTIVITIES', 'PE-002', 'BSBA-HRM'),
(590, 'CWTS 2', 'NSTP-122', 'BSBA-HRM'),
(591, 'OBLIGATION AND CONTRACT', 'LAW-011', 'BSBA-HRM'),
(592, 'INCOME TAXATION', 'TAX-001', 'BSBA-HRM'),
(593, 'LOGISTIC MANAGEMENT', 'HRMEC-213', 'BSBA-HRM'),
(594, 'STRATEGIC MANAGEMENT', 'CBM-002', 'BSBA-HRM'),
(595, 'COMPENSATION ADMINISTRATION', 'HRM-221', 'BSBA-HRM'),
(596, 'HUMAN RESOURCE MANAGEMENT', 'HRM-001', 'BSBA-HRM'),
(597, 'INDIVIDUAL AND DUAL SPORTS', 'PE-003', 'BSBA-HRM'),
(598, 'PRINCIPLES OF ACCOUNTING', 'ACC-122', 'BSBA-HRM'),
(599, 'OBLIGATION AND CONTRACT', 'LAW-011', 'BSBA-HRM'),
(600, 'INCOME TAXATION', 'TAX-001', 'BSBA-HRM'),
(601, 'LOGISTIC MANAGEMENT', 'HRMEC-213', 'BSBA-HRM'),
(602, 'STRATEGIC MANAGEMENT', 'CBM-002', 'BSBA-HRM'),
(603, 'COMPENSATION ADMINISTRATION', 'HRM-221', 'BSBA-HRM'),
(604, 'HUMAN RESOURCE MANAGEMENT', 'HRM-001', 'BSBA-HRM'),
(605, 'INDIVIDUAL AND DUAL SPORTS', 'PE-003', 'BSBA-HRM'),
(606, 'PRINCIPLES OF ACCOUNTING', 'ACC-122', 'BSBA-HRM'),
(607, 'INTERNATIONAL BUSSINESS TRADE', 'IBT-001', 'BSBA-HRM'),
(608, 'PROJECT MANAGEMENT', 'HRMEC-314', 'BSBA-HRM'),
(609, 'MANAGERIAL ACCOUNTING', 'HRMEC-311', 'BSBA-HRM'),
(610, 'LABOR RELATIONS AND NEGOTATIONS', 'HRM-321', 'BSBA-HRM'),
(611, 'OPERATION MANAGEMENT ( TQM )', 'CBM-001', 'BSBA-HRM'),
(612, 'GENDER and SOCIETY', 'GEE-007', 'BSBA-HRM'),
(613, 'TEAM SPORTS', 'PE-004', 'BSBA-HRM'),
(614, 'INTERNATIONAL BUSSINESS TRADE', 'IBT-001', 'BSBA-HRM'),
(615, 'PROJECT MANAGEMENT', 'HRMEC-314', 'BSBA-HRM'),
(616, 'MANAGERIAL ACCOUNTING', 'HRMEC-311', 'BSBA-HRM'),
(617, 'LABOR RELATIONS AND NEGOTATIONS', 'HRM-321', 'BSBA-HRM'),
(618, 'OPERATION MANAGEMENT ( TQM )', 'CBM-001', 'BSBA-HRM'),
(619, 'GENDER and SOCIETY', 'GEE-007', 'BSBA-HRM'),
(620, 'TEAM SPORTS', 'PE-004', 'BSBA-HRM'),
(621, 'INTERNATIONAL BUSSINESS TRADE', 'IBT-001', 'BSBA-HRM'),
(622, 'PROJECT MANAGEMENT', 'HRMEC-314', 'BSBA-HRM'),
(623, 'MANAGERIAL ACCOUNTING', 'HRMEC-311', 'BSBA-HRM'),
(624, 'LABOR RELATIONS AND NEGOTATIONS', 'HRM-321', 'BSBA-HRM'),
(625, 'OPERATION MANAGEMENT ( TQM )', 'CBM-001', 'BSBA-HRM'),
(626, 'GENDER and SOCIETY', 'GEE-007', 'BSBA-HRM'),
(627, 'TEAM SPORTS', 'PE-004', 'BSBA-HRM'),
(628, 'INTERNSHIP', 'HRM-401', 'BSBA-HRM'),
(629, 'PURPOSIVE COMMUNICATION', 'GEC-005', 'BSBA-MKMGT'),
(630, 'ARTS APPRECIATION', 'GEC-006', 'BSBA-MKMGT'),
(631, 'SCIENCE. TECHNOLOGY AND SOCIETY', 'GEC-007', 'BSBA-MKMGT'),
(632, 'ETHICS', 'GEC-008', 'BSBA-MKMGT'),
(633, 'CONSUMER BEHAVIOR', 'MKTECK-121', 'BSBA-MKMGT'),
(634, 'RHYTHMIC ACTIVITIES', 'PE-002', 'BSBA-MKMGT'),
(635, 'CWTS 2', 'NSTP-122', 'BSBA-MKMGT'),
(636, 'PURPOSIVE COMMUNICATION', 'GEC-005', 'BSBA-MKMGT'),
(637, 'ARTS APPRECIATION', 'GEC-006', 'BSBA-MKMGT'),
(638, 'SCIENCE. TECHNOLOGY AND SOCIETY', 'GEC-007', 'BSBA-MKMGT'),
(639, 'ETHICS', 'GEC-008', 'BSBA-MKMGT'),
(640, 'CONSUMER BEHAVIOR', 'MKTECK-121', 'BSBA-MKMGT'),
(641, 'RHYTHMIC ACTIVITIES', 'PE-002', 'BSBA-MKMGT'),
(642, 'CWTS 2', 'NSTP-122', 'BSBA-MKMGT'),
(643, 'LIFE AND WORKS OF RIZAL', 'GEM-001', 'BSBA-MKMGT'),
(644, 'OPERATION MANGEMENT (TQM)', 'CBM-001', 'BSBA-MKMGT'),
(645, 'BUSINESS RESEARCH (THESIS)', 'RES-001', 'BSBA-MKMGT'),
(646, 'PRODUCT MANAGEMENT', 'MKT-223', 'BSBA-MKMGT'),
(647, 'DISTRIBUTION MANAGEMENT', 'MKT-224', 'BSBA-MKMGT'),
(648, 'MATHEMATICS IN THE MODERN WORLD', 'GEC-004', 'BSBA-MKMGT'),
(649, 'MULTIMEDIA ARTS (VIDEOGRAPHICS)', 'COM--002', 'BSBA-MKMGT'),
(650, 'INDIVIDUAL AND DUAL SPORTS', 'PE-003', 'BSBA-MKMGT'),
(651, 'PRINCIPLES OF ACCOUNTING 2', 'ACC-222', 'BSBA-MKMGT'),
(652, 'LIFE AND WORKS OF RIZAL', 'GEM-001', 'BSBA-MKMGT'),
(653, 'OPERATION MANGEMENT (TQM)', 'CBM-001', 'BSBA-MKMGT'),
(654, 'BUSINESS RESEARCH (THESIS)', 'RES-001', 'BSBA-MKMGT'),
(655, 'PRODUCT MANAGEMENT', 'MKT-223', 'BSBA-MKMGT'),
(656, 'DISTRIBUTION MANAGEMENT', 'MKT-224', 'BSBA-MKMGT'),
(657, 'MATHEMATICS IN THE MODERN WORLD', 'GEC-004', 'BSBA-MKMGT'),
(658, 'MULTIMEDIA ARTS (VIDEOGRAPHICS)', 'COM--002', 'BSBA-MKMGT'),
(659, 'INDIVIDUAL AND DUAL SPORTS', 'PE-003', 'BSBA-MKMGT'),
(660, 'PRINCIPLES OF ACCOUNTING 2', 'ACC-222', 'BSBA-MKMGT'),
(661, 'INTERNATIONAL BUSINESS AND TRADE', 'IBT-001', 'BSBA-MKMGT'),
(662, 'MARKETING MANAGEMENT', 'MKT-328', 'BSBA-MKMGT'),
(663, 'SERVICES MARKETING', 'MKT-329', 'BSBA-MKMGT'),
(664, 'PRICING STRATEGY', 'MKT-330', 'BSBA-MKMGT'),
(665, 'E-COMMERCE AND DIGITAL MARKETING', 'MKTEC-322', 'BSBA-MKMGT'),
(666, 'WINDOWS APPLICATION', 'COM-001', 'BSBA-MKMGT'),
(667, 'SPECIAL TOPICS IN MARKETING MANAGEMENT', 'MKTEC-323', 'BSBA-MKMGT'),
(668, 'TEAM SPORTS', 'PE-004', 'BSBA-MKMGT'),
(669, 'INTERNATIONAL BUSINESS AND TRADE', 'IBT-001', 'BSBA-MKMGT'),
(670, 'MARKETING MANAGEMENT', 'MKT-328', 'BSBA-MKMGT'),
(671, 'SERVICES MARKETING', 'MKT-329', 'BSBA-MKMGT'),
(672, 'PRICING STRATEGY', 'MKT-330', 'BSBA-MKMGT'),
(673, 'E-COMMERCE AND DIGITAL MARKETING', 'MKTEC-322', 'BSBA-MKMGT'),
(674, 'WINDOWS APPLICATION', 'COM-001', 'BSBA-MKMGT'),
(675, 'SPECIAL TOPICS IN MARKETING MANAGEMENT', 'MKTEC-323', 'BSBA-MKMGT'),
(676, 'TEAM SPORTS', 'PE-004', 'BSBA-MKMGT'),
(677, 'PRACTICUM (INTERSHIP & IMMERSION MKT.)', 'MKTP-422', 'BSBA-MKMGT'),
(678, 'MATHEMATICS IN THE MODERN WORLD', 'GEC004', 'BSHM'),
(679, 'PURPOSIVE COMMUNICATION', 'GEC005', 'BSHM'),
(680, 'ART APPRECIATION', 'GEC006', 'BSHM'),
(681, 'TOURISM & HOSPITALITY 1 (MICRO PERSPECTIVE)', 'THC002', 'BSHM'),
(682, 'RHYTHMIC ACTIVITIES', 'PE002', 'BSHM'),
(683, 'CWTS 2', 'NSTP122', 'BSHM'),
(684, 'ENVIRONMENTAL SCIENCE', 'GEE001', 'BSHM'),
(685, 'MATHEMATICS IN THE MODERN WORLD', 'GEC004', 'BSHM'),
(686, 'PURPOSIVE COMMUNICATION', 'GEC005', 'BSHM'),
(687, 'ART APPRECIATION', 'GEC006', 'BSHM'),
(688, 'TOURISM & HOSPITALITY 1 (MICRO PERSPECTIVE)', 'THC002', 'BSHM'),
(689, 'RHYTHMIC ACTIVITIES', 'PE002', 'BSHM'),
(690, 'CWTS 2', 'NSTP122', 'BSHM'),
(691, 'ENVIRONMENTAL SCIENCE', 'GEE001', 'BSHM'),
(692, 'GENDER AND SOCIETY', 'GEE007', 'BSHM'),
(693, 'STRATEGIC MANAGEMENT', 'CBM002', 'BSHM'),
(694, 'KITCHEN ESSENTIALS & BASIC FOOD PREPARATION', 'HPC001', 'BSHM'),
(695, 'QUALITY SERVICE MANAGEMENT IN TOURISM & HOSPITALITY', 'THC005', 'BSHM'),
(696, 'FOREIGN LANGUAGE 1', 'THM001', 'BSHM'),
(697, 'INDIVIDUAL AND DUAL SPORTS', 'PE003', 'BSHM'),
(698, 'TOURISM & HOSPITALITY MARKETING', 'THC006', 'BSHM'),
(699, 'ELECTIVE 1', 'HME001', 'BSHM'),
(700, 'GENDER AND SOCIETY', 'GEE007', 'BSHM'),
(701, 'STRATEGIC MANAGEMENT', 'CBM002', 'BSHM'),
(702, 'KITCHEN ESSENTIALS & BASIC FOOD PREPARATION', 'HPC001', 'BSHM'),
(703, 'QUALITY SERVICE MANAGEMENT IN TOURISM & HOSPITALITY', 'THC005', 'BSHM'),
(704, 'FOREIGN LANGUAGE 1', 'THM001', 'BSHM'),
(705, 'INDIVIDUAL AND DUAL SPORTS', 'PE003', 'BSHM'),
(706, 'TOURISM & HOSPITALITY MARKETING', 'THC006', 'BSHM'),
(707, 'ELECTIVE 1', 'HME001', 'BSHM'),
(708, 'SUPPLY CHAIN MANAGEMENT IN HOSPITALITY INDUSTRY', 'HPC004', 'BSHM'),
(709, 'ERGONOMICS AND FACILITIES PLANNING FOR THE HOSPITALITY INDUSTRY', 'HPC005', 'BSHM'),
(710, 'APPLIED BUSINESS TOOLS AND TECHNOLOGIES IN TOURISM AND HOSPITALITY', 'THM003', 'BSHM'),
(711, 'BREAD AND PASTRY', 'HME007', 'BSHM'),
(712, 'PROFESSIONAL DEVELOPMENT AND APPLIED ETHICS', 'THC009', 'BSHM'),
(713, 'MULTICULTURAL DIVERSITY IN THE WORKSPACE FOR THE TOURISM PROFESSIONAL', 'THC010', 'BSHM'),
(714, 'LIFE AND WORKS OF RIZAL', 'GEM001', 'BSHM'),
(715, 'SUPPLY CHAIN MANAGEMENT IN HOSPITALITY INDUSTRY', 'HPC004', 'BSHM'),
(716, 'ERGONOMICS AND FACILITIES PLANNING FOR THE HOSPITALITY INDUSTRY', 'HPC005', 'BSHM'),
(717, 'APPLIED BUSINESS TOOLS AND TECHNOLOGIES IN TOURISM AND HOSPITALITY', 'THM003', 'BSHM'),
(718, 'BREAD AND PASTRY', 'HME007', 'BSHM'),
(719, 'PROFESSIONAL DEVELOPMENT AND APPLIED ETHICS', 'THC009', 'BSHM'),
(720, 'MULTICULTURAL DIVERSITY IN THE WORKSPACE FOR THE TOURISM PROFESSIONAL', 'THC010', 'BSHM'),
(721, 'LIFE AND WORKS OF RIZAL', 'GEM001', 'BSHM'),
(722, 'PRACTICUM 2-HOTEL OR ACCOMMODATION ESTABLISHMENTS', 'HMP002', 'BSHM'),
(723, 'PURPOSIVE COMMUNICATION', 'GEC-005', 'BSA'),
(724, 'ART APPRECIATION', 'GEC-006', 'BSA'),
(725, 'SCIENCE, TECHNOLOGY, AND SOCIETY', 'GEC-007', 'BSA'),
(726, 'ETHICS', 'GEC-008', 'BSA'),
(727, 'CONCEPTUAL FRAMEWORK AND ACCOUNTING STANDARDS', 'ACC-122', 'BSA'),
(728, 'RHYTHMIC ACTIVITIES', 'PE--002', 'BSA'),
(729, 'CIVIC WELFARE TRAINING SERVICES 2', 'NSTP-122', 'BSA'),
(730, 'INTERMEDIATE ACCOUNTING 1', 'ACC-124', 'BSA'),
(731, 'INTEGRATED BUSINESS COURSE', 'IBC-001', 'BSA'),
(732, 'PRINCIPLES OF ACCTG. 2', 'ACC-222', 'BSA'),
(733, 'PURPOSIVE COMMUNICATION', 'GEC-005', 'BSA'),
(734, 'ART APPRECIATION', 'GEC-006', 'BSA'),
(735, 'SCIENCE, TECHNOLOGY, AND SOCIETY', 'GEC-007', 'BSA'),
(736, 'ETHICS', 'GEC-008', 'BSA'),
(737, 'CONCEPTUAL FRAMEWORK AND ACCOUNTING STANDARDS', 'ACC-122', 'BSA'),
(738, 'RHYTHMIC ACTIVITIES', 'PE--002', 'BSA'),
(739, 'CIVIC WELFARE TRAINING SERVICES 2', 'NSTP-122', 'BSA'),
(740, 'INTERMEDIATE ACCOUNTING 1', 'ACC-124', 'BSA'),
(741, 'INTEGRATED BUSINESS COURSE', 'IBC-001', 'BSA'),
(742, 'PRINCIPLES OF ACCTG. 2', 'ACC-222', 'BSA'),
(743, 'PURPOSIVE COMMUNICATION', 'GEC-005', 'BSA'),
(744, 'ART APPRECIATION', 'GEC-006', 'BSA'),
(745, 'SCIENCE, TECHNOLOGY, AND SOCIETY', 'GEC-007', 'BSA'),
(746, 'ETHICS', 'GEC-008', 'BSA'),
(747, 'CONCEPTUAL FRAMEWORK AND ACCOUNTING STANDARDS', 'ACC-122', 'BSA'),
(748, 'RHYTHMIC ACTIVITIES', 'PE--002', 'BSA'),
(749, 'CIVIC WELFARE TRAINING SERVICES 2', 'NSTP-122', 'BSA'),
(750, 'INTERMEDIATE ACCOUNTING 1', 'ACC-124', 'BSA'),
(751, 'INTEGRATED BUSINESS COURSE', 'IBC-001', 'BSA'),
(752, 'PRINCIPLES OF ACCTG. 2', 'ACC-222', 'BSA'),
(753, 'BUSINESS TAXATION', 'TAX-212', 'BSA'),
(754, 'INTERMEDIATE ACCOUNTING 2', 'ACC-215', 'BSA'),
(755, 'STRATEGIC COST MANAGEMENT 1', 'ACC-226', 'BSA'),
(756, 'INTERMEDIATE ACCOUNTING 3', 'ACC-227', 'BSA'),
(757, 'REGULATORY FRAMEWORK & LEGAL ISSUES IN BUSINESS', 'LAW-223', 'BSA'),
(758, 'MANAGEMENT SCIENCE', 'MGT-211', 'BSA'),
(759, 'PHILIPPINE INDIGENIOUS COMMUNITIES', 'GEE-006', 'BSA'),
(760, 'INDIVIDUAL & DUAL SPORTS', 'PE-OO3', 'BSA'),
(761, 'GENDER AND SOCIETY', 'GEE-007', 'BSA'),
(762, 'BUSINESS LAWS AND REGULATIONS', 'LAW-212', 'BSA'),
(763, 'BUSINESS TAXATION', 'TAX-212', 'BSA'),
(764, 'INTERMEDIATE ACCOUNTING 2', 'ACC-215', 'BSA'),
(765, 'STRATEGIC COST MANAGEMENT 1', 'ACC-226', 'BSA'),
(766, 'INTERMEDIATE ACCOUNTING 3', 'ACC-227', 'BSA'),
(767, 'REGULATORY FRAMEWORK & LEGAL ISSUES IN BUSINESS', 'LAW-223', 'BSA'),
(768, 'MANAGEMENT SCIENCE', 'MGT-211', 'BSA'),
(769, 'PHILIPPINE INDIGENIOUS COMMUNITIES', 'GEE-006', 'BSA'),
(770, 'INDIVIDUAL & DUAL SPORTS', 'PE-OO3', 'BSA'),
(771, 'GENDER AND SOCIETY', 'GEE-007', 'BSA'),
(772, 'BUSINESS LAWS AND REGULATIONS', 'LAW-212', 'BSA'),
(773, 'BUSINESS TAXATION', 'TAX-212', 'BSA'),
(774, 'INTERMEDIATE ACCOUNTING 2', 'ACC-215', 'BSA'),
(775, 'STRATEGIC COST MANAGEMENT 1', 'ACC-226', 'BSA'),
(776, 'INTERMEDIATE ACCOUNTING 3', 'ACC-227', 'BSA'),
(777, 'REGULATORY FRAMEWORK & LEGAL ISSUES IN BUSINESS', 'LAW-223', 'BSA'),
(778, 'MANAGEMENT SCIENCE', 'MGT-211', 'BSA'),
(779, 'PHILIPPINE INDIGENIOUS COMMUNITIES', 'GEE-006', 'BSA'),
(780, 'INDIVIDUAL & DUAL SPORTS', 'PE-OO3', 'BSA'),
(781, 'GENDER AND SOCIETY', 'GEE-007', 'BSA'),
(782, 'BUSINESS LAWS AND REGULATIONS', 'LAW-212', 'BSA'),
(783, 'INTERMEDIATE FINANCIAL REPORTING', 'ACC-314', 'BSA'),
(784, 'GOVERNANCE, BUSINESS ETHICS, RISK MANAGEMENT AND INTERNAL CONTROL', 'ACC-315', 'BSA'),
(785, 'ACCOUNTING INTERNSHIP', 'ACC-316', 'BSA'),
(786, 'ACCOUNTING RESEARCH', 'ACC-317', 'BSA'),
(787, 'AUDITING AND ASSURANCE: CONCEPTS & APPLICATIONS 1', 'ACC-318', 'BSA'),
(788, 'INFORMATION SECURITY AND MANAGEMENT', 'ELEC-322', 'BSA'),
(789, 'INDIVIDUAL & DUAL SPORTS', 'PE-OO3', 'BSA'),
(790, 'INTERMEDIATE FINANCIAL REPORTING', 'ACC-314', 'BSA'),
(791, 'GOVERNANCE, BUSINESS ETHICS, RISK MANAGEMENT AND INTERNAL CONTROL', 'ACC-315', 'BSA'),
(792, 'ACCOUNTING INTERNSHIP', 'ACC-316', 'BSA'),
(793, 'ACCOUNTING RESEARCH', 'ACC-317', 'BSA'),
(794, 'AUDITING AND ASSURANCE: CONCEPTS & APPLICATIONS 1', 'ACC-318', 'BSA'),
(795, 'INFORMATION SECURITY AND MANAGEMENT', 'ELEC-322', 'BSA'),
(796, 'INDIVIDUAL & DUAL SPORTS', 'PE-OO3', 'BSA'),
(797, 'INTERMEDIATE FINANCIAL REPORTING', 'ACC-314', 'BSA'),
(798, 'GOVERNANCE, BUSINESS ETHICS, RISK MANAGEMENT AND INTERNAL CONTROL', 'ACC-315', 'BSA'),
(799, 'ACCOUNTING INTERNSHIP', 'ACC-316', 'BSA'),
(800, 'ACCOUNTING RESEARCH', 'ACC-317', 'BSA'),
(801, 'AUDITING AND ASSURANCE: CONCEPTS & APPLICATIONS 1', 'ACC-318', 'BSA'),
(802, 'INFORMATION SECURITY AND MANAGEMENT', 'ELEC-322', 'BSA'),
(803, 'INDIVIDUAL & DUAL SPORTS', 'PE-OO3', 'BSA'),
(804, 'ACCOUNTING INTEGRATION 1: FINANCIAL ACCOUNTING AND REPORTING', 'IA-1', 'BSA'),
(805, 'ACCOUNTING INTEGRATION 2: ADVANCED FINANCIAL ACCOUNTING AND REPORTING', 'IA-2', 'BSA'),
(806, 'ACCOUNTING INTEGRATION 3: MANAGEMENT ADVISORY SERVICES', 'IA-3', 'BSA'),
(807, 'ACCOUNTING INTEGRATION 4: AUDITING THEORY', 'IA-4', 'BSA'),
(808, 'ACCOUNTING INTEGRATION 5: APPLIED AUDITING', 'IA-5', 'BSA'),
(809, 'ACCOUNTING INTEGRATION 6: REGULATORY FRAMEWORK FOR BUSINESS TRANSACTIONS', 'IA-6', 'BSA'),
(810, 'ACCOUNTING INTEGRATION 7: TAXATION', 'IA-7', 'BSA'),
(811, 'INTRODUCTION TO PHILIPPINE CRIMINAL JUSTICE SYSTEM', 'CLJ-121', 'BSCRIM'),
(812, 'THE CONTEMPORARY WORLD', 'GEC-003', 'BSCRIM'),
(813, 'MATHEMATICS IN THE MODERN WORLD', 'GEC-004', 'BSCRIM'),
(814, 'ART APPRECIATION', 'GEC-006', 'BSCRIM'),
(815, 'INTRODUCTION TO LITERATURE', 'LIT-001', 'BSCRIM'),
(816, 'ARNIS AND DISARMING TECHNIQUES', 'DT-002', 'BSCRIM'),
(817, 'MILITARY SCIENCE 2', 'NSTP-122', 'BSCRIM'),
(818, 'INTRODUCTION TO INDUSTRIAL SECURITY CONCEPT', 'LEA-003', 'BSCRIM'),
(819, 'HUMAN BEHAVIOR AND VICTIMOLOGY', 'CRIM-313', 'BSCRIM'),
(820, 'SPECIALIZED CRIME INVESTIGATION W/ LEGAL MEDICINE', 'CDI-222', 'BSCRIM'),
(821, 'INSTITUTIONAL CORRECTION', 'CA-001', 'BSCRIM'),
(822, 'FORENSIC PHOTOGRAPHY W/ 1 HOUR LAB', 'FOR-001', 'BSCRIM'),
(823, 'PERSONAL IDENTIFICATION', 'FOR-002', 'BSCRIM'),
(824, 'CHARACTER FORMATION 1  NATIONALISM & PATRIOTISM', 'CLFM-001', 'BSCRIM'),
(825, 'ORGANIC CHEMISTRY', 'ADGE-001', 'BSCRIM'),
(826, 'FUNDAMENTALS OF MARKSMANSHIP', 'DT-004', 'BSCRIM'),
(827, 'PROFESSIONAL CONDUCT AND ETHICAL STANDARD', 'CRIM-324', 'BSCRIM'),
(828, 'JUVENILE DELINQUENCY & JUVENILE JUSTICE SYSTEM', 'CRIM-325', 'BSCRIM'),
(829, 'CRIMINAL LAW BOOK 2', 'CLJ-324', 'BSCRIM'),
(830, 'TECHNICAL ENGLISH INVESTIGATIVE REPORT WRITING', 'CDI-325', 'BSCRIM'),
(831, 'FIRE PROTECTION AND ARSON INVESTIGATION', 'CDI-326', 'BSCRIM'),
(832, 'QUESTIONED DOCUMENTS EXAMINATION', 'FOR-004', 'BSCRIM'),
(833, 'LIE DETECTION TECHNIQUE W/ 1 HR LAB', 'FOR-005', 'BSCRIM'),
(834, 'NON INSTITUTIONAL CORRECTION', 'CA-002', 'BSCRIM'),
(835, 'CRIMINOLOGICAL RESEARCH 2 (THESIS WRITING & PRESENTATION', 'CRIM-428', 'BSCRIM'),
(836, 'CRIMINAL PROCEDURE AND COURT TESTIMONY', 'CLJ-426', 'BSCRIM'),
(837, 'TECHNICAL ENGLISH 2 (LEGAL FORMS)', 'CDI-428', 'BSCRIM'),
(838, 'INTRODUCTION TO CYBERCRIME AND ENVIRONMENTAL LAWS AND PROTECTION (W/1 HR LAB)', 'CDI-429', 'BSCRIM'),
(839, 'FORENSIC BALLISTICS (W/HR LAB)', 'FOR-006', 'BSCRIM'),
(840, 'INTERSHIP (OJT 2)', 'CP-422', 'BSCRIM'),
(841, 'COMPUTER PROGRAMMING 2', 'CCS-103', 'BSIS'),
(842, 'WEB DEVELOPMENT 1', 'CCS-107', 'BSIS'),
(843, 'TECHNICAL COMPUTER CONCEPT', 'CCS-108', 'BSIS'),
(844, 'RHYTHMIC ACTIVITIES', 'PE-002', 'BSIS'),
(845, 'COLLEGE ALGEBRA', 'PR-001', 'BSIS'),
(846, 'ETHICS', 'GEC-008', 'BSIS'),
(847, 'NSTP 2', 'NSTP-122', 'BSIS'),
(848, 'COMPUTER PROGRAMMING 2', 'CCS-103', 'BSIS'),
(849, 'WEB DEVELOPMENT 1', 'CCS-107', 'BSIS'),
(850, 'TECHNICAL COMPUTER CONCEPT', 'CCS-108', 'BSIS'),
(851, 'RHYTHMIC ACTIVITIES', 'PE-002', 'BSIS'),
(852, 'COLLEGE ALGEBRA', 'PR-001', 'BSIS'),
(853, 'ETHICS', 'GEC-008', 'BSIS'),
(854, 'NSTP 2', 'NSTP-122', 'BSIS'),
(855, 'APPLICATION DEVELOPMENT AND EMERGING TECHNOLOGIES', 'CCS-106', 'BSIS'),
(856, 'COMPUTER GRAPHICS 1', 'CCS-110', 'BSIS'),
(857, 'WEB DEVELOPMENT 2', 'CCS-116', 'BSIS'),
(858, 'INDIVIDUAL AND DUAL SPORTS', 'PE-003', 'BSIS'),
(859, 'QUANTITATIVE METHODS', 'PR-003', 'BSIS'),
(860, 'READING VISUAL ART', 'GEE-001', 'BSIS'),
(861, 'MATHEMATICS IN THE MODERN WORLD', 'GEC-004', 'BSIS'),
(862, 'SOFTWARE ENGINEERING', 'CCS-111', 'BSIS'),
(863, 'IT INFRASTRUCTURE AND NETWORK TECHNOLOGIES', 'IS-104', 'BSIS'),
(864, 'IS MAJOR ELECTIVE 1', 'IS-106', 'BSIS'),
(865, 'BUSINESS INTELLIGENCE', 'IS-110', 'BSIS'),
(866, 'CUSTOMER RELATION MANAGEMENT', 'IS-109', 'BSIS'),
(867, 'DATA MINING', 'IS-108', 'BSIS'),
(868, 'ART APPRECIATION', 'GEC-006', 'BSIS'),
(869, 'TEAM SPORTS', 'PE-004', 'BSIS'),
(870, 'SOFTWARE ENGINEERING', 'CCS-111', 'BSIS'),
(871, 'IT INFRASTRUCTURE AND NETWORK TECHNOLOGIES', 'IS-104', 'BSIS'),
(872, 'IS MAJOR ELECTIVE 1', 'IS-106', 'BSIS'),
(873, 'BUSINESS INTELLIGENCE', 'IS-110', 'BSIS'),
(874, 'CUSTOMER RELATION MANAGEMENT', 'IS-109', 'BSIS'),
(875, 'DATA MINING', 'IS-108', 'BSIS'),
(876, 'ART APPRECIATION', 'GEC-006', 'BSIS'),
(877, 'TEAM SPORTS', 'PE-004', 'BSIS'),
(878, 'CURRENT TRENDS IN IT AND SEMINAR', 'CCS-115', 'BSIS'),
(879, 'IS ADVANCE SPECIAL TOPICS', 'CCS-120', 'BSIS'),
(880, 'CAPSTONE PROJECT 2', 'CCS-121', 'BSIS'),
(881, 'EVALUATION OF BUSINESS PERFORMANCE', 'IS-116', 'BSIS'),
(882, 'PRACTICUM 2', 'CCS-123', 'BSIS'),
(883, 'IT SERVICE MANAGEMENT', 'IS-423', 'BSIS'),
(884, 'CURRENT TRENDS IN IT AND SEMINAR', 'CCS-115', 'BSIS'),
(885, 'IS ADVANCE SPECIAL TOPICS', 'CCS-120', 'BSIS'),
(886, 'CAPSTONE PROJECT 2', 'CCS-121', 'BSIS'),
(887, 'EVALUATION OF BUSINESS PERFORMANCE', 'IS-116', 'BSIS'),
(888, 'PRACTICUM 2', 'CCS-123', 'BSIS'),
(889, 'IT SERVICE MANAGEMENT', 'IS-423', 'BSIS'),
(890, 'PHILIPPINE POLITICS AND GOVERNANCE', 'PSM-121', 'ABPOLSCI'),
(891, 'THE CONTEMPORARY WORLD', 'GEC-003', 'ABPOLSCI'),
(892, 'MATHEMATICS OF THE MODERN WORLD', 'GEC-004', 'ABPOLSCI');
INSERT INTO `cms_subjects` (`id`, `subject`, `subject_code`, `course`) VALUES
(893, 'ART APPRECIATION', 'GEC-006', 'ABPOLSCI'),
(894, 'STRATEGIC COST MANAGEMENT 1', 'ACC-226', 'BSAIS'),
(895, 'LIFE AND WORKS OF RIZAL', 'GEM-001', 'ABPOLSCI'),
(896, 'POLITICS & GOVERNANCE OF SOUTH EAST ASIA', 'PSM-221', 'ABPOLSCI'),
(897, 'NSTP - CWTS 2', 'NSTP-122', 'ABPOLSCI'),
(898, 'RHYTHMIC ACTIVITIES', 'PE-002', 'ABPOLSCI'),
(899, 'PHILIPPINE POLITICS AND GOVERNANCE', 'PSM-121', 'ABPOLSCI'),
(900, 'PROJECT MANAGEMENT', 'PCE-001', 'BSAIS'),
(901, 'THE CONTEMPORARY WORLD', 'GEC-003', 'ABPOLSCI'),
(902, 'TEAM SPORTS', 'PE-004', 'BSAIS'),
(903, 'MATHEMATICS OF THE MODERN WORLD', 'GEC-004', 'ABPOLSCI'),
(904, 'ART APPRECIATION', 'GEC-006', 'ABPOLSCI'),
(905, 'LIFE AND WORKS OF RIZAL', 'GEM-001', 'ABPOLSCI'),
(906, 'POLITICS & GOVERNANCE OF SOUTH EAST ASIA', 'PSM-221', 'ABPOLSCI'),
(907, 'NSTP - CWTS 2', 'NSTP-122', 'ABPOLSCI'),
(908, 'RHYTHMIC ACTIVITIES', 'PE-002', 'ABPOLSCI'),
(909, 'INTRODUCTION TO INTERNATIONAL RELATIONS', 'PSM-222', 'ABPOLSCI'),
(910, 'ACCOUNTING INFORMATION SYSTEM RESEARCH', 'ACC-319', 'BSAIS'),
(911, 'QUALITATIVE & QUANTITATIVE ANALYSIS OF POLITICAL DATA', 'PSM-223', 'ABPOLSCI'),
(912, 'INTERNATIONAL LAW', 'PSE-221', 'ABPOLSCI'),
(913, 'MANAGEMENT INFORMATION SYSTEM', 'PCE-008', 'BSAIS'),
(914, 'ARGUMENTATION AND DEBATE', 'PSE-222', 'ABPOLSCI'),
(915, 'PARLIAMENTARY PROCEDURE', 'PSE-223', 'ABPOLSCI'),
(916, 'ENVIRONMENTAL SCIENCE', 'GEE-003', 'ABPOLSCI'),
(917, 'INDIVIDUAL AND DUAL SPORTS', 'PE-003', 'ABPOLSCI'),
(918, 'FINANCIAL MODELLING', 'PCE-010', 'BSAIS'),
(919, 'INTRO TO POLITICAL ANALYSIS AND RESEARCH', 'PSM-321', 'ABPOLSCI'),
(920, 'STRATEGIC COST MANAGEMENT', 'ACC-226', 'BSAIS'),
(921, 'ANCIENT MEDIEVAL MODERN POLITICAL PHILOSOPHY', 'POE-322', 'ABPOLSCI'),
(922, 'STATISTICAL ANALYSIS WITH SOFTWARE APPLICATION', 'MGT-313', 'BSAIS'),
(923, 'INTERNATIONAL REGIONAL ORGANIZATIONS', 'POE-323', 'ABPOLSCI'),
(924, 'ACCOUNTING INFORMATION SYSTEM RESEARCH', 'ACC-319', 'BSAIS'),
(925, 'LEADERSHIP AND ORGANIZATION CHANGE', 'POE-324', 'ABPOLSCI'),
(926, 'POLITICAL PARTY MOVEMENT', 'POE-325', 'ABPOLSCI'),
(927, 'PUBLIC FISCAL ADMINISTRATION', 'POE-326', 'ABPOLSCI'),
(928, 'MANAGEMENT INFORMATION SYSTEM', 'PCE-008', 'BSAIS'),
(929, 'INTRO TO POLITICAL ANALYSIS AND RESEARCH', 'PSM-321', 'ABPOLSCI'),
(930, 'FINANCIAL MODELLING', 'PCE-010', 'BSAIS'),
(931, 'ANCIENT MEDIEVAL MODERN POLITICAL PHILOSOPHY', 'POE-322', 'ABPOLSCI'),
(932, 'INTERNATIONAL REGIONAL ORGANIZATIONS', 'POE-323', 'ABPOLSCI'),
(933, 'LEADERSHIP AND ORGANIZATION CHANGE', 'POE-324', 'ABPOLSCI'),
(934, 'POLITICAL PARTY MOVEMENT', 'POE-325', 'ABPOLSCI'),
(935, 'PUBLIC FISCAL ADMINISTRATION', 'POE-326', 'ABPOLSCI'),
(936, 'INTRO TO POLITICAL ANALYSIS AND RESEARCH', 'PSM-321', 'ABPOLSCI'),
(937, 'STRATEGIC COST MANAGEMENT', 'ACC-226', 'BSAIS'),
(938, 'ANCIENT MEDIEVAL MODERN POLITICAL PHILOSOPHY', 'POE-322', 'ABPOLSCI'),
(939, 'INTERNATIONAL REGIONAL ORGANIZATIONS', 'POE-323', 'ABPOLSCI'),
(940, 'STATISTICAL ANALYSIS WITH SOFTWARE APPLICATION', 'MGT-313', 'BSAIS'),
(941, 'LEADERSHIP AND ORGANIZATION CHANGE', 'POE-324', 'ABPOLSCI'),
(942, 'ACCOUNTING INFORMATION SYSTEM RESEARCH', 'ACC-319', 'BSAIS'),
(943, 'MANAGEMENT INFORMATION SYSTEM', 'PCE-008', 'BSAIS'),
(944, 'POLITICAL PARTY MOVEMENT', 'POE-325', 'ABPOLSCI'),
(945, 'FINANCIAL MODELLING', 'PCE-010', 'BSAIS'),
(946, 'PUBLIC FISCAL ADMINISTRATION', 'POE-326', 'ABPOLSCI'),
(947, 'SPECIAL TOPIC: PHILIPPINE GOVERNMENT AND POLITICS', 'POE-421', 'ABPOLSCI'),
(948, 'STRATEGIC COST MANAGEMENT', 'ACC-226', 'BSAIS'),
(949, 'SEMINAR IN POLITICAL SCIENCE', 'POE-422-', 'ABPOLSCI'),
(950, 'STRATEGIC MANAGEMENT', 'CBM-002', 'BSAIS'),
(951, 'THESIS WRITING', 'POE-423-', 'ABPOLSCI'),
(952, 'STATISTICAL ANALYSIS WITH SOFTWARE APPLICATION', 'MGT-313', 'BSAIS'),
(953, 'ON -THE-JOB TRAINING IN LAW FIRM', 'PSI-424', 'ABPOLSCI'),
(954, 'PURPOSIVE COMMUNICATION', 'GEC-005', 'BS-ENTREP'),
(955, 'STATUTORY CONSTRUCTION', 'IER-005', 'ABPOLSCI'),
(956, 'SPECIAL TOPIC: PHILIPPINE GOVERNMENT AND POLITICS', 'POE-421', 'ABPOLSCI'),
(957, 'SEMINAR IN POLITICAL SCIENCE', 'POE-422-', 'ABPOLSCI'),
(958, 'THESIS WRITING', 'POE-423-', 'ABPOLSCI'),
(959, 'ART APPRECIATION', 'GEC-006', 'BS-ENTREP'),
(960, 'ON -THE-JOB TRAINING IN LAW FIRM', 'PSI-424', 'ABPOLSCI'),
(961, 'BUSINESS LAW', 'ECC-113', 'BS-ENTREP'),
(962, 'STATUTORY CONSTRUCTION', 'IER-005', 'ABPOLSCI'),
(963, 'OPPORTUNITY SEEKING', 'ECC-212', 'BS-ENTREP'),
(964, 'ORGANIZATIONAL DEVELOPMENT', 'HRM-122', 'BSBA-HRM'),
(965, 'MATHEMATICS IN THE MODERN WORLD', 'GEC-004', 'BS-ENTREP'),
(966, 'PHILIPPINE INDIGENOUS COMMUNITIES', 'GEE-006', 'BSBA-HRM'),
(967, 'CWTS 2', 'NSTP-122', 'BS-ENTREP'),
(968, 'INTERNATIONAL BUSINESS TRADE', 'IBT-001', 'BSBA-HRM'),
(969, 'GENDER AND SOCIETY', 'GEE-007', 'BS-ENTREP'),
(970, 'ASSESSMENT IN LEARNING 2', 'MS-114', 'BECED'),
(971, 'RHYTHMIC ACTIVITIES', 'PE-002', 'BS-ENTREP'),
(972, 'GUIDING CHILDREN\'S BEHAVIOR AND MORAL DEVELOPMENT', 'ECE-015', 'BECED'),
(973, 'EARLY LEARNING ENVIRONMENT', 'ECE-017', 'BECED'),
(974, 'INTEGRATIVE TEACHING STRATEGIES', 'SPT-111', 'BECED'),
(975, 'FIELD STUDY 1 (OBSERVATION OF TEACHING-LEARNING IN ACTUAL SCHOOL ENVIRONMENT)', 'FS-1', 'BECED'),
(976, 'TECHNOLOGY FOR TEACHING AND LEARNING 2 (UTILIZATION OF IT IN ECED)', 'ECE-012', 'BECED'),
(977, 'PURPOSIVE COMMUNICATION', 'GEC-005', 'BS-ENTREP'),
(978, 'FACILITATING LEARNER CENTERED TEACHING', 'MS-111', 'BECED'),
(979, 'ART APPRECIATION', 'GEC-006', 'BS-ENTREP'),
(980, 'INTRODUCTION TO PHILIPPINE CRIMINAL JUSTICE SYSTEM', 'CLJ-121', 'BSCRIM'),
(981, 'BUSINESS LAW', 'ECC-113', 'BS-ENTREP'),
(982, 'THE CONTEMPORARY WORLD', 'GEC-003', 'BSCRIM'),
(983, 'OPPORTUNITY SEEKING', 'ECC-212', 'BS-ENTREP'),
(984, 'MATHEMATICS IN THE MODERN WORLD', 'GEC-004', 'BSCRIM'),
(985, 'MATHEMATICS IN THE MODERN WORLD', 'GEC-004', 'BS-ENTREP'),
(986, 'ART APPRECIATION', 'GEC-006', 'BSCRIM'),
(987, 'CWTS 2', 'NSTP-122', 'BS-ENTREP'),
(988, 'INTRODUCTION TO LITERATURE', 'LIT-001', 'BSCRIM'),
(989, 'GENDER AND SOCIETY', 'GEE-007', 'BS-ENTREP'),
(990, 'ARNIS AND DISARMING TECHNIQUES', 'DT-002', 'BSCRIM'),
(991, 'RHYTHMIC ACTIVITIES', 'PE-002', 'BS-ENTREP'),
(992, 'MILITARY SCIENCE 2', 'NSTP-122', 'BSCRIM'),
(993, 'PHILIPPINE INDIGENOUS COMMUNITIES', 'GEE-006', 'BS-ENTREP'),
(994, 'INTRODUCTION TO PHILIPPINE CRIMINAL JUSTICE SYSTEM', 'CLJ-121', 'BSCRIM'),
(995, 'ETHICS', 'GEC-008', 'BS-ENTREP'),
(996, 'THE CONTEMPORARY WORLD', 'GEC-003', 'BSCRIM'),
(997, 'PRICING AND COSTING', 'ECC-214', 'BS-ENTREP'),
(998, 'MATHEMATICS IN THE MODERN WORLD', 'GEC-004', 'BSCRIM'),
(999, 'ART APPRECIATION', 'GEC-006', 'BSCRIM'),
(1000, 'INTRODUCTION TO LITERATURE', 'LIT-001', 'BSCRIM'),
(1001, 'OPERATION MANAGEMENT (TQM)', 'CBM-001', 'BS-ENTREP'),
(1002, 'ARNIS AND DISARMING TECHNIQUES', 'DT-002', 'BSCRIM'),
(1003, 'MILITARY SCIENCE 2', 'NSTP-122', 'BSCRIM'),
(1004, 'PROGRAM AND POLICIES ON ENTREP DEVT', 'ECC-215', 'BS-ENTREP'),
(1005, 'ASSESSMENT IN LEARNING 2', 'MS-114', 'BSE-ENG'),
(1006, 'LIFE AND WORKS OF RIZAL', 'GEM-001', 'BS-ENTREP'),
(1007, 'TECHNOLOGY FOR TEACHING AND LEARNING 2 (TECHNOLOGY IN LANGUAGE EDUCATION)', 'ENGL-516', 'BSE-ENG'),
(1008, 'PRINCIPLES OF ACCOUNTING 2', 'ACC-222', 'BS-ENTREP'),
(1009, 'INDIVIDUAL AND DUAL SPORTS', 'PE-003', 'BS-ENTREP'),
(1010, 'PHILIPPINE INDIGENOUS COMMUNITIES', 'GEE-006', 'BS-ENTREP'),
(1011, 'ETHICS', 'GEC-008', 'BS-ENTREP'),
(1012, 'PRICING AND COSTING', 'ECC-214', 'BS-ENTREP'),
(1013, 'OPERATION MANAGEMENT (TQM)', 'CBM-001', 'BS-ENTREP'),
(1014, 'PROGRAM AND POLICIES ON ENTREP DEVT', 'ECC-215', 'BS-ENTREP'),
(1015, 'LIFE AND WORKS OF RIZAL', 'GEM-001', 'BS-ENTREP'),
(1016, 'PRINCIPLES OF ACCOUNTING 2', 'ACC-222', 'BS-ENTREP'),
(1017, 'INDIVIDUAL AND DUAL SPORTS', 'PE-003', 'BS-ENTREP'),
(1018, 'BUSINESS PLAN PREPARATION', 'ECC-313', 'BS-ENTREP'),
(1019, 'WHOLESALE AND RETAIL SALES MANAGEMENT', 'ELEC-3', 'BS-ENTREP'),
(1020, 'MANAGING A MANUFACTURING ENTERPRISE', 'ELEC-4', 'BS-ENTREP'),
(1021, 'TOURISM INDUSTRY', 'TRACK-3', 'BS-ENTREP'),
(1022, 'CULINARY BUSINESS', 'TRACK-4', 'BS-ENTREP'),
(1023, 'SUPPLY CHAIN MANAGEMENT', 'ELEC-5', 'BS-ENTREP'),
(1024, 'TEAM SPORTS', 'PE-004', 'BS-ENTREP'),
(1025, 'PRINCIPLES OF ACCOUNTING 2', 'ACC-002', 'BS-ENTREP'),
(1026, 'BUSINESS PLAN PREPARATION', 'ECC-313', 'BS-ENTREP'),
(1027, 'WHOLESALE AND RETAIL SALES MANAGEMENT', 'ELEC-3', 'BS-ENTREP'),
(1028, 'MANAGING A MANUFACTURING ENTERPRISE', 'ELEC-4', 'BS-ENTREP'),
(1029, 'TOURISM INDUSTRY', 'TRACK-3', 'BS-ENTREP'),
(1030, 'CULINARY BUSINESS', 'TRACK-4', 'BS-ENTREP'),
(1031, 'SUPPLY CHAIN MANAGEMENT', 'ELEC-5', 'BS-ENTREP'),
(1032, 'TEAM SPORTS', 'PE-004', 'BS-ENTREP'),
(1033, 'PRINCIPLES OF ACCOUNTING 2', 'ACC-002', 'BS-ENTREP'),
(1034, 'BUSINESS IMPLEMENTATION 2', 'ECC-414', 'BS-ENTREP'),
(1035, 'APPRENTICESHIP 2', 'ECC-415', 'BS-ENTREP'),
(1036, 'SOCIAL ENTREPRENEURSHIP', 'ECC-413', 'BS-ENTREP'),
(1037, 'BUSINESS IMPLEMENTATION 2', 'ECC-414', 'BS-ENTREP'),
(1038, 'APPRENTICESHIP 2', 'ECC-415', 'BS-ENTREP'),
(1039, 'SOCIAL ENTREPRENEURSHIP', 'ECC-413', 'BS-ENTREP'),
(1040, 'INTERMEDIATE PROGRAMMING', 'CCS-103', 'BSCS'),
(1041, 'WEB SYSTEMS AND TECHNOLOGIES', 'CCS-107', 'BSCS'),
(1042, 'TECHNICAL COMPUTER CONCEPTS', 'CCS-108', 'BSCS'),
(1043, 'PHILIPPINE LITERATURE IN ENGLISH', 'LIT-001', 'BSCS'),
(1044, 'NSTP CWTS 2', 'NSTP-102', 'BSCS'),
(1045, 'RHYTHMIC ACTIVITIES', 'PE-002', 'BSCS'),
(1046, 'CONTEMPORARY WORLD', 'GEC-003', 'BSCS'),
(1047, 'COLLEGE ALGEBRA', 'PR-001', 'BSCS'),
(1048, 'INTERMEDIATE PROGRAMMING', 'CCS-103', 'BSCS'),
(1049, 'WEB SYSTEMS AND TECHNOLOGIES', 'CCS-107', 'BSCS'),
(1050, 'TECHNICAL COMPUTER CONCEPTS', 'CCS-108', 'BSCS'),
(1051, 'PHILIPPINE LITERATURE IN ENGLISH', 'LIT-001', 'BSCS'),
(1052, 'NSTP CWTS 2', 'NSTP-102', 'BSCS'),
(1053, 'RHYTHMIC ACTIVITIES', 'PE-002', 'BSCS'),
(1054, 'CONTEMPORARY WORLD', 'GEC-003', 'BSCS'),
(1055, 'COLLEGE ALGEBRA', 'PR-001', 'BSCS'),
(1056, 'APPLICATIONS DEVELOPMENT AND EMERGING TECHNOLOGIES', 'CCS-106', 'BSCS'),
(1057, 'DIGITAL GRAPHICS', 'CCS-110', 'BSCS'),
(1058, 'DISCRETE STRUCTURES 2', 'CS-104', 'BSCS'),
(1059, 'OBJECT ORIENTED PROGRAMMING', 'CS-105', 'BSCS'),
(1060, 'SYSTEM FUNDAMENTALS', 'CSE-101', 'BSCS'),
(1061, 'INTEGRAL CALCULUS', 'PR-003', 'BSCS'),
(1062, 'INDIVIDUAL AND DUAL SPORTS', 'PE-003', 'BSCS'),
(1063, 'EMBEDDED PROGRAMMING', 'CS-107', 'BSCS'),
(1064, 'SOFTWARE ENGINEERING 2', 'CS-109', 'BSCS'),
(1065, 'ARCHITECTURE AND ORGANIZATION', 'CS-111', 'BSCS'),
(1066, 'OPERATING SYSTEMS', 'CS-112', 'BSCS'),
(1067, 'METHODS OF RESEARCH', 'RES-001', 'BSCS'),
(1068, 'ART APPRECIATION', 'GEC-006', 'BSCS'),
(1069, 'RIZAL\'S LIFE WORKS AND WRITINGS', 'GEM-001', 'BSCS'),
(1070, 'TEAM SPORTS', 'PE-004', 'BSCS'),
(1071, 'EMBEDDED PROGRAMMING', 'CS-107', 'BSCS'),
(1072, 'SOFTWARE ENGINEERING 2', 'CS-109', 'BSCS'),
(1073, 'ARCHITECTURE AND ORGANIZATION', 'CS-111', 'BSCS'),
(1074, 'OPERATING SYSTEMS', 'CS-112', 'BSCS'),
(1075, 'METHODS OF RESEARCH', 'RES-001', 'BSCS'),
(1076, 'ART APPRECIATION', 'GEC-006', 'BSCS'),
(1077, 'RIZAL\'S LIFE WORKS AND WRITINGS', 'GEM-001', 'BSCS'),
(1078, 'TEAM SPORTS', 'PE-004', 'BSCS'),
(1079, 'AUTOMATA AND LANGUAGE THEORY', 'CS-113', 'BSCS'),
(1080, 'CURRENT TRENDS IN IT AND SEMINAR', 'CCS-115', 'BSCS'),
(1081, 'HUMAN COMPUTER INTERACTION', 'CS-115', 'BSCS'),
(1082, 'CS THESIS WRITING 2', 'CS-119', 'BSCS'),
(1083, 'PARALLEL AND DISTRIBUTED COMPUTING', 'CSE-105', 'BSCS'),
(1084, 'PRACTICUM II', 'CS-416', 'BSCS'),
(1085, 'AUTOMATA AND LANGUAGE THEORY', 'CS-113', 'BSCS'),
(1086, 'CURRENT TRENDS IN IT AND SEMINAR', 'CCS-115', 'BSCS'),
(1087, 'HUMAN COMPUTER INTERACTION', 'CS-115', 'BSCS'),
(1088, 'CS THESIS WRITING 2', 'CS-119', 'BSCS'),
(1089, 'PARALLEL AND DISTRIBUTED COMPUTING', 'CSE-105', 'BSCS'),
(1090, 'PRACTICUM II', 'CS-416', 'BSCS'),
(1091, 'BUSINESS APPLICATIONS SOFTWARE', 'CCS-109', 'BSEMC'),
(1092, 'COMPUTER PROGRAMMING 2', 'CCS-103', 'BSEMC'),
(1093, 'FREEHAND AND DIGITAL DRAWING', 'EMC-103', 'BSEMC'),
(1094, 'INTRODUCTION TO GAME DESIGN AND DEVELOPMENT', 'EMC-102', 'BSEMC'),
(1095, 'ALGEBRA AND TRIGONOMETRY', 'MTH-111C', 'BSEMC'),
(1096, 'RHYTHMIC ACTIVITIES', 'PE-002', 'BSEMC'),
(1097, 'NSTP (CWTS) 2', 'NTSP-122', 'BSEMC'),
(1098, 'BUSINESS APPLICATIONS SOFTWARE', 'CCS-109', 'BSEMC'),
(1099, 'COMPUTER PROGRAMMING 2', 'CCS-103', 'BSEMC'),
(1100, 'FREEHAND AND DIGITAL DRAWING', 'EMC-103', 'BSEMC'),
(1101, 'INTRODUCTION TO GAME DESIGN AND DEVELOPMENT', 'EMC-102', 'BSEMC'),
(1102, 'ALGEBRA AND TRIGONOMETRY', 'MTH-111C', 'BSEMC'),
(1103, 'RHYTHMIC ACTIVITIES', 'PE-002', 'BSEMC'),
(1104, 'NSTP (CWTS) 2', 'NTSP-122', 'BSEMC'),
(1105, 'INFORMATION MANAGEMENT', 'CCS-105', 'BSEMC'),
(1106, 'APPLICATIONS DEVELOPMENT AND EMERGING TECHNOLOGIES', 'CCS-106', 'BSEMC'),
(1107, 'COMPUTER GRAPHICS PROGRAMMING', 'CCS-110', 'BSEMC'),
(1108, 'SCRIPT WRITING AND STORYBOARD DESIGN', 'EMC-106', 'BSEMC'),
(1109, 'GAME PROGRAMMING 2', 'EMC-107', 'BSEMC'),
(1110, 'READINGS IN PHILIPPINE HISTORY', 'GEC-002', 'BSEMC'),
(1111, 'PHYSICS 1', 'PHY-001', 'BSEMC'),
(1112, 'INDIVIDUAL AND DUAL SPORTS', 'PE-213', 'BSEMC'),
(1113, 'DESIGN AND PRODUCTION PROCESS', 'EMC-113', 'BSEMC'),
(1114, 'APPLIED GAME PHYSICS', 'EMC-114', 'BSEMC'),
(1115, 'GAME NETWORKING', 'EMC-115', 'BSEMC'),
(1116, 'GAME PROGRAMMING 3', 'EMC-116', 'BSEMC'),
(1117, 'EMC PROFESSIONAL ELECTIVE 2 (WEB 1)', 'EMC-117', 'BSEMC'),
(1118, 'ART APPRECIATION', 'GEC-006', 'BSEMC'),
(1119, 'PGNC', 'SS-002', 'BSEMC'),
(1120, 'THE CONTEMPORARY WORLD', 'GEC-003', 'BSEMC'),
(1121, 'TEAM SPORTS', 'PE-004', 'BSEMC'),
(1122, 'DESIGN AND PRODUCTION PROCESS', 'EMC-113', 'BSEMC'),
(1123, 'APPLIED GAME PHYSICS', 'EMC-114', 'BSEMC'),
(1124, 'GAME NETWORKING', 'EMC-115', 'BSEMC'),
(1125, 'GAME PROGRAMMING 3', 'EMC-116', 'BSEMC'),
(1126, 'EMC PROFESSIONAL ELECTIVE 2 (WEB 1)', 'EMC-117', 'BSEMC'),
(1127, 'ART APPRECIATION', 'GEC-006', 'BSEMC'),
(1128, 'PGNC', 'SS-002', 'BSEMC'),
(1129, 'THE CONTEMPORARY WORLD', 'GEC-003', 'BSEMC'),
(1130, 'TEAM SPORTS', 'PE-004', 'BSEMC'),
(1131, 'CAPSTONE PROJECT 2', 'CCS-121', 'BSEMC'),
(1132, 'CURRENT TRENDS IN IT AND SEMINARS', 'CCS-115', 'BSEMC'),
(1133, 'GAME PRODUCTION', 'EMC-120', 'BSEMC'),
(1134, 'EMC PROFESSIONAL ELECTIVE 4 (SOCIAL PROFFESIONAL ISSUES)', 'EMC-121', 'BSEMC'),
(1135, 'PRACTICUM 2', 'CCS-114B', 'BSEMC'),
(1136, 'ETHICS', 'GEC-008', 'BSEMC'),
(1137, 'CAPSTONE PROJECT 2', 'CCS-121', 'BSEMC'),
(1138, 'CURRENT TRENDS IN IT AND SEMINARS', 'CCS-115', 'BSEMC'),
(1139, 'GAME PRODUCTION', 'EMC-120', 'BSEMC'),
(1140, 'EMC PROFESSIONAL ELECTIVE 4 (SOCIAL PROFFESIONAL ISSUES)', 'EMC-121', 'BSEMC'),
(1141, 'PRACTICUM 2', 'CCS-114B', 'BSEMC'),
(1142, 'ETHICS', 'GEC-008', 'BSEMC'),
(1143, 'PURPOSIVE COMMUNICATION', 'GEC005', 'BSOAD'),
(1144, 'ETHICS', 'GEC008', 'BSOAD'),
(1145, 'WEB DESIGN', 'COA212', 'BSOAD'),
(1146, 'FUNDAMENTALS OF KEYBOARDING', 'KB111', 'BSOAD'),
(1147, 'FOUNDATIONS OF SHORTHAND', 'STE111', 'BSOAD'),
(1148, 'ENVIRONMENTAL SCIENCE', 'GEE001', 'BSOAD'),
(1149, 'RHYTHMIC ACTIVITIES', 'PE002', 'BSOAD'),
(1150, 'NSTP-CWTS 2', 'NSTP112', 'BSOAD'),
(1151, 'PURPOSIVE COMMUNICATION', 'GEC005', 'BSOAD'),
(1152, 'ETHICS', 'GEC008', 'BSOAD'),
(1153, 'WEB DESIGN', 'COA212', 'BSOAD'),
(1154, 'FUNDAMENTALS OF KEYBOARDING', 'KB111', 'BSOAD'),
(1155, 'FOUNDATIONS OF SHORTHAND', 'STE111', 'BSOAD'),
(1156, 'ENVIRONMENTAL SCIENCE', 'GEE001', 'BSOAD'),
(1157, 'RHYTHMIC ACTIVITIES', 'PE002', 'BSOAD'),
(1158, 'NSTP-CWTS 2', 'NSTP112', 'BSOAD'),
(1159, 'STRATEGIC MANAGEMENT', 'CBM002', 'BSOAD'),
(1160, 'PROJECT MANAGEMENT', 'OEC301', 'BSOAD'),
(1161, 'WEB DESIGN', 'COA212', 'BSOAD'),
(1162, 'KEYBOARDING AND DOCUMENT PROCESSING', 'KB221', 'BSOAD'),
(1163, 'ADVANCED SHORTHAND', 'STE-112', 'BSOAD'),
(1164, 'SCIENCE TECHNOLOGY AND SOCIETY', 'GEC007', 'BSOAD'),
(1165, 'ADMINISTRATIVE AND OFFICE MANAGEMENT', 'OAD111', 'BSOAD'),
(1166, 'PRINCIPLES OF ACCOUNTING 2 (PART. & CORP.)', 'ACC122', 'BSOAD'),
(1167, 'INDIVIDUAL AND DUAL SPORTS', 'PE-003', 'BSOAD'),
(1168, 'STRATEGIC MANAGEMENT', 'CBM002', 'BSOAD'),
(1169, 'PROJECT MANAGEMENT', 'OEC301', 'BSOAD'),
(1170, 'WEB DESIGN', 'COA212', 'BSOAD'),
(1171, 'KEYBOARDING AND DOCUMENT PROCESSING', 'KB221', 'BSOAD'),
(1172, 'ADVANCED SHORTHAND', 'STE-112', 'BSOAD'),
(1173, 'SCIENCE TECHNOLOGY AND SOCIETY', 'GEC007', 'BSOAD'),
(1174, 'ADMINISTRATIVE AND OFFICE MANAGEMENT', 'OAD111', 'BSOAD'),
(1175, 'PRINCIPLES OF ACCOUNTING 2 (PART. & CORP.)', 'ACC122', 'BSOAD'),
(1176, 'INDIVIDUAL AND DUAL SPORTS', 'PE-003', 'BSOAD'),
(1177, 'SPECIALIZED SHORTHAND', 'STE301', 'BSOAD'),
(1178, 'PROJECT MANAGEMENT', 'OEC301', 'BSOAD'),
(1179, 'ENTREPRENEURAL BEHAVIOR AND COMPETENCIES', 'OCC305', 'BSOAD'),
(1180, 'THESIS WRITING', 'BAC008', 'BSOAD'),
(1181, 'OFFICE ADMINISTRATION INTERNSHIP', 'OAD213', 'BSOAD'),
(1182, 'TEAM SPORTS', 'PE004', 'BSOAD'),
(1183, 'SPECIALIZED SHORTHAND', 'STE301', 'BSOAD'),
(1184, 'PROJECT MANAGEMENT', 'OEC301', 'BSOAD'),
(1185, 'ENTREPRENEURAL BEHAVIOR AND COMPETENCIES', 'OCC305', 'BSOAD'),
(1186, 'THESIS WRITING', 'BAC008', 'BSOAD'),
(1187, 'OFFICE ADMINISTRATION INTERNSHIP', 'OAD213', 'BSOAD'),
(1188, 'TEAM SPORTS', 'PE004', 'BSOAD'),
(1189, 'SPECIALIZED SHORTHAND', 'STE301', 'BSOAD'),
(1190, 'PROJECT MANAGEMENT', 'OEC301', 'BSOAD'),
(1191, 'ENTREPRENEURAL BEHAVIOR AND COMPETENCIES', 'OCC305', 'BSOAD'),
(1192, 'THESIS WRITING', 'BAC008', 'BSOAD'),
(1193, 'OFFICE ADMINISTRATION INTERNSHIP', 'OAD213', 'BSOAD'),
(1194, 'TEAM SPORTS', 'PE004', 'BSOAD'),
(1195, 'SPECIALIZED PRACTICUM', 'OAD414', 'BSOAD'),
(1196, 'PURPOSIVE COMMUNICATION', 'GEE-005', 'BSBA-FMGT'),
(1197, 'ART APPRECIATION', 'GEC-006', 'BSBA-FMGT'),
(1198, 'SCIENCE, TECHNOLOGY AND SOCIETY', 'GEC-007', 'BSBA-FMGT'),
(1199, 'ETHICS', 'GEC-008', 'BSBA-FMGT'),
(1200, 'PHILIPPINE INDIGENOUS COMMUNITIES', 'GEE-006', 'BSBA-FMGT'),
(1201, 'NSTP- CWTS 2', 'NSTP-122', 'BSBA-FMGT'),
(1202, 'RHYTHMIC ACTIVITIES', 'PE-002', 'BSBA-FMGT'),
(1203, 'PRINCIPLES OF ACCOUNTING', 'ACC-111', 'BSBA-FMGT'),
(1204, 'PURPOSIVE COMMUNICATION', 'GEE-005', 'BSBA-FMGT'),
(1205, 'INTEGRATED BUSINESS COURSE', 'IBC-001', 'BSAIS'),
(1206, 'ENVIRONMENTAL SCIENCE', 'GEE-001', 'BSAIS'),
(1207, 'BUSINESS TAXATION', 'TAX-212', 'BSAIS'),
(1208, 'OPERATIONS MANAGEMENT (TQM)', 'CBM-001', 'BSAIS'),
(1209, 'INTRO TO ACCOUNTING INFORMATION SYSTEM', 'CAE-020', 'BSAIS'),
(1210, 'INTERMEDIATE ACCOUNTING 3', 'ACC-227', 'BSAIS'),
(1211, 'BUSINESS LAWS AND REGULATIONS', 'LAW-212', 'BSAIS'),
(1212, 'MANAGEMENT SCIENCE', 'CAE-004', 'BSAIS'),
(1213, 'STRATEGIC BUSINESS ANALYSIS', 'MGT-415', 'BSAIS'),
(1214, 'INDIVIDUAL & DUAL SPORTS', 'PE-003', 'BSAIS'),
(1215, 'ENVIRONMENTAL SCIENCE', 'GEE-001', 'BSAIS'),
(1216, 'BUSINESS TAXATION', 'TAX-212', 'BSAIS'),
(1217, 'OPERATIONS MANAGEMENT (TQM)', 'CBM-001', 'BSAIS'),
(1218, 'INTRO TO ACCOUNTING INFORMATION SYSTEM', 'CAE-020', 'BSAIS'),
(1219, 'INTERMEDIATE ACCOUNTING 3', 'ACC-227', 'BSAIS'),
(1220, 'BUSINESS LAWS AND REGULATIONS', 'LAW-212', 'BSAIS'),
(1221, 'MANAGEMENT SCIENCE', 'CAE-004', 'BSAIS'),
(1222, 'STRATEGIC BUSINESS ANALYSIS', 'MGT-415', 'BSAIS'),
(1223, 'INDIVIDUAL & DUAL SPORTS', 'PE-003', 'BSAIS'),
(1224, 'INTERNATIONAL BUSINESS AND TRADE', 'BAC-007', 'BSAIS'),
(1225, 'MANAGING INFORMATION AND TECHNOLOGY', 'PCE-003', 'BSAIS'),
(1226, 'INFORMATION SYSTEMS OPERATIONS & MAINTENANCE', 'PCE-004', 'BSAIS'),
(1227, 'COST ACCOUNTING & CONTROL', 'ACC-123', 'BSAIS'),
(1228, 'STATISTICAL ANALYSIS WITH SOFTWARE APPLICATION', 'MGT-313', 'BSAIS'),
(1229, 'BUSINESS ANALYTICS', 'PCE-009', 'BSAIS'),
(1230, 'STRATEGIC COST MANAGEMENT 1', 'ACC-226', 'BSAIS'),
(1231, 'PROJECT MANAGEMENT', 'PCE-001', 'BSAIS'),
(1232, 'TEAM SPORTS', 'PE-004', 'BSAIS'),
(1233, 'INTERNATIONAL BUSINESS AND TRADE', 'BAC-007', 'BSAIS'),
(1234, 'MANAGING INFORMATION AND TECHNOLOGY', 'PCE-003', 'BSAIS'),
(1235, 'INFORMATION SYSTEMS OPERATIONS & MAINTENANCE', 'PCE-004', 'BSAIS'),
(1236, 'COST ACCOUNTING & CONTROL', 'ACC-123', 'BSAIS'),
(1237, 'STATISTICAL ANALYSIS WITH SOFTWARE APPLICATION', 'MGT-313', 'BSAIS'),
(1238, 'BUSINESS ANALYTICS', 'PCE-009', 'BSAIS'),
(1239, 'FIELD STUDY 1 (OBSERVATIONS OF TEACHING-LEARNING IN ACTUAL SCHOOL LEARNING ENVIRONMENT)', 'FS-1', 'BSE-ENG'),
(1240, 'SPEECH AND THEATER ARTS', 'ENGL-508', 'BSE-ENG'),
(1241, 'TECHNICAL WRITING', 'ENGL-515', 'BSE-ENG'),
(1242, 'SURVEY OF ENGLISH AND AMERICAN LITERATURE', 'ENGL-513', 'BSE-ENG'),
(1243, 'INTRODUCTION TO INDUSTRIAL SECURITY CONCEPT', 'LEA-003', 'BSCRIM'),
(1244, 'HUMAN BEHAVIOR AND VICTIMOLOGY', 'CRIM-313', 'BSCRIM'),
(1245, 'SPECIALIZED CRIME INVESTIGATION W/ LEGAL MEDICINE', 'CDI-222', 'BSCRIM'),
(1246, 'INSTITUTIONAL CORRECTION', 'CA-001', 'BSCRIM'),
(1247, 'FORENSIC PHOTOGRAPHY W/ 1 HOUR LAB', 'FOR-001', 'BSCRIM'),
(1248, 'PERSONAL IDENTIFICATION', 'FOR-002', 'BSCRIM'),
(1249, 'CHARACTER FORMATION 1  NATIONALISM & PATRIOTISM', 'CLFM-001', 'BSCRIM'),
(1250, 'ORGANIC CHEMISTRY', 'ADGE-001', 'BSCRIM'),
(1251, 'FUNDAMENTALS OF MARKSMANSHIP', 'DT-004', 'BSCRIM'),
(1252, 'INTRODUCTION TO INDUSTRIAL SECURITY CONCEPT', 'LEA-003', 'BSCRIM'),
(1253, 'HUMAN BEHAVIOR AND VICTIMOLOGY', 'CRIM-313', 'BSCRIM'),
(1254, 'SPECIALIZED CRIME INVESTIGATION W/ LEGAL MEDICINE', 'CDI-222', 'BSCRIM'),
(1255, 'INSTITUTIONAL CORRECTION', 'CA-001', 'BSCRIM'),
(1256, 'FORENSIC PHOTOGRAPHY W/ 1 HOUR LAB', 'FOR-001', 'BSCRIM'),
(1257, 'PERSONAL IDENTIFICATION', 'FOR-002', 'BSCRIM'),
(1258, 'CHARACTER FORMATION 1  NATIONALISM & PATRIOTISM', 'CLFM-001', 'BSCRIM'),
(1259, 'ORGANIC CHEMISTRY', 'ADGE-001', 'BSCRIM'),
(1260, 'FUNDAMENTALS OF MARKSMANSHIP', 'DT-004', 'BSCRIM'),
(1261, 'PROFESSIONAL CONDUCT AND ETHICAL STANDARD', 'CRIM-324', 'BSCRIM'),
(1262, 'JUVENILE DELINQUENCY & JUVENILE JUSTICE SYSTEM', 'CRIM-325', 'BSCRIM'),
(1263, 'CRIMINAL LAW BOOK 2', 'CLJ-324', 'BSCRIM'),
(1264, 'TECHNICAL ENGLISH INVESTIGATIVE REPORT WRITING', 'CDI-325', 'BSCRIM'),
(1265, 'FIRE PROTECTION AND ARSON INVESTIGATION', 'CDI-326', 'BSCRIM'),
(1266, 'QUESTIONED DOCUMENTS EXAMINATION', 'FOR-004', 'BSCRIM'),
(1267, 'LIE DETECTION TECHNIQUE W/ 1 HR LAB', 'FOR-005', 'BSCRIM'),
(1268, 'NON INSTITUTIONAL CORRECTION', 'CA-002', 'BSCRIM'),
(1269, 'CRIMINOLOGICAL RESEARCH 2 (THESIS WRITING & PRESENTATION', 'CRIM-428', 'BSCRIM'),
(1270, 'CRIMINAL PROCEDURE AND COURT TESTIMONY', 'CLJ-426', 'BSCRIM'),
(1271, 'TECHNICAL ENGLISH 2 (LEGAL FORMS)', 'CDI-428', 'BSCRIM'),
(1272, 'INTRODUCTION TO CYBERCRIME AND ENVIRONMENTAL LAWS AND PROTECTION (W/1 HR LAB)', 'CDI-429', 'BSCRIM'),
(1273, 'FORENSIC BALLISTICS (W/HR LAB)', 'FOR-006', 'BSCRIM'),
(1274, 'INTERSHIP (OJT 2)', 'CP-422', 'BSCRIM'),
(1275, 'PRINCIPLES OF MANAGEMENT', 'MGT-111', 'BSBA-FMGT'),
(1276, 'WORLD LITERATURE', 'LIT-003', 'BSBA-FMGT'),
(1277, 'QUANTITATIVE TECHNIQUES IN BUSINESS', 'MTH-312', 'BSBA-FMGT'),
(1278, 'MATHEMATICAL ANALYSIS', 'MTH-313', 'BSBA-FMGT'),
(1279, 'STATISTICS (APPLIED TO BUSINESS)', 'MTH-224', 'BSBA-FMGT'),
(1280, 'BUSINESS AND TRANSFER TAX', 'TAX-002', 'BSBA-FMGT'),
(1281, 'MANAGERIAL ACCOUNTING', 'ACC-413', 'BSBA-FMGT'),
(1282, 'LAW ON NEGOTIABLE INSTRUMENTS', 'LAW-003', 'BSBA-FMGT'),
(1283, 'INTERACTIVE ENGLISH', 'ENG-003', 'BSBA-FMGT'),
(1284, 'PRINCIPLES OF MARKETING', 'MKT-111', 'BSBA-FMGT'),
(1285, 'PRINCIPLES OF ECONOMICS WITH LAND, REFORM, AND TAXATION', 'ECO-111', 'BSBA-FMGT'),
(1286, 'SOCIOLOGY & ANTHROPOLOGY', 'SSC-003', 'BSBA-FMGT'),
(1287, 'STRATEGIC FINANCIAL MANAGEMENT', 'FMT-416', 'BSBA-FMGT'),
(1288, 'LAW ON PARTNERSHIP AND CORPORATION', 'LAW-002', 'BSBA-FMGT'),
(1289, 'INTERNATIONAL FINANCE W/ ELECTRONIC BANKING', 'FMT-415', 'BSBA-FMGT'),
(1290, 'MANAGERIAL ECONOMICS', 'ECO-003', 'BSBA-FMGT'),
(1291, 'HUMAN RESOURCES MANAGEMENT', 'MGT223', 'BSOAD'),
(1292, 'PHILIPPINE INDIGENOUS COMMUNICATION', 'GEE-008', 'BSBA-MKMGT'),
(1293, 'FINANCIAL MANAGEMENT', 'ACC-424', 'BSBA-MKMGT'),
(1294, 'BUSINESS POLICY', 'MKT-407', 'BSBA-MKMGT'),
(1295, 'ETHICS & SOCIAL RESPONSIBILITY', 'MKMT-419', 'BSBA-MKMGT'),
(1296, 'FEASIBILITY STUDY EVALUATION', 'MKMT-422', 'BSBA-MKMGT'),
(1297, 'BCTRW', 'ENG-004', 'BSBA-MKMGT'),
(1298, 'MATH OF INVESTMENT', 'MTH-221', 'BSBA-MKMGT'),
(1299, 'SOCIOLOGY AND ANTHROPOLOGY', 'SSC-004', 'BSBA-MKMGT'),
(1300, 'PRINCIPLE OF MONEY, CREDIT, AND BANKING', 'FIN-111', 'BSBA-FMGT'),
(1301, 'FINANCIAL ACCOUNTING 1', 'ACC-213', 'BSBA-FMGT'),
(1302, 'HUMAN RESOURCES MANAGEMENT', 'MGT223', 'BSOAD'),
(1303, 'INFORMATION SECURITY AND MANAGEMENT', 'PCE-005', 'BSAIS'),
(1304, 'INTERNATIONAL BUSINESS AND TRADE', 'BAC-007', 'BSAIS'),
(1305, 'INDIGENOUS CREATIVE CRAFTS', 'GEE-002', 'BACOMM'),
(1306, 'READING VISUAL ART', 'GEE-003', 'BACOMM'),
(1307, 'BUSINESS TAXATION', 'TAX-002', 'BSAIS'),
(1308, 'LOGIC AND ETHICS', 'PHIL-001', 'BSAIS'),
(1309, 'PRINCIPLES OF ACCOUNTING(PART. AND CORP.)', 'ACC-122', 'BSAIS'),
(1310, 'FINANCIAL ACCOUNTING 1', 'ACC-213', 'BSAIS'),
(1311, 'BEHAVIORAL SCIENCE', 'BS-101', 'BSAIS'),
(1312, 'MATH ANALYSIS IN BUSINESS', 'MTH-314', 'BSAIS'),
(1313, 'FINANCIAL ACCOUNTING 2', 'ACC-224', 'BSAIS'),
(1314, 'MATHEMATICS OF INVESTMENT', 'MTH-214', 'BSAIS'),
(1315, 'PRODUCTION AND OPERATIONS MANAGEMENT', 'MGT-413', 'BSAIS'),
(1316, 'LAW ON NEGOTIABLE INSTRUMENTS', 'LAW-423', 'BSAIS'),
(1317, 'PHYSICAL FITNESS', 'PE-111', 'BSAIS'),
(1318, 'STRATEGIC MANAGEMENT FOR SME', 'ENTR-410', 'BS-ENTREP'),
(1319, 'LITERATURE', 'LIT-001', 'BSIT'),
(1320, 'UNDERSTANDING THE SELF', 'GEC001', 'BSIT'),
(1321, 'READING IN THE PHILIPPINE HISTORY', 'GEC002', 'BSIT'),
(1322, 'MATHEMATICS OF THE MODERN WORLD', 'GEC004', 'BSIT'),
(1323, 'DIGITAL GRAPHICS', 'CCS110', 'BSIT'),
(1324, 'DISCRETE MATHEMATICS', 'CCS124', 'BSIT'),
(1325, 'PAGBASA AT PAGSULAT TUNGO SA PANANALIKSIK', 'GEF-002', 'BSIT'),
(1326, 'CAPSTONE PROJECT AND RESEARCH 1', 'CCS-119', 'BSIT'),
(1327, 'INFORMATION ASSURANCE AND SECURITY 1', 'CCS-113', 'BSIT'),
(1328, 'PROBABILITY AND STATISTIC', 'PR-002', 'BSIT'),
(1329, 'PHYSICAL SCIENCE', 'NSC-001', 'BSBA-FMGT'),
(1330, 'COLLEGE ALGEBRA', 'MTH-111', 'BSBA-FMGT'),
(1331, 'INTERNSHIP IN MEDIA INDUSTRY', 'ABC-402', 'BACOMM'),
(1332, 'COMPUTER GRAPHICS 1 / VISUAL COMM', 'CS-223', 'BACOMM'),
(1333, 'ECOTOURISM', 'MAJ-14', 'BSTM'),
(1334, 'RECREATION, LEISURE & RESORT MANGEMENT', 'MAJ-11', 'BSTM'),
(1335, 'RESEARCH 2', 'MAJ-7B', 'BSTM'),
(1336, 'HOTEL / AIRLINE / TOURISM ESTABLISHMENT', 'PRAC-2', 'BSTM'),
(1337, 'SOCIOLOGY AND ANTHROPOLOGY', 'SS-224', 'BSTM'),
(1338, 'INTRO TO COMPUTER W/ WINDOWS & INTERNET', 'COM-111', 'BSBA-FMGT'),
(1339, 'DEVELOPMENTAL PSYCHOLOGY', 'PRC212', 'BSPSYCH'),
(1340, 'GENERAL ZOOLOGY', 'NSC211', 'BSPSYCH'),
(1341, 'PHILIPPINE INDIGENOUS COMMUNITIES', 'GEE001', 'BSPSYCH'),
(1342, 'FILIPINO 1', 'FIL001', 'BSPSYCH'),
(1343, 'BEHAVIORAL SCIENCES RESEARCH 2', 'BSC411', 'ABBS'),
(1344, 'INSTITUTIONAL DYNAMICS AND TRANSFORMATIONS', 'BSC413', 'ABBS'),
(1345, 'HUMAN RESOURCE MANAGEMENT AND DEVELOPMENT', 'BSC312', 'ABBS'),
(1346, 'INTRODUCTION TO COMPUTER APPLICATIONS', 'COM-001', 'ABBS'),
(1347, 'SOCIAL ARTS', 'HUM-002', 'ABBS'),
(1348, 'PSYCHOSOCIAL CONSEQUENCES, ASSESSMENT, TREATMENT AND PROGRAM PLANNING', 'CMH221', 'ABBS'),
(1349, 'ARGUMENTATION AND PROPOSITIONS', 'BSC224', 'ABBS'),
(1350, 'PHILIPPINE GOVERNMENT AND CONSTITUTION', 'SSC-002', 'ABBS'),
(1351, 'ORGANIZATIONAL BEHAVIOR', 'BRC221', 'ABBS'),
(1352, 'INTRODUCTION TO SOCIAL WORK', 'PSY321', 'ABBS'),
(1353, 'PSYCHOLOGY OF LANGUAGE', 'BSC213', 'ABBS'),
(1354, 'SIKOLOHIYAN FILIPINO', 'PSY221', 'ABBS'),
(1355, 'ANCIENT AND MEDIEVAL POLITICS', 'PS-233', 'ABPOLSCI'),
(1356, 'CIVIC WELFARE AND TRAINING SERVICES 2', 'NSTP-122', 'ABPOLSCI'),
(1357, 'ARGUMENTATION AND DEBATE', 'A2', 'ABPOLSCI'),
(1358, 'INTERNATIONAL AND REGIONAL ORGANIZATION', 'PS-313', 'ABPOLSCI'),
(1359, 'INTRO TO POLITICAL ANALYSIS', 'PS-321', 'ABPOLSCI'),
(1360, 'INTRO TO PHIL. GOVT & POLITICS', 'PS-212', 'ABPOLSCI'),
(1361, 'ANCIENT AND MEDIEVAL POLITICS', 'PS-223', 'ABPOLSCI'),
(1362, 'PARLIAMENTARY PROCEDURE', 'A3', 'ABPOLSCI'),
(1363, 'INTERNATIONAL LAW', 'PS-424', 'ABPOLSCI'),
(1364, 'INTRO TO PHIL GOVERNMENT AND POLITICS', 'PS-212', 'ABPOLSCI'),
(1365, 'HUMAN RIGHTS SITUATION IN THE PHILIPPINES', 'PS-411', 'ABPOLSCI'),
(1366, 'INTRO TO LAW', 'PSE-214', 'ABPOLSCI'),
(1367, 'BIOLOGICAL SCIENCE', 'NSC-002', 'ABPOLSCI'),
(1368, 'FUNDAMENTAL OF POLITICAL SCIENCE', 'PSM-111', 'ABPOLSCI'),
(1369, 'INTRO TO POLITICAL ANALYSIS AND RESEARCH', 'PS321', 'ABPOLSCI'),
(1370, 'INTERNATIONAL LAW', 'PSE221', 'ABPOLSCI'),
(1371, 'QUANTITATIVE ANALYSIS OF POLITICAL SCIENCE', 'PS-332', 'ABPOLSCI'),
(1372, 'PRACTICUM 2', 'PS-246', 'ABPOLSCI'),
(1373, 'SEMINAR IN POLITICAL SCIENCE', 'PS-472', 'ABPOLSCI'),
(1374, 'METHODS OF RESEARCH 2', 'PS-425', 'ABPOLSCI'),
(1375, 'SPREADSHEET', 'COM-002', 'ABPOLSCI'),
(1376, 'AMERICAN GOVERNMENT AND POLITICS', 'PS-412', 'ABPOLSCI'),
(1377, 'PHILIPPINE FOREIGN RELATION', 'POE-314', 'ABPOLSCI'),
(1378, 'EMC PROFESSIONAL ELECTIVE 3', 'EMC-119', 'BSEMC'),
(1379, 'INCOME TAXATION', 'TAX-001', 'BSBA-FMGT'),
(1380, 'FUNDAMENTALS OF MANAGEMENT', 'MGT-111', 'BSBA-MKMGT'),
(1381, 'FILIPINO SA IBA\'T-IBANG DISIPLINA', 'FIL-122', 'BSBA-MKMGT'),
(1382, 'WORLD GEOGRAPHY AND DESTINATION', 'HME006', 'BSHM'),
(1383, 'MANAGEMENT SCIENCE', 'CAE-004', 'BSAIS'),
(1384, 'CROWD CRISIS MANAGEMENT', 'HME005', 'BSHM'),
(1385, 'PRINCIPLES OF ACCOUNTING 1 (SOLE PROPRIETORSHIP)', 'ACC111', 'BSBA-FMGT'),
(1386, 'GOVERNMENT PLANNING AND DEVELOPMENT', 'BPA-109', 'BPA-SPECIAL'),
(1387, 'EFFECTIVE COMMUNICATION IN ORGANIZATION', 'BPA-106', 'BPA-SPECIAL'),
(1388, 'POLICY FORMULATION AND ADMINISTRATION', 'BPA-113', 'BPA-SPECIAL'),
(1389, 'COMPARATIVE PUBLIC ADMINISTRATION', 'BPA-117', 'BPA-SPECIAL'),
(1390, 'COMPUTER FUNDAMENTALS', 'BPA-108', 'BPA-SPECIAL'),
(1391, 'BEHAVIORAL SCIENCE RESEARCH 1', 'BRC311', 'BSPSYCH'),
(1392, 'COMMUNITY ORGANIZATIONS AND DEVELOPMENT', 'BRC314', 'BSPSYCH'),
(1393, 'DISASTER AND MENTAL HEALTH', 'BBC001', 'BSPSYCH'),
(1394, 'SOCIAL SYSTEM THEORY', 'BRC313', 'BSPYSCH'),
(1395, 'WRITING IN THE DISCIPLINE', 'ENG-002', 'N/A'),
(1396, 'PLANE TRIGONOMETRY', 'MTH-112', 'N/A'),
(1397, 'PHILIPPINE CRIMINAL JUSTICE SYSTEM', 'LEA-001', 'N/A'),
(1398, 'FORENSIC BALLISTICS', 'CRI-003', 'N/A'),
(1399, 'QUESTIONED DOCUMENTS', 'CRI-004', 'N/A'),
(1400, 'LEGAL MEDICINE', 'CRI-005', 'N/A'),
(1401, 'CRIMINAL LAW BOOK 2', 'CLJ-222', 'N/A'),
(1402, 'MARKSMANSHIP AND COMBAT SHOOTING', 'DT-003', 'N/A'),
(1403, 'LAW ENFORCEMENT OPERATIONS AND PLANNING WITH CRIME MAPPING', 'LEA-004', 'N/A'),
(1404, 'COMMUNICATION PLANNING', 'ABC-412', 'N/A');

-- --------------------------------------------------------

--
-- Table structure for table `cms_users`
--

CREATE TABLE `cms_users` (
  `id` int(11) NOT NULL,
  `uid` varchar(255) DEFAULT NULL,
  `school_id` varchar(20) DEFAULT NULL,
  `first_name` varchar(100) DEFAULT NULL,
  `last_name` varchar(100) DEFAULT NULL,
  `password` varchar(255) DEFAULT NULL,
  `role` varchar(20) DEFAULT NULL,
  `email` varchar(100) DEFAULT NULL,
  `phone` varchar(11) DEFAULT NULL
) ENGINE=InnoDB DEFAULT CHARSET=utf8mb4;

--
-- Dumping data for table `cms_users`
--

INSERT INTO `cms_users` (`id`, `uid`, `school_id`, `first_name`, `last_name`, `password`, `role`, `email`, `phone`) VALUES
(86, '', 'admin-root', 'root', 'admin', '$2y$10$tuBLhIjmOmUjs8gTai99yeMifut/Z1fiWg842CkzulpypMUzIKOdy', 'admin', '', ''),
(111, NULL, 'admin', 'Daniel', 'Carlo', '$2y$10$jkLKzDHPc2yt2EblUjp3S.G71QEbmFhoPBQSQBrGtPKDDarFJu7Iq', 'admin', 'siguedaniel@gmail.com', '09993939399'),
(156, NULL, 'coordinator1', 'andriel', 'gabriel', '$2y$10$XPHzncGCn4ZDYj98z0D82.LsMdu48Grur0FIXHMgzTS8t0PUI0BaO', 'coordinator', 'soraxhaku@gmail.com', '09923754982'),
(157, NULL, 'instructor1', 'vin', 'dela cruz', '$2y$10$vA9KIbQ8LtN/idmJF.XI8eN2Gh5l9QEKBGYw9XZgU6keRXKWJd172', 'instructor', 'soraxhaku@gmail.com', '09923568732'),
(158, NULL, 'Instructor2', 'Instructor2', 'Instructor2', '$2y$10$7ACuDSYQqE7jr/wONOB3RexWi7HWUDxgddrrhnQiaLQT1nAbZiuhK', 'instructor', NULL, NULL),
(159, NULL, 'student1', 'john', 'cena', '$2y$10$TwVTWOgQwi5e3ab4t2HaFuYM88Y5SgU0JIDJn2L9POxIVrvgPv4x2', 'student', NULL, NULL),
(160, NULL, 'administrator', 'Andriel', 'Gabriel', '$2y$10$Di1.mDaBZxqatJALGGpEqOutKEmY2/H6wdSRohUyecHJ90WZYnfT.', 'admin', 'andrielgeomergabriel07@gmail.com', '09358029754'),
(161, NULL, '209385923752', 'tite', 'tite', '$2y$10$62maYdkNaDLfYJcorw1/Vep1S6GgRvW1Vv7JlndQchONGT/Qohttu', 'coordinator', 'soraxhaku@gmail.com', '09345345353');

-- --------------------------------------------------------

--
-- Table structure for table `fgms_schedule_list`
--

CREATE TABLE `fgms_schedule_list` (
  `id` int(11) NOT NULL,
  `title` text NOT NULL,
  `description` text NOT NULL,
  `start_datetime` datetime NOT NULL,
  `end_datetime` datetime DEFAULT NULL
) ENGINE=InnoDB DEFAULT CHARSET=utf8mb4;

--
-- Dumping data for table `fgms_schedule_list`
--

INSERT INTO `fgms_schedule_list` (`id`, `title`, `description`, `start_datetime`, `end_datetime`) VALUES
(3, 'Core Exercise', 'Coach: May Pearl ', '2022-12-15 11:41:00', '2022-12-17 11:41:00'),
(5, 'Core Exercise', 'Coach Vince', '2023-01-28 07:30:00', '2023-01-28 08:30:00');

-- --------------------------------------------------------

--
-- Table structure for table `fgms_tbl_events`
--

CREATE TABLE `fgms_tbl_events` (
  `id` int(11) NOT NULL,
  `title` varchar(255) NOT NULL,
  `start` date NOT NULL,
  `end` date NOT NULL
) ENGINE=InnoDB DEFAULT CHARSET=utf8mb4;

--
-- Dumping data for table `fgms_tbl_events`
--

INSERT INTO `fgms_tbl_events` (`id`, `title`, `start`, `end`) VALUES
(6, 'bday ko', '2022-11-03', '2022-11-04'),
(10, 'Core Exercise 1pm', '2022-12-02', '2022-12-03'),
(11, 'asdasd', '2022-12-03', '2022-12-04'),
(12, 'zxc', '2022-12-02', '2022-12-03');

-- --------------------------------------------------------

--
-- Table structure for table `fgms_tb_upload`
--

CREATE TABLE `fgms_tb_upload` (
  `id` int(11) NOT NULL,
  `name` varchar(50) NOT NULL,
  `image` varchar(75) NOT NULL,
  `age` varchar(255) NOT NULL,
  `description` varchar(255) NOT NULL
) ENGINE=InnoDB DEFAULT CHARSET=utf8mb4;

--
-- Dumping data for table `fgms_tb_upload`
--

INSERT INTO `fgms_tb_upload` (`id`, `name`, `image`, `age`, `description`) VALUES
(19, 'Solenn Heussaff', '63d00942dbe61.jpg', '37', 'Yoga Trainer'),
(20, 'Vince Velasco', '63d0095f93efd.jpg', '31', 'Core Trainer');

-- --------------------------------------------------------

--
-- Table structure for table `fgms_useracc`
--

CREATE TABLE `fgms_useracc` (
  `id` int(11) NOT NULL,
  `email` varchar(255) NOT NULL,
  `password` varchar(255) NOT NULL,
  `name` varchar(255) NOT NULL,
  `code` varchar(255) NOT NULL,
  `status` varchar(255) NOT NULL,
  `user_type` varchar(255) NOT NULL DEFAULT 'user',
  `acc_created` date NOT NULL
) ENGINE=InnoDB DEFAULT CHARSET=utf8mb4;

--
-- Dumping data for table `fgms_useracc`
--

INSERT INTO `fgms_useracc` (`id`, `email`, `password`, `name`, `code`, `status`, `user_type`, `acc_created`) VALUES
(6, '20200113m.santos.lyndale.bscs@gmail.com', '$2y$10$uUSTxnQotxYjlTwyLnK7nOXfRP3kAy86i/SkBQp7hGPc0IxTlSGkO', 'kyle', '0', 'verified', 'user', '2023-04-01');

-- --------------------------------------------------------

--
-- Table structure for table `fgms_userdata`
--

CREATE TABLE `fgms_userdata` (
  `id` int(11) NOT NULL,
  `email` varchar(255) NOT NULL,
  `name` varchar(255) NOT NULL,
  `surname` varchar(255) NOT NULL,
  `bday` varchar(255) NOT NULL,
  `age` varchar(255) NOT NULL,
  `gender` varchar(255) NOT NULL
) ENGINE=InnoDB DEFAULT CHARSET=utf8mb4;

--
-- Dumping data for table `fgms_userdata`
--

INSERT INTO `fgms_userdata` (`id`, `email`, `name`, `surname`, `bday`, `age`, `gender`) VALUES
(5, '20200113m.santos.lyndale.bscs@gmail.com', 'kyle', 'santos', '2023-04-08', '21', 'MALE');

-- --------------------------------------------------------

--
-- Table structure for table `fgms_usertable`
--

CREATE TABLE `fgms_usertable` (
  `id` int(11) NOT NULL,
  `name` varchar(255) NOT NULL,
  `surname` varchar(255) NOT NULL,
  `email` varchar(255) NOT NULL,
  `password` varchar(255) NOT NULL,
  `code` varchar(255) NOT NULL,
  `status` varchar(255) NOT NULL,
  `bday` varchar(255) NOT NULL,
  `age` varchar(255) NOT NULL,
  `gender` varchar(255) NOT NULL,
  `user_type` varchar(255) NOT NULL DEFAULT 'user',
  `acc_created` date NOT NULL
) ENGINE=InnoDB DEFAULT CHARSET=utf8mb4;

--
-- Dumping data for table `fgms_usertable`
--

INSERT INTO `fgms_usertable` (`id`, `name`, `surname`, `email`, `password`, `code`, `status`, `bday`, `age`, `gender`, `user_type`, `acc_created`) VALUES
(16, 'May Pearl ', 'Rivera', '20200111m.rivera.maypearl.bscs@gmail.com', '$2y$10$xJ3z8VHtcha1T0cUCOELDeTyJbrcVe1tski0/bwZpvjsBZniepwkG', '434621', 'verified', '2002-01-10', '20', 'FEMALE', 'staff', '0000-00-00'),
(17, 'Ma. Loelaida', 'Clave', '20200889m.clave.maloelaida.bscs@gmail.com', '$2y$10$9N3EgrWYVatsWXDHjcgiiO5BihQHiFAJyghKVsncIdDL281kV66wi', '0', 'verified', '2022-11-01', '25', 'FEMALE', 'user', '0000-00-00'),
(30, 'Lyndale Kyle', 'Santos', 'matatempura@gmail.com', '$2y$10$JXalw1qTqsU./Eh7Mt6d1Osmyj92xmAX5eWxaf/QNpuiNb4ki.m6O', '0', 'verified', '2022-12-03', '25', 'MALE', 'admin', '0000-00-00'),
(37, 'Natalia', 'Moon', 'nataliamoonavakin@gmail.com', '$2y$10$RjtRDj/hdjWcrseYt2gVretLwhJYgTxmGgGBrt5fYDoVvZ9IyGB3W', '0', 'verified', '2002-01-23', '20', 'FEMALE', 'user', '0000-00-00'),
(41, 'reynaldo', 'santos', 'reysan123123@gmail.com', '$2y$10$NYt1T3bAWA3e7mxncU1B9e7wVHq45Z2/S.p4.Iib2eNhq/jBZOhA6', '0', 'verified', '2023-03-04', '13', 'MALE', 'user', '2023-03-31');

-- --------------------------------------------------------

--
-- Table structure for table `hrs_tbladmin`
--

CREATE TABLE `hrs_tbladmin` (
  `ID` int(11) NOT NULL,
  `AdminName` varchar(120) DEFAULT NULL,
  `UserName` varchar(200) DEFAULT NULL,
  `MobileNumber` bigint(20) DEFAULT NULL,
  `Email` varchar(200) DEFAULT NULL,
  `Password` varchar(200) DEFAULT NULL,
  `AdminRegdate` timestamp NULL DEFAULT current_timestamp()
) ENGINE=InnoDB DEFAULT CHARSET=utf8mb4;

--
-- Dumping data for table `hrs_tbladmin`
--

INSERT INTO `hrs_tbladmin` (`ID`, `AdminName`, `UserName`, `MobileNumber`, `Email`, `Password`, `AdminRegdate`) VALUES
(1, 'Jasper Macaraeg', 'admin', 9213279723, 'rastatel.hotel@gmail.com', '0192023a7bbd73250516f069df18b500', '2022-11-28 11:33:14');

-- --------------------------------------------------------

--
-- Table structure for table `hrs_tblbooking`
--

CREATE TABLE `hrs_tblbooking` (
  `ID` int(11) NOT NULL,
  `RoomId` int(11) DEFAULT NULL,
  `BookingNumber` varchar(120) DEFAULT NULL,
  `RoomNumber` varchar(255) DEFAULT NULL,
  `UserID` int(11) NOT NULL,
  `IDType` varchar(120) DEFAULT NULL,
  `Gender` varchar(50) DEFAULT NULL,
  `CheckinDate` varchar(200) DEFAULT NULL,
  `CheckoutDate` varchar(200) DEFAULT NULL,
  `ArrivalTime` varchar(255) DEFAULT NULL,
  `BookingDate` timestamp NULL DEFAULT current_timestamp(),
  `Remark` varchar(255) DEFAULT NULL,
  `Status` varchar(50) DEFAULT NULL,
  `UpdationDate` timestamp NULL DEFAULT NULL ON UPDATE current_timestamp()
) ENGINE=InnoDB DEFAULT CHARSET=utf8mb4;

--
-- Dumping data for table `hrs_tblbooking`
--

INSERT INTO `hrs_tblbooking` (`ID`, `RoomId`, `BookingNumber`, `RoomNumber`, `UserID`, `IDType`, `Gender`, `CheckinDate`, `CheckoutDate`, `ArrivalTime`, `BookingDate`, `Remark`, `Status`, `UpdationDate`) VALUES
(1, 1, '172718699', '101', 1, 'National ID', 'Male', '2022-12-17', '2022-12-19', '10:15', '2022-12-17 14:11:15', 'Check out kana orayt', 'Check out', '2022-12-18 03:35:38'),
(2, 1, '264307462', '101', 1, 'National ID', 'Male', '2022-12-18', '2022-12-22', '19:00', '2022-12-18 03:48:25', 'Check out kana', 'Check out', '2022-12-18 05:20:19'),
(3, 2, '287767619', '201', 1, 'Voters ID', 'Male', '2022-12-18', '2022-12-22', '22:21', '2022-12-18 05:21:53', 'CHECK!', 'Check out', '2022-12-19 04:14:54'),
(4, 1, '168314342', '101', 1, 'National ID', 'Male', '2022-12-19', '2022-12-22', '18:32', '2022-12-19 07:30:43', 'Check out ', 'Check out', '2022-12-19 07:32:28'),
(5, 1, '560069738', '101', 4, 'SSS ID', 'Male', '2022-12-20', '2022-12-22', '15:34', '2022-12-19 07:34:37', 'Check', 'Check in', '2023-01-16 03:32:38'),
(6, 1, '779806499', NULL, 27, 'National ID', 'Male', '2022-12-21', '2022-12-23', '03:40', '2022-12-20 05:35:00', 'd', 'Approved', '2023-01-16 03:32:51'),
(7, 2, '586227777', NULL, 26, 'National ID', 'Male', '2023-02-23', '2023-02-28', '11:00', '2023-02-22 02:50:30', '123', 'Approved', '2023-03-20 07:45:37'),
(8, 1, '761868719', NULL, 26, 'National ID', 'Male', '2023-03-07', '2023-03-10', '14:30', '2023-03-07 04:21:38', NULL, NULL, NULL),
(9, 2, '976846992', '201', 28, 'National ID', 'Male', '2023-03-09', '2023-03-10', '11:00', '2023-03-09 04:07:08', 'Check In', 'Check in', '2023-03-09 04:38:03'),
(10, 1, '321078004', NULL, 1, 'National ID', 'Male', '2023-03-09', '2023-03-15', '15:35', '2023-03-09 04:34:04', NULL, NULL, NULL),
(11, 1, '450279635', NULL, 1, 'National ID', 'Male', '2023-03-09', '2023-03-10', '15:37', '2023-03-09 04:35:35', NULL, NULL, NULL),
(12, 1, '375521599', NULL, 1, 'National ID', 'Male', '2023-03-17', '2023-03-18', '10:01', '2023-03-17 11:01:19', NULL, NULL, NULL);

-- --------------------------------------------------------

--
-- Table structure for table `hrs_tblcategory`
--

CREATE TABLE `hrs_tblcategory` (
  `ID` int(11) NOT NULL,
  `CategoryName` varchar(120) DEFAULT NULL,
  `Description` mediumtext DEFAULT NULL,
  `Price` int(11) NOT NULL,
  `Date` timestamp NULL DEFAULT current_timestamp()
) ENGINE=InnoDB DEFAULT CHARSET=utf8mb4;

--
-- Dumping data for table `hrs_tblcategory`
--

INSERT INTO `hrs_tblcategory` (`ID`, `CategoryName`, `Description`, `Price`, `Date`) VALUES
(1, 'Single Room', 'A single hotel room is designed to accommodate a single person or couple. Our single rooms have a dimension of 40 sq. meters and is equipped with a single bed, a small bedside table, a bathroom, television and air-conditioning, and a small wardrobe.', 4000, '2022-12-08 09:54:11'),
(2, 'Double Room', 'A double room in a hotel is a room designed to accommodate the needs of guests that wish to share a bed. There are a few differences between hotels and motels, but for most of them, a standard double room contains one king-size bed that can accommodate two or more people.', 4000, '2022-12-08 09:54:45'),
(3, 'Executive Suite', 'An executive suite in its most general definition is a collection of offices or roomsor suiteused by top managers of a businessor executives. Over the years, this general term has taken on a variety of specific meanings.', 5000, '2022-12-08 09:55:13'),
(4, 'Deluxe Room', 'Deluxe rooms, are modern decorated, can accommodate up to 2 persons, totally soundproofed and equipped with high tech comforts such as high speed internet access, USB ports , smart TV, room cleaning touch system and private hydromassage bathtub. ROOM FACILITIES. Free internet. Coffee / Tea maker.', 4500, '2022-12-08 10:22:41'),
(5, 'Presidential Suite', 'The Presidential Suite perfectly accommodates the celebrity, diplomat or a high-profile business meeting, delivering impeccable elegance, luxury and personal service. The suite offers 312 sqm / 3,358 sqf of luxury. Luxury two-bedroom suite with separate sitting room, kitchenette and dining area.', 6000, '2022-12-08 10:23:31');

-- --------------------------------------------------------

--
-- Table structure for table `hrs_tblcontact`
--

CREATE TABLE `hrs_tblcontact` (
  `ID` int(11) NOT NULL,
  `Name` varchar(200) DEFAULT NULL,
  `MobileNumber` bigint(20) DEFAULT NULL,
  `Email` varchar(200) DEFAULT NULL,
  `Message` mediumtext DEFAULT NULL,
  `EnquiryDate` timestamp NULL DEFAULT current_timestamp(),
  `IsRead` int(11) DEFAULT NULL
) ENGINE=InnoDB DEFAULT CHARSET=utf8mb4;

--
-- Dumping data for table `hrs_tblcontact`
--

INSERT INTO `hrs_tblcontact` (`ID`, `Name`, `MobileNumber`, `Email`, `Message`, `EnquiryDate`, `IsRead`) VALUES
(1, 'John Kenneth Adriano', 916438177, 'jkadriano2002@gmail.com', 'Lorem ipsum dolor sit amet', '2022-12-14 15:11:56', 1),
(2, 'John Kenneth Adriano', 9164381772, '20200227m.adriano.kenneth.bscs@gmail.com', 'this is a test message\r\n', '2022-12-16 09:52:13', 1),
(3, 'FRANCIS MIGUEL VILLANUEVA SILGUERA', 9755087969, '20200115.silguera.francis.bscs@gmail.com', 'Hello', '2022-12-19 07:04:24', NULL),
(4, 'LUCKY T. TEH', 9673099802, '123@gmail.com', ' ganda po ng place at solid yung kama di \r\numaatungal pag binabayo ko gf ko naka 16 rounds kami sa hotel nato! highly recommended!!!', '2023-03-09 04:09:23', 1),
(5, 'Jasper Macaraeg', 9213279723, 'jasper.macaraeg41@gmail.com', 'hello', '2023-03-17 11:15:27', 1);

-- --------------------------------------------------------

--
-- Table structure for table `hrs_tblfacility`
--

CREATE TABLE `hrs_tblfacility` (
  `ID` int(11) NOT NULL,
  `FacilityTitle` varchar(200) DEFAULT NULL,
  `Description` mediumtext DEFAULT NULL,
  `Image` varchar(200) DEFAULT NULL,
  `CreationDate` timestamp NULL DEFAULT current_timestamp()
) ENGINE=InnoDB DEFAULT CHARSET=utf8mb4;

--
-- Dumping data for table `hrs_tblfacility`
--

INSERT INTO `hrs_tblfacility` (`ID`, `FacilityTitle`, `Description`, `Image`, `CreationDate`) VALUES
(1, 'Gym', 'A gym is a large room, usually containing special equipment, where people go to do physical exercise and get fit. The gym has exercise bikes and running machines. While some guests play golf, others work out in the hotel gym. The large gym offers a variety of exercise equipment and weights going up to 100 pounds.', '286d66b228742c7472fd97ef0d534e991670553459.jpg', '2022-12-08 07:32:55'),
(2, 'Spa', 'A spa is a location where mineral-rich spring water (and sometimes seawater) is used to give medicinal baths. Spa towns or spa resorts (including hot springs resorts) typically offer various health treatments, which are also known as balneotherapy.', '517dcc35f07ca8e52cfdd588ac861dc51670484801.jpg', '2022-12-08 07:33:21'),
(3, 'Swimming Pool', '\r\nA swimming pool is a large hole in the ground that has been made and filled with water so that people can swim in it. Synonyms: swimming baths, pool, baths, lido More Synonyms of swimming pool.', 'e2dacc0cae9b86f5174b13cb28d6a9ab1670484870.jpg', '2022-12-08 07:34:30'),
(4, 'Car Parking', 'Parking is the act of stopping and disengaging a vehicle and leaving it unoccupied. Parking on one or both sides of a road is often permitted, though sometimes with restrictions.', '57ad846a2065d7eaaba4b4cfc46579181670484916.jpg', '2022-12-08 07:35:16');

-- --------------------------------------------------------

--
-- Table structure for table `hrs_tblpage`
--

CREATE TABLE `hrs_tblpage` (
  `ID` int(11) NOT NULL,
  `PageType` varchar(120) DEFAULT NULL,
  `PageTitle` varchar(200) DEFAULT NULL,
  `PageDescription` mediumtext DEFAULT NULL,
  `Email` varchar(120) DEFAULT NULL,
  `MobileNumber` bigint(20) DEFAULT NULL,
  `UpdationDate` timestamp NULL DEFAULT NULL ON UPDATE current_timestamp()
) ENGINE=InnoDB DEFAULT CHARSET=utf8mb4;

--
-- Dumping data for table `hrs_tblpage`
--

INSERT INTO `hrs_tblpage` (`ID`, `PageType`, `PageTitle`, `PageDescription`, `Email`, `MobileNumber`, `UpdationDate`) VALUES
(1, 'aboutus', 'Rastatel', 'Located near Tiantan Park, just a 10-minute walk from the National Center for the Performing Arts and Tiananmen Square. Built in 1956 it has old school charm and many rooms still feature high, crown-molded ceilings. A 2012 renovation brought all rooms and services up to modern day scratch and guestrooms come equipped with free Wi-Fi and all the usual amenities required for a comfortable stay.\r\n\r\nOur hotel offers ultimate comfort and luxury. This 4-storied hotel is a beautiful combination of traditional grandeur and modern facilities. The 255 exclusive guest rooms are furnished with a range of modern amenities such as television and internet access. International direct-dial phone and safe are also available in any of these rooms. Wake-up call facility is also available in these rooms. ', NULL, NULL, '2022-12-18 13:30:41'),
(2, 'contactus', 'Contact Us', '130 J. Ramos St. Caloocan City', 'rastatel.hotel@gmail.com', 9213279723, '2022-12-17 05:23:53');

-- --------------------------------------------------------

--
-- Table structure for table `hrs_tblroom`
--

CREATE TABLE `hrs_tblroom` (
  `ID` int(11) NOT NULL,
  `RoomType` int(11) DEFAULT NULL,
  `RoomName` varchar(200) DEFAULT NULL,
  `Availability` varchar(20) DEFAULT NULL,
  `RoomQuantity` int(11) DEFAULT NULL,
  `Price` int(11) DEFAULT NULL,
  `MaxAdult` int(11) DEFAULT NULL,
  `MaxChild` int(11) DEFAULT NULL,
  `RoomDesc` mediumtext DEFAULT NULL,
  `NoofBed` int(11) DEFAULT NULL,
  `Image` varchar(200) DEFAULT NULL,
  `RoomFacility` varchar(200) DEFAULT NULL,
  `CreationDate` timestamp NULL DEFAULT current_timestamp()
) ENGINE=InnoDB DEFAULT CHARSET=utf8mb4;

--
-- Dumping data for table `hrs_tblroom`
--

INSERT INTO `hrs_tblroom` (`ID`, `RoomType`, `RoomName`, `Availability`, `RoomQuantity`, `Price`, `MaxAdult`, `MaxChild`, `RoomDesc`, `NoofBed`, `Image`, `RoomFacility`, `CreationDate`) VALUES
(1, 1, 'Deluxe Suite Single', 'Available', 9, 4000, 2, 2, 'Deluxe rooms, are modern decorated, can accommodate up to 2 persons, totally soundproofed and equipped with high tech comforts such as high speed internet access, USB ports , smart TV, room cleaning touch system and private hydromassage bathtub.', 1, 'c8fa9b0a78f263905d51c37b8a40e20d1671189997jpeg', '', '2022-12-16 11:26:37'),
(2, 2, 'Double Room', 'Available', 8, 4000, 2, 2, 'A double room in a hotel is a room designed to accommodate the needs of guests that wish to share a bed. There are a few differences between hotels and motels, but for most of them, a standard double room contains one king-size bed that can accommodate two or more people', 1, '156005c5baf40ff51a327f1c34f2975b1670558580.jpg', 'Gym,Spa,Swimming Pool,Car Parking', '2022-12-09 04:03:00'),
(3, 3, 'Executive Suite', 'Available', 10, 5000, 3, 2, 'The Executive Suite is a stylish one-bedroom suite with king sized bed decorated in neutral tones, 46 square meters in size and with a separate living and dining area. Additional amenities for the suites include a washing machine & dryer.', 2, '15122543984299e7bba1e3e6fc0589d31670558621.jpg', 'Gym,Spa,Swimming Pool,Car Parking', '2022-12-09 04:03:41'),
(4, 4, 'Rastatel Deluxe Room', 'Available', 10, 4500, 2, 3, 'Deluxe rooms, are modern decorated, can accommodate up to 2 persons, totally soundproofed and equipped with high tech comforts such as high speed internet access, USB ports , smart TV, room cleaning touch system and private hydromassage bathtub. ROOM FACILITIES.', 1, '3161c8c86da72b715e6f9c1d0d9913221670558681.jpg', 'Gym,Spa,Swimming Pool,Car Parking', '2022-12-09 04:04:41'),
(5, 5, 'Rastatel Presidential Suite Room', 'Available', 10, 6000, 5, 2, 'The Presidential Suite perfectly accommodates the celebrity, diplomat or a high-profile business meeting, delivering impeccable elegance, luxury and personal service. The suite offers 312 sqm / 3,358 sqf of luxury. Luxury two-bedroom suite with separate sitting room, kitchenette and dining area.', 2, '1ddd0092bd10ade87455d2ceccb1c73e1670660507.jpg', 'Gym,Spa,Swimming Pool,Car Parking', '2022-12-09 04:05:32');

-- --------------------------------------------------------

--
-- Table structure for table `hrs_tblroomnumber`
--

CREATE TABLE `hrs_tblroomnumber` (
  `ID` int(11) NOT NULL,
  `RoomName` varchar(255) DEFAULT NULL,
  `RoomNumber` int(11) DEFAULT NULL,
  `Status` varchar(255) DEFAULT NULL
) ENGINE=InnoDB DEFAULT CHARSET=utf8mb4;

--
-- Dumping data for table `hrs_tblroomnumber`
--

INSERT INTO `hrs_tblroomnumber` (`ID`, `RoomName`, `RoomNumber`, `Status`) VALUES
(1, 'Deluxe Suite Single', 101, 'Not Available'),
(2, 'Rastatel Presidential Suite Room', 502, 'Not Available'),
(3, 'Double Room', 201, 'Available'),
(4, 'Deluxe Room', 403, 'Available'),
(9, 'Double Room', 202, 'Available'),
(10, 'Deluxe Suite Single', 102, 'Available'),
(11, 'Deluxe Suite Single', 103, 'Available'),
(12, 'Deluxe Suite Single', 104, 'Available'),
(13, 'Double Room', 203, 'Available'),
(14, 'Rastatel Presidential Suite Room', 501, 'Available'),
(15, 'Executive Suite', 301, 'Available'),
(16, 'Executive Suite', 302, 'Available'),
(17, 'Rastatel Deluxe Room', 401, 'Available');

-- --------------------------------------------------------

--
-- Table structure for table `hrs_tblstaff`
--

CREATE TABLE `hrs_tblstaff` (
  `ID` int(11) NOT NULL,
  `StaffName` varchar(255) DEFAULT NULL,
  `UserName` varchar(255) DEFAULT NULL,
  `MobileNumber` varchar(255) DEFAULT NULL,
  `Email` varchar(255) DEFAULT NULL,
  `Password` varchar(255) DEFAULT NULL,
  `StaffRegDate` timestamp NULL DEFAULT current_timestamp()
) ENGINE=InnoDB DEFAULT CHARSET=utf8mb4;

--
-- Dumping data for table `hrs_tblstaff`
--

INSERT INTO `hrs_tblstaff` (`ID`, `StaffName`, `UserName`, `MobileNumber`, `Email`, `Password`, `StaffRegDate`) VALUES
(1, 'John Kenneth Adriano', 'staffadriano', '09123456789', 'staffadriano@gmail.com', 'de9bf5643eabf80f4a56fda3bbb84483', '2022-12-14 14:57:24'),
(2, 'Francis Silguera', 'staff_francis', '09856789621', 'francisstaff@gmail.com', 'de9bf5643eabf80f4a56fda3bbb84483', '2022-12-18 03:06:55');

-- --------------------------------------------------------

--
-- Table structure for table `hrs_tbluser`
--

CREATE TABLE `hrs_tbluser` (
  `ID` int(11) NOT NULL,
  `FullName` varchar(200) DEFAULT NULL,
  `MobileNumber` bigint(20) DEFAULT NULL,
  `Email` varchar(120) DEFAULT NULL,
  `Gender` varchar(255) DEFAULT NULL,
  `ProfileImage` varchar(255) DEFAULT NULL,
  `Password` varchar(120) DEFAULT NULL,
  `IsVerified` varchar(20) DEFAULT NULL,
  `RegDate` timestamp NULL DEFAULT current_timestamp()
) ENGINE=InnoDB DEFAULT CHARSET=utf8mb4;

--
-- Dumping data for table `hrs_tbluser`
--

INSERT INTO `hrs_tbluser` (`ID`, `FullName`, `MobileNumber`, `Email`, `Gender`, `ProfileImage`, `Password`, `IsVerified`, `RegDate`) VALUES
(1, 'Jasper Macaraeg ', 9213279723, 'jasper.macaraeg42@gmail.com', 'Male', '4865a036408f788cce8e3fabcbc6b5a61671560689.jpg', '202cb962ac59075b964b07152d234b70', 'Yes', '2022-12-14 12:47:36'),
(2, 'John Kenneth', 9163281772, 'jkadriano2002@gmail.com', 'Male', NULL, '698d51a19d8a121ce581499d7b701668', 'Yes', '2022-12-14 12:50:50'),
(4, 'FRANCIS MIGUEL VILLANUEVA SILGUERA', 9212023063, '20200115.silguera.francis.bscs@gmail.com', 'Male', NULL, '426a6214d30516f30c74e9a881cec101', 'Yes', '2022-12-15 05:30:42'),
(5, 'John Kenneth Adriano', 9163281772, '20200227m.adriano.kenneth.bscs@gmail.com', 'Male', NULL, '698d51a19d8a121ce581499d7b701668', 'Yes', '2022-12-16 09:08:03'),
(25, 'Cardo Dalisay', 3214099124, 'skylangit24@gmail.com', 'Male', NULL, '202cb962ac59075b964b07152d234b70', 'Yes', '2022-12-17 08:36:00'),
(26, 'FRANCIS MIGUEL VILLANUEVA SILGUERA', 9212023063, 'francismiguel.silguera@gmail.com', 'Male', '46ed9a2debb2b07786a4c4e1bfe0703b1676803563jpeg', '0607f73c39ca9d2ccf373eafd1bd6ed6', 'Yes', '2022-12-19 07:53:36'),
(27, 'Cis', 9212023063, '20200115m.silguera.francis.bscs@gmail.com', 'Male', NULL, '202cb962ac59075b964b07152d234b70', 'Yes', '2022-12-20 02:41:10'),
(28, 'LUCKY T. TEH', 9673099802, 'andremndnts@gmail.com', 'Male', NULL, '202cb962ac59075b964b07152d234b70', 'Yes', '2023-03-09 04:06:21'),
(29, 'Jasper Macaraeg', 921327972, 'jasper.macaraeg41@gmail.com', 'Male', NULL, '202cb962ac59075b964b07152d234b70', 'Yes', '2023-03-16 12:38:40');

-- --------------------------------------------------------

--
-- Table structure for table `jaks_admin_account`
--

CREATE TABLE `jaks_admin_account` (
  `ID` bigint(20) UNSIGNED NOT NULL,
  `name` varchar(255) NOT NULL,
  `email` varchar(255) NOT NULL,
  `username` varchar(255) NOT NULL,
  `password` varchar(255) NOT NULL,
  `usertype` varchar(255) NOT NULL
) ENGINE=InnoDB DEFAULT CHARSET=utf8mb4;

--
-- Dumping data for table `jaks_admin_account`
--

INSERT INTO `jaks_admin_account` (`ID`, `name`, `email`, `username`, `password`, `usertype`) VALUES
(1, 'Gem Layco', 'preciousgemlayco95@gmail.com', 'Gem', '96bb51ce9593ef95ad9c5e1029a2082f', 'Admin'),
(2, 'Gem Layco', 'preciousgemlayco95@gmail.com', 'Gem', '61ba84cfef21c1a4451b99698b994680', 'Admin'),
(3, 'admin', 'admin@gmail.com', 'admin', '8bbd79aae9888d3f00567fe517d37aff', 'Admin');

-- --------------------------------------------------------

--
-- Table structure for table `jaks_booknow`
--

CREATE TABLE `jaks_booknow` (
  `ID` bigint(20) UNSIGNED NOT NULL,
  `booknum` text DEFAULT NULL,
  `fullname` varchar(255) NOT NULL,
  `mobile_number` text NOT NULL,
  `home_address` varchar(255) NOT NULL,
  `email` varchar(255) NOT NULL,
  `carname` varchar(255) NOT NULL,
  `from_date` varchar(255) NOT NULL,
  `to_date` varchar(255) NOT NULL,
  `payment` bigint(20) NOT NULL,
  `status` varchar(255) DEFAULT NULL,
  `IDimage` varchar(255) NOT NULL
) ENGINE=InnoDB DEFAULT CHARSET=utf8mb4;

--
-- Dumping data for table `jaks_booknow`
--

INSERT INTO `jaks_booknow` (`ID`, `booknum`, `fullname`, `mobile_number`, `home_address`, `email`, `carname`, `from_date`, `to_date`, `payment`, `status`, `IDimage`) VALUES
(1, '291178119', 'jalyn gutierrez', '9553254794', 'Caloocan City', '20200096m.gutierrez.jalyn.bscs@gmail.com', 'Mitsubishi Mirage G4 2022', '2023-03-09', '2023-03-10', 15000, 'Confirm', 'asset/images/ids/WIN_20230217_13_58_02_Pro.jpg'),
(2, '164938425', 'Sharmaine Layco', '922', 'HAHAHEHEHIHI', 'laycosharmaine2@gmail.com', 'Chery Tiggo 8 Pro 2022', '2023-03-10', '2023-03-23', 234000, 'Confirm', 'asset/images/ids/Free_Sample_By_Wix (3).jpg'),
(3, '620273722', 'jalyn gutierrez', '9553254794', 'Caloocan City', '20200096m.gutierrez.jalyn.bscs@gmail.com', 'Chery Tiggo 8 Pro 2022', '2023-03-11', '2023-03-31', 360000, 'Confirm', 'asset/images/ids/WIN_20230217_13_57_58_Pro.jpg'),
(4, '168011483', 'jalyn gutierrez', '9553254794', 'Caloocan City', '20200096m.gutierrez.jalyn.bscs@gmail.com', 'Mitsubishi Mirage G4 2022', '2023-03-11', '2023-03-22', 165000, 'Confirm', 'asset/images/ids/WIN_20230217_13_57_58_Pro.jpg'),
(5, '186813046', 'jalyn gutierrez', '9553254794', 'Caloocan City', '20200096m.gutierrez.jalyn.bscs@gmail.com', 'Honda CR-V 2022', '2023-03-11', '2023-04-06', 468000, 'Confirm', 'asset/images/ids/WIN_20230216_19_23_25_Pro.jpg'),
(6, '126987468', 'jalyn gutierrez', '9553254794', 'Caloocan City', '20200096m.gutierrez.jalyn.bscs@gmail.com', 'Mitsubishi Strada 2022', '2023-03-11', '2023-03-12', 15000, 'Confirm', 'asset/images/ids/WIN_20230216_19_23_25_Pro.jpg'),
(7, NULL, 'jalyn gutierrez', '911111111', 'CITY', '20200096m.gutierrez.jalyn.bscs@gmail.com', 'Suzuki Jimny 2022', '2023-03-14', '2023-03-22', 96000, 'Pending', 'asset/images/ids/manggul jar.jpeg');

-- --------------------------------------------------------

--
-- Table structure for table `jaks_brands`
--

CREATE TABLE `jaks_brands` (
  `ID` bigint(20) UNSIGNED NOT NULL,
  `BRAND_NAME` varchar(255) NOT NULL
) ENGINE=InnoDB DEFAULT CHARSET=utf8mb4;

--
-- Dumping data for table `jaks_brands`
--

INSERT INTO `jaks_brands` (`ID`, `BRAND_NAME`) VALUES
(1, 'TOYOTA'),
(2, 'MITSUBISHI'),
(3, 'HONDA'),
(4, 'SUZUKI'),
(5, 'FORD'),
(6, 'NISSAN'),
(7, 'HYUNDAI'),
(8, 'ISUZU'),
(9, 'CHEVROLET'),
(10, 'KIA'),
(11, 'CHERRY'),
(12, 'GEELY');

-- --------------------------------------------------------

--
-- Table structure for table `jaks_carlist`
--

CREATE TABLE `jaks_carlist` (
  `ID` bigint(20) UNSIGNED NOT NULL,
  `NAME` varchar(255) NOT NULL,
  `BRAND` varchar(255) NOT NULL,
  `SEATER` int(11) NOT NULL,
  `FUEL` varchar(255) NOT NULL,
  `NAME_TYPE` varchar(255) NOT NULL,
  `TRANSMISSION` varchar(255) NOT NULL,
  `PLATE_NUMBER` varchar(255) NOT NULL,
  `CODING` varchar(255) NOT NULL,
  `REG_OR` varchar(255) NOT NULL,
  `IMAGE` varchar(255) NOT NULL,
  `OVERVIEW` text NOT NULL,
  `PRICE` int(11) NOT NULL,
  `STATUS` int(11) NOT NULL
) ENGINE=InnoDB DEFAULT CHARSET=utf8mb4;

--
-- Dumping data for table `jaks_carlist`
--

INSERT INTO `jaks_carlist` (`ID`, `NAME`, `BRAND`, `SEATER`, `FUEL`, `NAME_TYPE`, `TRANSMISSION`, `PLATE_NUMBER`, `CODING`, `REG_OR`, `IMAGE`, `OVERVIEW`, `PRICE`, `STATUS`) VALUES
(2, 'Mitsubishi Mirage G4 2022', '2', 3, '1', '5', '4', 'TBD 869', 'FRIDAY', 'SEPTEMBER 9, 2021', 'asset/images/png/Mitsubishi-Mirage-G4.png', 'The Mirage G4s interior is black and comes with black fabric seats with a new geometric design. The infotainment system is 7-inches in size, and standard for all models.  The Mirage G4 is powered by a three-cylinder 1.2-liter engine. The 1.2-liter power plant produces 76 hp and 100 Nm of torque. Power is sent to the front wheel either by a 5-speed manual or a CVT.', 15000, 1),
(3, 'Mitsubishi Strada 2022', '2', 3, '4', '4', '5', 'TGS 362', 'MONDAY', 'FEBRUARY 11, 2021', 'asset/images/png/Mitsubishi-Strada.png', 'The Mitsubishi Strada is athletic, agile, and sporty yet promising to conquer any country roads. Quality is emphasized on the interior with soft-pad materials. Despite the facelift, the Strada now only runs with a 2.4-liter 4 in-line Clean Diesel with Variable Geometry Turbo and MIVEC 4N15 engine, scrapping the former 2.5-liter Common Rail Direct Injection 4D56 diesel engine. That leaves the Strada nameplate with one powerplant, which can produce 181 hp and 430 Nm of torque. ', 15000, 1),
(4, 'Honda Brio 2022', '3', 3, '1', '3', '4', 'ZGA 621', 'MONDAY', 'JANUARY 6, 2021', 'asset/images/png/Honda-Brio.png', 'Honda Cars Philippines, Incorporated (HCPI) latest small hatchback has much to like in a good looking and compact package. As the entry-level offering from Honda, it features small exterior proportions, but with a deceptively large cabin. With multiple trim options, including the stylish RS Blacktop variant, the hatchback can appeal to a wide audience looking for a fuel-efficient car thats reliable and easy to maneuver. ', 15000, 0),
(5, 'Honda CR-V 2022', '3', 4, '2', '2', '2', 'THS 141', 'MONDAY', 'JANUARY 12, 2021', 'asset/images/png/Honda-CR-V.png', 'The Honda CR-V stands for Comfortable Runabout Vehicle. is available in two variants  the 7-seater diesel and 5-seater gasoline. The diesel-powered CR-V has 3 subvariants: SX Diesel 9AT AWD, S Diesel 9AT, and V Diesel 9AT. All of these will be using the 1.6 i-DTEC turbodiesel engine and a 9-speed automatic transmission with Electronic Gear Selector.', 18000, 1),
(6, 'Suzuki Jimny 2022', '4', 2, '1', '7', '5', 'XAG 662', 'MONDAY', 'FEBRUARY 13, 2021', 'asset/images/png/Suzuki-Jimny.png', 'Suzuki Jimny small SUV redesign has undoubtedly struck a chord with the market. The turn of events was enough to stretch Suzuki reservation list to great lengths even before the models release. With a short wheelbase, a proper 4x4 system, and an exterior that is well-laden with rugged and quirky styling, Jimny will surely be able to traverse any terrain as well as turn some heads while its at it. ', 12000, 0),
(7, 'Suzuki Celerio 2022', '4', 3, '2', '3', '1', 'TNS 526', 'WEDNESDAY', 'JUNE 1, 2021', 'asset/images/png/Suzuki-Celerio.png', 'The Suzuki Celerio is Suzukis The small hatchback features an updated 3D organic sculpted design as seen on the sleek and rounded front fascia, improved cargo capacity of 295 Liters, while additional space can be had thanks to its 60:40 split and folding seats. Powered by Suzukis K10C three-cylinder 1.0-liter engine. The DOHC engine produces 66 hp and 89 Nm of torque. The engine can be either had with a five-speed manual transmission.', 15000, 0),
(8, 'Ford F-150 2022', '5', 3, '2', '4', '2', 'UOI 629', 'FRIDAY', 'SEPTEMBER 4, 2021', 'asset/images/png/Ford-F-150 .png', 'Ford Philippines launched the 2020 Ford F-150 on June 24, 2020. The Ford F-150 returns to the market powered by a 3.5-liter twin-turbo V6 motor making 375hp and 600 Nm of torque. Power is sent to the wheels via a 10-speed automatic transmission for all models. it is currently available with two variants the Lariat and the Platinum variant. The range-topping Platinum is the only variant of the pickup truck to come with a four-wheel-drive system.', 15000, 0),
(9, 'Ford Mustang 2022', '5', 2, '1', '8', '5', 'XET 737', 'THURSDAY', 'JULY 6, 2021', 'asset/images/png/Ford-Mustang.png', 'The Stang has a sleeker set of fog lamps and a new layout for its front DRLs that matches its taillights. Inside, this coupe gets a refreshed cabin with new materials for its trims. Theres also the 2.3L 4-cylinder EcoBoost with a huge power output of 310 hp and 434 Nm of torque, thanks to its turbocharger. These powerful mills are paired to a 10-speed Select Shift automatic transmission.', 12000, 0),
(10, 'Nissan GT-R 2022', '6', 2, '3', '8', '1', 'WBY 722', 'MONDAY', 'FEBRUARY 6, 2021', 'asset/images/png/Nissan-GT-R.png', 'The Nissan GT-R is a leather-trimmed cabin for four people. It has a Dual Zone Automatic Climate Control and a Bose Sound System. The driver will appreciate the Push Start capability, large gauges, and Nissan Hard Drive Navigation system with a seven-inch touchscreen display. At the core of the Nissan GT-R is a 3.8L six-cylinder engine that produces 570 hp and 633 Nm of torque. It\'s connected to a six-speed dual-clutch automatic transmission that has three driver-selectable modes. ', 12000, 0),
(11, 'Nissan Navara 2022', '6', 3, '4', '4', '5', 'TVK 227', 'THURSDAY', 'JULY 3, 2021', 'asset/images/png/Nissan-Navara.png', 'The Nissan Navara is a midsize pickup truck 2.5-liter 16-valve engine runs the Nissan Navara, which starts at 161 hp with 403 Nm of torque for the base model, while the range-topping variants have 187 hp with 450 Nm of torque. Transmission options include a six-speed manual or seven-speed automatic, while the drivetrain can either come in 4x2 or 4x4 configurations.', 15000, 0),
(12, 'Hyundai Palisade 2022', '7', 5, '4', '2', '1', 'HAY 361', 'MONDAY', 'JANUARY 9, 2021', 'asset/images/png/Hyundai-Palisade.png', 'Hyundai Philippines has a new flagship for the three-row SUV segment, called the Palisade. The Palisade will be categorized as a premium midsized SUV thats equipped with versatile cargo space and passenger room. Every Palisade seating row offers USB outlets for convenience for each passenger, seven in total. Theres also an industry-first roof vent diffuser that provides a focused, partially-diffused or fully-diffused stream of air to rear passengers.', 20000, 0),
(13, 'Hyundai Ioniq Hybrid 2022', '7', 3, '2', '3', '1', 'AGR 161', 'MONDAY', 'JANUARY 6, 2021', 'asset/images/png/Hyundai-Ioniq-Hybrid.png', 'Hybrid is Hyundai flag-bearer in the realm of hybrid vehicles in the country. This gives the car a combined fuel efficiency of 24 km/l. Its 1.6-liter Atkinson cycle engine generates 105 hp and is paired to a dual-clutch 6-speed transmission. An electric motor puts out an additional 43 hp, which, all in all, spurs out 139 hp. There is also a 12-volt Lithium-Ion Polymer under the hood. Additional features include a 60:40 split-folding capability of the rear seats, as well as an electrically-adjustable driver seat. ', 15000, 0),
(14, 'Isuzu D-MAX 2022', '8', 3, '4', '4', '5', 'AGB 135', 'WEDNESDAY', 'MAY 5, 2021', 'asset/images/png/Isuzu-D-MAX.png', 'The Isuzu D-MAX is Isuzu Philippines entry to the midsize pickup truck segment. Its the Japanese brand workhorse that\'s designed to take on any road and any job. The D-MAX inherited the reliability of the Fuego and its other predecessors. Aside from its new looks, the latest D-MAX also stepped up in terms of safety, plus, it underpins Isuzu\'s latest Dynamic Drive Platform. ', 15000, 0),
(15, 'Chevrolet Camaro 2022', '9', 2, '1', '8', '1', ' QRB 472', 'MONDAY', 'FEBRUARY 20, 2021', 'asset/images/png/Chevrolet-Camaro.png', 'The Camaro long muscle car heritage and its stint as Bumblebee in the Transformers movie. The RS package includes 20-inch wheels, LED headlamps with an LED light bar, dark tail lamps, black front, and rear bowtie emblems, and RS-specific grille. The Camaro seats 4, with leather seats and a slew of modern-day gizmos cleverly blended in with the demeanor that this car evokes. Under its hood is Chevys 2.0L Ecotec engine. ', 4000, 0),
(16, 'Chevrolet Suburban 2022', '9', 5, '1', '7', '3', 'VWT 372', 'MONDAY', 'FEBRUARY 21, 2021', 'asset/images/png/Chevrolet-Suburban.png', 'Chevrolet Philippines premium SUV in the country. A sculpted body and minimalist side and rear maintain a classy look. Eight people can enjoy the premium leather seats, tri-zone air conditioning, and Bose premium sound system. Available in either rear-wheel or all-wheel drive, the Chevrolet Suburban runs on a 5.3L EcoTec V8 engine that produces 355 hp with 516 Nm of torque. Transmission is a six-speed automatic with Tow/Haul mode. ', 20000, 0),
(17, 'Kia Sportage 2022', '10', 3, '4', '2', '1', 'HJS 262', 'MONDAY', 'FEBRUARY 14, 2021', 'asset/images/png/Kia-Sportage.png', 'The all-new Kia Sportage is powered by a R 2.0L in-line 4 e-VGT CRDi DOHC diesel engine that improves emissions, fuel efficiency, NVH (noise, vibration, and harshness), and response. When it comes to safety, it will not shy away from its competitors with features such as Blind Spot Detection, Rear Cross Traffic Alert, Park Assist System, Auto Cruise Control, Vehicle Stability Management, Drive Mode Select, and the Autonomous Emergency Braking (AEB). ', 15000, 0),
(18, 'Kia Carnival 2022', '10', 4, '4', '1', '3', 'JAK 371', 'MONDAY', 'JANUARY 16, 2021', 'asset/images/png/Kia-Carnival.png', 'The Kia Carnival serves as the brand entry into the minivan segment in the Philippines. It now comes with a more imposing look thanks to new proportions that make it look like a stretched SUV. It is now powered by a 2.0-liter turbo diesel engine that is mated to an 8-speed automatic transmission that sends power only to the front wheels. It is available in two variants the EX and SX with each bringing compelling and exciting features to the GUV.', 18000, 0),
(19, 'Chery Tiggo 8 Pro 2022', '11', 4, '3', '2', '1', 'NYA 724', 'TUESDAY', 'APRIL 1, 2021', 'asset/images/png/Chery-Tiggo-8-Pro.png', 'The Chery Tiggo 8 Pro is the latest offering from the automaker that comes with three different variants available. The first is a 1.6-liter turbocharged engine, the next is a bigger 2.0-liter turbo motor, and the third engine option is a 1.5-liter hybrid drivetrain. It comes with all the amenities one would expect from a crossover of its class such as leather seats and a large 12.3-inch touchscreen infotainment system.', 18000, 1),
(20, 'Geely Azkarra 2022', '12', 3, '2', '2', '3', 'BRY 622', 'MONDAY', 'FEBRUARY 7, 2021', 'asset/images/png/Geely-Azkarra.png', 'The Geely Azkarra crossover comes with a mild hybrid system that is mated to a 1.5-liter 3-cylinder turbocharged engine. There are currently two variants available with the top of the line getting the mild hybrid option. The hybrid system comes in the form of a 48V Energy Management System that helps store energy as well as direct power to either add more power to the vehicle or put it into the electric-only mode for short durations.  ', 15000, 0),
(21, 'Geely Coolray 2022', '12', 2, '3', '2', '1', 'VSY 947', 'THURSDAY', 'JUNE 12, 2021', 'asset/images/png/Geely-Coolray.png', 'Geely Coolray the vehicle is 4,300mm long, 1,800mm wide, and 1,609mm tall. It features LED daytime running lights as well as LED headlights for the range-topping Sport variant. Powering the crossover is a 1.5-liter 3-cylinder turbocharged gasoline engine that produces 177 hp and 255 Nm of torque, which is connected to a 7-speed wet dual-clutch transmission.', 12000, 0),
(22, 'Suzuki APV 2022', '4', 5, '3', '6', '2', 'TBS 235', 'WEDNESDAY', 'MAY 6, 2021', 'asset/images/png/Suzuki-APV.png', 'Powering the Suzuki APV is a 1.6-liter SOHC 16-valve engine that has a 5-speed manual transmission. With its vast cabin space and functionality, tried and tested durability, and power figures reaching 91 hp and 127 Nm of torque, the APV certainly is more than capable of surviving the daily grind to arrive home, freshen up a bit, and be on the road all over again to celebrate life with loved ones.', 20000, 0),
(23, 'Nissan 370Z 2022', '6', 1, '3', '8', '5', 'WGE 943', 'TUESDAY', 'MARCH 14, 2021', 'asset/images/png/Nissan-370Z.png', 'The Nissan 370Z is the brand 2-door, 2-seater sports car in the Philippines. It comes available with three variants, two of which are the regular version of the 370z in their automatic and manual forms respectively, while the other variant is the NISMO version of the vehicle.3.7-liter naturally aspirated V6 gasoline engine that produces 327hp and 363 Nm of torque. It can be had with either a 6-speed manual or a 7-speed automatic transmission for the premium variants. ', 10000, 0),
(24, 'Isuzu mu-X 2022', '8', 5, '4', '7', '1', 'NRU 151', 'MONDAY', 'JANUARY 9, 2021', 'asset/images/png/Isuzu-mu-X.png', 'Isuzu mu-X  There are two powertrain options available for the all-new Isuzu mu-X. The Blue Power range of engines includes the base 1.9-liter RZ4E turbo diesel motor that churns out the same figures as before, respectively, 148 hp and 350 Nm of torque. The other one is a 3.0-liter Blue Power turbo diesel engine that puts out a healthier 187 hp and 450 Nm of torque.', 18000, 0);

-- --------------------------------------------------------

--
-- Table structure for table `jaks_coding`
--

CREATE TABLE `jaks_coding` (
  `ID` int(11) NOT NULL,
  `CODING` varchar(255) NOT NULL
) ENGINE=InnoDB DEFAULT CHARSET=utf8mb4;

--
-- Dumping data for table `jaks_coding`
--

INSERT INTO `jaks_coding` (`ID`, `CODING`) VALUES
(1, 'MONDAY'),
(2, 'TUESDAY'),
(3, 'WEDNESDAY'),
(4, 'THURSDAY'),
(5, 'FRIDAY');

-- --------------------------------------------------------

--
-- Table structure for table `jaks_contact_us`
--

CREATE TABLE `jaks_contact_us` (
  `ID` bigint(20) UNSIGNED NOT NULL,
  `name` varchar(255) NOT NULL,
  `email` varchar(255) NOT NULL,
  `subject` text NOT NULL,
  `message` text NOT NULL
) ENGINE=InnoDB DEFAULT CHARSET=utf8mb4;

--
-- Dumping data for table `jaks_contact_us`
--

INSERT INTO `jaks_contact_us` (`ID`, `name`, `email`, `subject`, `message`) VALUES
(2, 'kenj', 'kenj@gmail.com', 'kenjie panget', 'Si kenjie tanga na bobo pa kagigil'),
(3, 'jay', 'jalynguts@gmail.com', 'asdasdad', 'asda'),
(4, 'das', 'staff@gmail.com', 'bahonishar', 'fadfafa'),
(5, 'KENJIE', 'tulog@gmail.com', 'tulog siya', 'bwiset ka kenjie bat ka natulog'),
(6, 'jay', 'jalyn@gmail.com', 'jalyn', 'ganda ko'),
(7, 'laro', 'laro@gmail.com', 'laro kayo', 'maglalaro ba kayo?'),
(8, 'kenjie', 'kenjie@gmail.com', 'kenjie bat ka natulog?', 'kenjie inaantay ka namen kagabe '),
(9, 'KENJ', 'Panget@gmail.com', 'panget ba si kenjie? ', 'OO SOBRANG PANGET NIYA TALAGA GRAVE'),
(10, 'xu_pau', 'pauclm.inc@gmail.com', 'wala lang', 'hi nakauwi na ko\r\n'),
(11, 'memememme', 'mememe@gmail.com', 'INA NYO', 'tangina ina mo');

-- --------------------------------------------------------

--
-- Table structure for table `jaks_fuel`
--

CREATE TABLE `jaks_fuel` (
  `ID` bigint(20) UNSIGNED NOT NULL,
  `FUEL` varchar(255) NOT NULL
) ENGINE=InnoDB DEFAULT CHARSET=utf8mb4;

--
-- Dumping data for table `jaks_fuel`
--

INSERT INTO `jaks_fuel` (`ID`, `FUEL`) VALUES
(1, 'GASOLINE'),
(2, 'HYBRID'),
(3, 'DIESEL'),
(4, 'GASOLINE/DIESEL');

-- --------------------------------------------------------

--
-- Table structure for table `jaks_login`
--

CREATE TABLE `jaks_login` (
  `ID` bigint(20) UNSIGNED NOT NULL,
  `email` varchar(255) NOT NULL,
  `username` varchar(255) NOT NULL,
  `password` varchar(255) NOT NULL,
  `usertype` varchar(255) NOT NULL DEFAULT 'user'
) ENGINE=InnoDB DEFAULT CHARSET=utf8mb4;

--
-- Dumping data for table `jaks_login`
--

INSERT INTO `jaks_login` (`ID`, `email`, `username`, `password`, `usertype`) VALUES
(1, 'jalynguts01@gmail.com', 'jalynguts01', '123456789', 'user'),
(2, 'alleliarsua09@gmail.com', 'ali0909', '25d55ad283aa400af464c76d713c07ad', 'user'),
(3, '20200083m.arsua.alleli.bscs@gmail.com', 'aliali', '827ccb0eea8a706c4c34a16891f84e7b', 'user'),
(4, '20200096m.gutierrez.jalyn.bscs@gmail.com', 'user', 'fcc2f9401365876d98641fdadc13095b', 'user'),
(5, 'laycosharmaine2@gmail.com', 'slayco', '5463a720f5e216dd8282430ba2cd63b5', 'user'),
(6, 'alleliarsua09@gmail.com', 'ali99999', 'e807f1fcf82d132f9bb018ca6738a19f', 'user'),
(7, 'pauclm.inc@gmail.com', 'paucolmo', 'd9d484bcca8fc22e7a71f9bac82c6913', 'user'),
(8, 'remalayco@gmail.com', 'Rems_22', '61ba84cfef21c1a4451b99698b994680', 'Admin'),
(9, 'preciousgemlayco95@gmail.com', 'Gem', '96bb51ce9593ef95ad9c5e1029a2082f', 'Admin'),
(10, 'preciousgemlayco95@gmail.com', 'Gem', '61ba84cfef21c1a4451b99698b994680', 'Admin'),
(11, 'sj6.karceo22@joysistvi.edu.ph', 'Kenjie_Staff', 'e10adc3949ba59abbe56e057f20f883e', 'Staff'),
(12, 'remalayco22@gmail.com', 'Rema Layco', '96bb51ce9593ef95ad9c5e1029a2082f', 'Staff'),
(13, 'kenjietulog@gmail.com', 'kenjietulog', 'e40f01afbb1b9ae3dd6747ced5bca532', 'Staff'),
(14, 'kenjietulog@gmail.com', 'jjjy', '1bbd886460827015e5d605ed44252251', 'user'),
(15, 'staff01@gmail.com', 'staff01', '14d97b01fb72041f1fbec6a49ef07bc8', 'Staff'),
(16, 'admin@gmail.com', 'admin', '8bbd79aae9888d3f00567fe517d37aff', 'Admin'),
(17, 'laycoador28@gmail.com', 'Ador Layco', '96bb51ce9593ef95ad9c5e1029a2082f', 'user'),
(18, '202040079@psu.palawan.edu.ph', 'Ron', '96bb51ce9593ef95ad9c5e1029a2082f', 'user'),
(19, 'sj6.karceo22@joysistvi.edu.ph', 'arzizizizi', 'e10adc3949ba59abbe56e057f20f883e', 'user'),
(20, 'johnloydconag17@gmail.com', 'Bakal_ako', '51f42ef3f3faee5f44ac23a26cc9b8ed', 'user');

-- --------------------------------------------------------

--
-- Table structure for table `jaks_name_type`
--

CREATE TABLE `jaks_name_type` (
  `ID` bigint(20) UNSIGNED NOT NULL,
  `NAME_TYPE` varchar(255) NOT NULL
) ENGINE=InnoDB DEFAULT CHARSET=utf8mb4;

--
-- Dumping data for table `jaks_name_type`
--

INSERT INTO `jaks_name_type` (`ID`, `NAME_TYPE`) VALUES
(1, 'MINIVAN'),
(2, 'CROSSOVER'),
(3, 'HATCHBACK'),
(4, 'PICKUP'),
(5, 'SEDAN'),
(6, 'MPV'),
(7, 'SUV'),
(8, 'COUPE');

-- --------------------------------------------------------

--
-- Table structure for table `jaks_seater`
--

CREATE TABLE `jaks_seater` (
  `ID` bigint(20) UNSIGNED NOT NULL,
  `SEATER` int(11) NOT NULL
) ENGINE=InnoDB DEFAULT CHARSET=utf8mb4;

--
-- Dumping data for table `jaks_seater`
--

INSERT INTO `jaks_seater` (`ID`, `SEATER`) VALUES
(1, 2),
(2, 4),
(3, 5),
(4, 7),
(5, 8);

-- --------------------------------------------------------

--
-- Table structure for table `jaks_staff_account`
--

CREATE TABLE `jaks_staff_account` (
  `ID` bigint(20) UNSIGNED NOT NULL,
  `name` varchar(255) NOT NULL,
  `email` varchar(255) NOT NULL,
  `username` varchar(255) NOT NULL,
  `password` varchar(255) NOT NULL,
  `usertype` varchar(255) NOT NULL
) ENGINE=InnoDB DEFAULT CHARSET=utf8mb4;

--
-- Dumping data for table `jaks_staff_account`
--

INSERT INTO `jaks_staff_account` (`ID`, `name`, `email`, `username`, `password`, `usertype`) VALUES
(1, 'jalyn gutierrez', 'jalynguts@gmail.com', '', '123456', 'staff'),
(2, 'jay', 'staff@gmail.com', 'staff01', '25f9e794323b453885f5181f1b624d0b', 'staff'),
(3, 'sharmaine layco', 'sharmainelayco@gmail.com', 'slayco', '55587a910882016321201e6ebbc9f595', 'staff'),
(4, 'SHARMAINE', 'laycosharmaine2@gmail.com', 'Sharmaine Layco', 'f5b9271f6791c2c464c2218496b04e4d', 'Staff'),
(5, 'sharmaine', 'laycosharmaine2@gmail.com', 'laycosharmaine2', 'e10adc3949ba59abbe56e057f20f883e', 'Staff'),
(6, 'jalyn gutierrez', 'jalynguts01@gmail.com', 'jalynguts', '25f9e794323b453885f5181f1b624d0b', 'Staff'),
(7, 'jalyn gutierrez', 'jalynguts01@gmail.com', 'jalynguts', '25f9e794323b453885f5181f1b624d0b', 'Staff'),
(8, 'jalyn gutierrez', 'jalynguts01@gmail.com', 'jalynguts', '25f9e794323b453885f5181f1b624d0b', 'Staff'),
(9, 'Sharmaine Layco', 'sharmainelayco@gmail.com', 'sha', '25f9e794323b453885f5181f1b624d0b', 'Staff'),
(10, 'Kenjie Arceo', 'sj6.karceo22@joysistvi.edu.ph', 'Kenjie_Staff', 'e429ffa72c8219d83abe7abbb7fc23e3', 'Staff'),
(11, 'Rema Layco', 'remalayco22@gmail.com', 'Rema Layco', '96bb51ce9593ef95ad9c5e1029a2082f', 'Staff'),
(12, 'kenj', 'kenjietulog@gmail.com', 'kenjietulog', 'e40f01afbb1b9ae3dd6747ced5bca532', 'Staff'),
(13, 'Staff', 'staff01@gmail.com', 'staff01', '14d97b01fb72041f1fbec6a49ef07bc8', 'Staff');

-- --------------------------------------------------------

--
-- Table structure for table `jaks_transmission`
--

CREATE TABLE `jaks_transmission` (
  `ID` bigint(20) UNSIGNED NOT NULL,
  `TRANSMISSION` varchar(255) NOT NULL
) ENGINE=InnoDB DEFAULT CHARSET=utf8mb4;

--
-- Dumping data for table `jaks_transmission`
--

INSERT INTO `jaks_transmission` (`ID`, `TRANSMISSION`) VALUES
(1, 'AUTOMATIC'),
(2, 'MANUAL'),
(3, 'CVT'),
(4, 'AUTOMATIC/CVT'),
(5, 'AUTOMATIC/MANUAL');

-- --------------------------------------------------------

--
-- Table structure for table `jaks_useraccount`
--

CREATE TABLE `jaks_useraccount` (
  `ID` bigint(20) UNSIGNED NOT NULL,
  `first_name` varchar(255) NOT NULL,
  `last_name` varchar(255) NOT NULL,
  `username` varchar(255) NOT NULL,
  `email` varchar(255) NOT NULL,
  `password` varchar(255) NOT NULL,
  `user_type` varchar(255) NOT NULL,
  `verification_code` text NOT NULL,
  `email_verified_at` datetime DEFAULT NULL,
  `home_address` varchar(255) DEFAULT '',
  `mobile_number` bigint(20) DEFAULT NULL
) ENGINE=InnoDB DEFAULT CHARSET=utf8mb4;

--
-- Dumping data for table `jaks_useraccount`
--

INSERT INTO `jaks_useraccount` (`ID`, `first_name`, `last_name`, `username`, `email`, `password`, `user_type`, `verification_code`, `email_verified_at`, `home_address`, `mobile_number`) VALUES
(1, 'Jalyn', 'Gutierrez', 'jalynguts01', 'jalynguts01@gmail.com', '123456789', 'user', '393003', NULL, 'HOME', 111111111),
(3, 'ali', 'arsua', 'aliali', '20200083m.arsua.alleli.bscs@gmail.com', '827ccb0eea8a706c4c34a16891f84e7b', 'user', '648219', NULL, '', NULL),
(4, 'jalyn', 'gutierrez', 'user', '20200096m.gutierrez.jalyn.bscs@gmail.com', 'fcc2f9401365876d98641fdadc13095b', 'user', '121555', NULL, 'aaaaaaaaaaaa', 9111193739),
(5, 'Sharmaine', 'Layco', 'slayco', 'laycosharmaine2@gmail.com', '5463a720f5e216dd8282430ba2cd63b5', 'user', '168951', NULL, 'HAHAHEHEHIHI', 922),
(6, 'ali', 'arsua', 'ali99999', 'alleliarsua09@gmail.com', 'e807f1fcf82d132f9bb018ca6738a19f', 'user', '285370', NULL, 'P.GOMEZ ST', 639215985498),
(7, 'Pau', 'Colmo', 'paucolmo', 'pauclm.inc@gmail.com', 'd9d484bcca8fc22e7a71f9bac82c6913', 'user', '248353', NULL, '', NULL),
(8, 'Jalyn', 'gutierrez', 'jjjy', 'kenjietulog@gmail.com', '1bbd886460827015e5d605ed44252251', 'user', '205441', NULL, '', NULL),
(9, 'Ador', 'Layco', 'Ador Layco', 'laycoador28@gmail.com', '96bb51ce9593ef95ad9c5e1029a2082f', 'user', '248289', NULL, '', NULL),
(10, 'Rona', 'Fae', 'Ron', '202040079@psu.palawan.edu.ph', '96bb51ce9593ef95ad9c5e1029a2082f', 'user', '112940', NULL, '', NULL),
(11, 'kenjie', 'arceo', 'arzizizizi', 'sj6.karceo22@joysistvi.edu.ph', 'e10adc3949ba59abbe56e057f20f883e', 'user', '500086', NULL, '', NULL),
(12, 'John Loyd ', 'Conag', 'Bakal_ako', 'johnloydconag17@gmail.com', '51f42ef3f3faee5f44ac23a26cc9b8ed', 'user', '313523', NULL, '', NULL);

-- --------------------------------------------------------

--
-- Table structure for table `lms_books`
--

CREATE TABLE `lms_books` (
  `Accession` int(11) NOT NULL,
  `Call_Number` varchar(25) DEFAULT NULL,
  `Title` varchar(255) DEFAULT NULL,
  `Author` varchar(255) DEFAULT NULL,
  `Book_Place` varchar(50) DEFAULT NULL,
  `Book_Publisher` varchar(255) DEFAULT NULL,
  `Year` varchar(5) DEFAULT NULL,
  `Book_Edition` varchar(25) DEFAULT NULL,
  `Book_ISBN` varchar(50) DEFAULT NULL,
  `Subject` varchar(255) DEFAULT NULL,
  `Stocks` int(11) NOT NULL,
  `Stocks_Left` int(11) NOT NULL,
  `Book_Image` varchar(50) DEFAULT NULL,
  `Book_Status` varchar(50) NOT NULL DEFAULT 'unrestricted'
) ENGINE=InnoDB DEFAULT CHARSET=utf8mb4;

--
-- Dumping data for table `lms_books`
--

INSERT INTO `lms_books` (`Accession`, `Call_Number`, `Title`, `Author`, `Book_Place`, `Book_Publisher`, `Year`, `Book_Edition`, `Book_ISBN`, `Subject`, `Stocks`, `Stocks_Left`, `Book_Image`, `Book_Status`) VALUES
(0, '1234', '1234', '1093asd', '', '', '12332', '', '', '', 1, 1, '', 'unrestricted'),
(1234, '2133', '123124', '123412', '', '4123', '4123', '2134', 'ewasd', '12rvas', 5, 5, '', 'restricted'),
(2844, 'FIC .S7412 1986', 'The Witch of Blackbird Pond', 'Speare, Elizabeth George', 'Usa', 'Yearling', 'c1986', 'na', '440495962', '', 5, 5, NULL, 'unrestricted'),
(4123, '1245123', 'asda', 'wasdas', '', '', '2122', '', '', '', 1, 1, '', 'unrestricted'),
(5031, '.HV 8074 .G6431 2008 c.2', 'Forensic Questioned Documents Examination', 'Jonas Arabejo Gonzales', 'Quezon City', 'Wiseman\'s Books Trading, Inc.', 'c2008', 'na', '971045056', '', 5, 5, NULL, 'unrestricted'),
(5273, '.LB 2395.3 .V715 2000', 'Developmental Reading', 'Arceli M. Villamin', 'Quezon City', 'Phoenix Publishing House, Inc.', 'c2000', 'na', '9710606557', 'Reading (Higher Education) Developmental Reading.', 21, 21, '', 'unrestricted'),
(6017, '.HF 5868 .M2946 2011', '21st Century Partnership and Corporation Accounting', 'Manuel, Zenaida Vera Cruz', 'Philippines', 'Raintree Trading & Publishing, Inc', 'c2011', '15th', '9.78972E+12', '', 5, 5, NULL, 'unrestricted'),
(6107, '.HF 5868 .M2946 2013', '21st Century Partnership and Corporation Accountin', 'Zenaida Vera Cruz Manuel', 'Quezon City', 'Raintree Trading and Publishing Co.', '2006', '16th', '978719368014', 'Accounting', 20, 18, '6107.png', 'unrestricted'),
(6136, '.HF 5635 .V173 2005', 'Practical Accounting 1', 'Valix, Conrado T.', 'Manila City', 'GIC Enterprise & Co., Inc', 'c2005', '2005', '9718966528', 'Accounting', 5, 5, NULL, 'unrestricted'),
(6144, '.BF 637 .C8736 1989', 'The 7 Habits of Highly Effective People', 'Covey, Stephen R.', 'New York City', 'Simon and Schuster', 'c1989', 'na', '671663984', '', 5, 5, NULL, 'unrestricted'),
(6149, '.HF 5868 .M2946 2004', '21st Partnership and Corporation Accounting', 'Zenaida Vera Cruz Manuel', 'Philippines', 'na', 'c2004', '11th', 'na', '', 5, 5, NULL, 'unrestricted'),
(6533, '.BF 637 .E282 1986', 'The Skilled Helper : A Systematic Approach to Effective Helping', 'Egan, Gerard', 'California', 'Brooks/Cole Publishing Company', 'c1986', '3rd', '053405904X', 'Helping Behavior.', 5, 5, NULL, 'unrestricted'),
(6551, 'asgas', '1234', 'asdwasd', '', '', '2141', '', '', '', 1, 1, '', 'unrestricted'),
(6638, '.BV 4447 .L8971 2013', 'Love Them and Lead Them', 'Jerome Love', 'United States of America', 'Gugogs Leadership Institute', 'c2013', 'na', '9.78099E+12', 'Missions--Church work with youth.', 5, 5, NULL, 'unrestricted'),
(6869, '.BV 4655 .L426 2005', 'Happiness', 'Layard, Richard', '', 'The Penguin Press', 'c2005', 'na', '310', 'Theology', 5, 5, NULL, 'unrestricted'),
(6873, '.BF 713 .M6471 1987', 'Developmental Research Methods', 'Miller, Scott A.', '', 'Prentice-Hall', 'c1987', 'na', '322', 'Human Behavior. Human Beings, Psychology, Sciology.', 5, 5, NULL, 'unrestricted'),
(6874, '.BF 149 .P9653 1969', 'Panorama of Psychology', 'Pronko, N.H', '', 'Wadsworth', 'c1969', 'na', '526', 'Psychology', 5, 5, NULL, 'unrestricted'),
(6875, '.BF 121 .A2841 1999', 'Introduction to Psychology', 'Aguirre, Felisa U.', '', 'Mutya Publishing House', 'c2011', '2011', '9.78972E+12', '', 5, 5, NULL, 'unrestricted'),
(6878, '.BF 58 .M1313 1980', 'Industrial Psychology', 'McCormick, Ernest J.', '', 'Prentice-Hall', 'c1980', '7th', '464', 'Psychology, Industrial.', 5, 5, NULL, 'unrestricted'),
(6880, '.BF 121 .F3123 2008', 'Understanding Psychology', 'Feld, Robert', '', 'McGraw Hill', 'c2008', '8th', '618++', 'Psychology', 5, 5, NULL, 'unrestricted'),
(6908, '.BF 121 .E9239 2000', 'Introduction ot Psychology with Questions and Answers', 'Evangelista, Lourdes L.', '', 'Booklore Publishing Corporation', 'c2000', 'Revised Edition', '187', 'Psychology', 5, 5, NULL, 'unrestricted'),
(7032, '.PE 1408 .M9765 2013', 'Studying & Thinking Skills in English', 'Constancia M. Mazon & Bernadette B. Enriquez', 'Valenzuela City', 'Mutya Publishing House, Inc.', 'c2013', '3rd', '9.78972E+12', '', 5, 5, NULL, 'unrestricted'),
(7176, '.AG 5 .W385 1980', 'Webster\'s Beginning Dictionary', 'American Book Company', 'Canada', 'G. & C. Merriam Co.', 'c1980', 'na', '278460062', 'English language -- Dictionaries, Juvenile.', 5, 5, NULL, 'unrestricted'),
(7425, '.P 90 .R1731 1990', 'Communication From The Ground Up', 'Ramirez, Mina M.', 'Manila', 'Asian Social Institute', 'c1990', 'na', '9718543139', '\nCommunication -- Philippines.\nCommunicatoin planning -- Philippines -- Citizen participation.\n', 5, 5, NULL, 'unrestricted'),
(7446, '.HB 615 .F175 1994', 'Entrepreneurships', 'Fajardo, Feliciano R. ', '', 'National Book Store', 'c1994', '', '9710857126', 'Entrepreneurship--New business enterprises.', 20, 19, NULL, 'unrestricted'),
(7462, '.BF 323 .W4231 1988', 'The Projection Principle', 'Weinberg, George & Rowe, Dianne', '', 'na', 'c1988', '1st', '031200057X', 'Self-realization--Projection(pschology)--Social perception--Interpersonal relations.', 5, 5, NULL, 'unrestricted'),
(7469, '..HD2346 .B9524 2009', 'Program and Services', 'na', '', 'Bureau of Micro, Small and Medium Enterprise Developmen', 'c2009', '2009', 'na', 'Small business--Philippines.\nSmall business--Government policy--Philippines.', 5, 5, NULL, 'unrestricted'),
(7513, '. HG 1262 .R773 1999', 'Money, Credit and Banking in the Philippine Financial System', 'Ronquillo, Zacarias M.', '', 'Katha Publising Co., Inc.', 'c1999', 'Revised', '9715740251', 'Money -- Philippines.\nMoney -- History. -- Philippines.', 5, 5, NULL, 'unrestricted'),
(7619, '.HG 4026 .H299 1993', 'Corporate Financial Analysis', 'Harrington, Diana R.', 'Boston', 'Irwin', 'c1993', '4th', '256083029', 'Corporations--Finance.', 5, 5, NULL, 'unrestricted'),
(7629, '.HF 5868 .M2946 2013', '21st Century Partnership and Corporation Accounting', 'Manuel, Zenaida Vera Cruz', 'Quezon City', 'Raintree Trading and Publishing Co.', 'c2013', '16th', '9.78719E+11', '', 5, 3, NULL, 'unrestricted'),
(7630, '.HF 5686 .Z884 2011', 'Mathematics of Investment', 'Zorilla, Roland S. & Partible, Fe G. & Esller, Beda H.', 'Malabon City', 'Mutya Publishing House', 'c2011', 'na', '9.78972E+12', 'Accounting--Logarithms--Investment.', 5, 5, NULL, 'unrestricted'),
(7639, '.HF 5635 .H471 1999', 'College Accounting', 'Heints, James A. & Parry, Robert W.', 'Indiana', 'South Western Publishing Co.', 'c1999', '16th Edition', '538876689', 'Accounting', 5, 5, '7639.png', 'unrestricted'),
(7735, '. RJ 504 .S9123 1999', 'No-Talk Therapy for Children and Adolescents', 'Straus, Martha', 'New York', 'W.W. Norton & Company', 'c1999', 'na', '393702863', 'Play therapy -- Child psychotherapy -- Adolescent psychotherapy', 5, 5, NULL, 'unrestricted'),
(7740, '.BJ 1251 .D9968 2004', 'Ten Requirements for America\'s Survival', 'Dykes, David', 'United States of America', 'Xulon Press', 'c2004', 'na', '1594677905', 'Christian Ethics-- Ten Commandments', 5, 5, NULL, 'unrestricted'),
(7749, '.B491 O885 2005', 'Creating the Good Life', 'O\'Toole, James', 'London', 'Rodale International Ltd', 'c2005', 'na', '1405087862', 'Aristotle.\nEthics.\nConduct of life.\nHappiness.', 5, 5, NULL, 'unrestricted'),
(7771, '.BF 698.35 .B8121 1990', 'Homecoming', 'Bradshaw, John', 'Canada', 'Bantam Bardcover', 'c1990', 'na', '553353896', 'Inner child.\nSelf-actualization (Psychology)', 5, 5, NULL, 'unrestricted'),
(7778, '.BF 724.8 .H564 1979', 'Counseling Elders and their Families', 'Herr, John & Weakland, John', 'New York', 'Springer Publishing Company', 'c1979', 'na', '826125107', 'Older people--Psychology.\nOlder people--Family relationships.\nCounseling.\nGerontology.', 5, 5, NULL, 'unrestricted'),
(7784, '.BF 637 .P379 1978', 'Counseling: Theory, Research and Practice', 'Peitrofesa, John & Hoffman, Alan', 'Usa', 'Rand McNally College Publishing Company', 'c1978', 'na', '528612514', 'Counseling.', 5, 5, NULL, 'unrestricted'),
(7796, '. HD 58.87 .H2885 1996', 'Reinventing The Business', 'Harmon, Roy', 'New York', 'The Free Press', 'c1996', 'na', '684823012', 'Reengineering (Management).\nOrganizational change > Management.', 5, 5, NULL, 'unrestricted'),
(7800, '.BF 637 .T5841 1993', 'Successful Self-Management', 'Timm, Paul', 'California', 'Crisp Publications, Inc.', 'c1993', 'Revised', '1560522429', 'Self Management, Psychology', 5, 5, NULL, 'unrestricted'),
(7808, '.BF 723 .H783 1998', 'I Am Already Successful', 'Hooker, Dennis', 'United States of America', 'JIST Works, Inc.', 'c1998', 'na', '1563704250', 'Juvenile, Literature, Problems, Exercises, Self Esteem', 5, 5, NULL, 'unrestricted'),
(7861, '.BF 318 .A7381998', 'Awakening Genius in the Classroom', 'Armstrong, Thomas', 'United States of America', 'ASCD Publication', 'c1998', 'na', '871203022', 'Learning, Psychology.Motivation in Education', 5, 5, '7861.png', 'unrestricted'),
(7864, '.BF 575 .A2111 1980', 'Understanding and Managing Stress', 'Adams, John D.', 'United States of America', 'International Authors', 'c1980', 'NA', '883901587', 'Stress (Psychology)--Prevention.', 5, 5, NULL, 'unrestricted'),
(7868, '.BF371 .L829 1980', 'Memory', 'Loftus, Elizabeth', 'London', 'Addison Wesley Publishin Company', 'c1980', 'NA', '201044749', 'memory, psychology', 5, 5, NULL, 'unrestricted'),
(7940, '.BF 723.C5 .F588 1993', 'Cognitive Development', 'Flavell, John & Miller, Tricia & Miller, Scott', '', 'Prentice Hall', 'c1993', '3rd', '408', 'Child Development -- Cognition', 5, 5, '7940.png', 'unrestricted'),
(7953, '.BF637 .T4541 1979', 'Psycho Feedback', 'Thomas, Paul G.', 'United States of America', 'Prentice Hall', 'c1979', 'na', '137322631', 'Success.\nFeedback (Psychology)', 5, 5, NULL, 'unrestricted'),
(7961, '.BF 56 .S2111 1997', 'Psychology: Applied to Business and Industry', 'Sanchez, Custodiosa A. & Berin, Elvi S.', 'Mandaluyong City', 'National Book Store', 'c1997', '3rd', '9710859366', 'Psychology, Industrial.', 5, 5, NULL, 'unrestricted'),
(7979, '.BF 637 .C5921 1958', 'Brainstorming', 'Clark, Charles', 'United of States America', 'Wilshire Book Co.', 'c1958', 'na', '9.78088E+12', 'Brainstorming.\nSuccess.', 5, 4, '7979.png', 'unrestricted'),
(7992, '.BF 121 .S7827 2002', 'Psychology: Themes and Variations', 'Stalling, Richard B.', 'United States of America', 'Wadsworth Publishing Co. Inc.', 'c2002', '5th', '534593127', 'Psychology--Textbooks.', 5, 5, NULL, 'unrestricted'),
(7997, '.BJ 1012 .M1191 2010', 'Live Ethically', 'MacBride, Peter', 'United States of America', 'McGrawhill', 'c2010', 'na', '9.78007E+12', 'Ethics.', 5, 5, NULL, 'unrestricted'),
(9999, '124', '1BAGO', 'adlkj', '', '', '2222', 'sadws', '', '', 1, 1, '', 'unrestricted'),
(10293, '1297', 'aahdasdkn', 'asndl', '', '', '129', '', '', '', 4, 4, '', 'unrestricted'),
(12423, 'qweqwed', 'sa123', 'sadasdc', '', 'c', '2134', 'ewqd', '', '2131', 20, 18, '', 'unrestricted'),
(13412, 'asdw', 'd132sd', '123asddsa', '', '', '2134', '', '', 'sdwas', 20, 19, '', 'unrestricted'),
(20202, '120387ahsdasd', 'asdkas', 'qakshhlkhasd', '', '', '2022', '', '', '', 1, 1, '', 'unrestricted'),
(33333, '987213', '1234k', 'hasdisaai', '', '', '8282', '', '', '', 1, 1, '', 'unrestricted'),
(51234, 'wadsadwa', 'wadasd', 'wasdwas', '', 'asdwa', '2142', '123', 'fasfwas', 'fasdwa', 1, 1, '', 'unrestricted'),
(54321, '12fasdwa', 'asgasd', 'agasd', '', 'dwasdasd', '12323', 'asdwasd', 'asdawsd', 'asdawsd', 1, 1, '', 'unrestricted'),
(80990, 'asdawdasd', 'asdwads', 'dasdawdsd', '', '', '2134', '', '', '', 1, 1, '', 'unrestricted'),
(141222, 'asd231', 'asdwasd', 'qwdasdasdwa', '', '', '1412', '', '', '', 12, 12, '', 'unrestricted'),
(202020, '123r', 'asodoisa', 'asdasd', '', '', '2133', '', '', '', 1, 1, '', 'unrestricted'),
(222222, '1233', '1234', '12341212', '', '', '21332', '122', '', '', 1, 1, '', 'unrestricted'),
(1293098, '1923', 'hkjkajdsa', 'kahsd', '', '', '12323', '', '', '', 1, 1, '', 'unrestricted'),
(12893798, 'adkasdh', 'qaskjdaskj', 'qkjaskjdsa', '', '', '1234', '1', '', '', 1, 1, '', 'unrestricted'),
(20201924, 'HF DI KO NA ALAM', 'HULAAN NYO NALANG', 'AKO', '', 'AKO PARIN', '2050', 'EWAN', '2134as', 'WALANG SUBJECT', 1, 1, '', 'unrestricted'),
(978987987, 'jszghsadg', 'ajsgddjgasdjhasdjhh', 'qjasjjhadsjhg', '', '', 'i1234', '1', '', '', 1, 1, '', 'unrestricted');

-- --------------------------------------------------------

--
-- Table structure for table `lms_login`
--

CREATE TABLE `lms_login` (
  `StudentNo` varchar(50) NOT NULL,
  `Password` varchar(50) NOT NULL,
  `Type` varchar(50) NOT NULL,
  `Token` varchar(255) DEFAULT NULL,
  `Status` varchar(255) DEFAULT NULL
) ENGINE=InnoDB DEFAULT CHARSET=utf8mb4;

--
-- Dumping data for table `lms_login`
--

INSERT INTO `lms_login` (`StudentNo`, `Password`, `Type`, `Token`, `Status`) VALUES
('123456', '7c4a8d09ca3762af61e59520943dc26494f8941b', 'Student', NULL, NULL),
('20200001-M', '91fb64276c08bb21aded26660f7d81ba92ceea7c', 'Student', '498aa3da1717e630bfa53c3b7f64cfdb', ''),
('20200002-M', '40bd001563085fc35165329ea1ff5c5ecbdbbeef', 'Student', '323d364634479aaea25118ac8b866508', NULL),
('20200003-M', 'da39a3ee5e6b4b0d3255bfef95601890afd80709', 'Student', NULL, NULL),
('202000081-M', '95f1702d371ea84b15ef705266c30e29c09ecefb', 'Student', NULL, NULL),
('20200009-M', 'b4914600112ba18af7798b6c1a1363728ae1d96f', 'Student', NULL, NULL),
('20200085-M', '40bd001563085fc35165329ea1ff5c5ecbdbbeef', 'Student', '62e3924a59d0767716e66b04780a65eb', ''),
('20200087-M', 'a2b7d340a964457663d9d2da1b379fa43ec26a4a', 'Student', 'b6b8509bb775da733f175af3bfe65853', ''),
('20200090-M', 'bf101e0c02b344de22d1eda8b712b90285275c7f', 'Student', NULL, NULL),
('20200094-M', 'c8a50f632c3c4baf27fc05facb1883104e1d16ef', 'Student', NULL, ''),
('20200095-M', '9cd330241ff90f036fc540c22effac96f961c1b8', 'Student', NULL, NULL),
('20200104-M', '291c6b2df1bac379d47f5557f9e564a1f6618bf7', 'Student', '6efc6f2fbc5b0834151b63bc70b1a796', ''),
('20220001-M', '470bc578162732ac7f9d387d34c4af4ca6e1b6f7', 'Student', NULL, NULL),
('20220001-P', '878b34c71a5aae401aec0eed884bc4d4575395a9', 'Professor', '46a0085efe1f7188641bb6106be5aaad', NULL),
('20220001-S', 'd45da8a7f1a5093131462c125914e67903e93ebb', 'Staff', NULL, NULL),
('20220002-P', '445584edc4cc7bcf1b07500ef1605d08c0f45727', 'Professor', 'c3c1fdd845410e3dd1655c6dff5d2035', NULL),
('20220002-S', '637189f388f652e50c07800a31c4e60bdadc5632', 'Staff', NULL, NULL),
('20220003-P', '86995a091f8a1385082bd10715048b52ee386a6a', 'Professor', NULL, NULL),
('20220003-S', '291c6b2df1bac379d47f5557f9e564a1f6618bf7', 'Staff', NULL, NULL),
('20220004-P', 'be08587e7b3fb387561ad6bb79c466d6227d59ad', 'Professor', NULL, NULL),
('20220004-S', 'c8a50f632c3c4baf27fc05facb1883104e1d16ef', 'Staff', NULL, NULL),
('20220005-P', 'd45da8a7f1a5093131462c125914e67903e93ebb', 'Professor', NULL, NULL),
('20220005-S', '5e85ff0c3bfc4c0920ea81b2a9c11612c505a01d', 'Staff', NULL, NULL),
('20220006-P', '40bd001563085fc35165329ea1ff5c5ecbdbbeef', 'Professor', NULL, NULL),
('20220006-S', '0f75f9b0c605d58e6b8cb7765bef8885c85e3519', 'Staff', NULL, NULL),
('20220007-P', 'daab5dc73f4796dad48c431ed64b067b4cc31344', 'Professor', NULL, NULL),
('20220007-S', '470bc578162732ac7f9d387d34c4af4ca6e1b6f7', 'Staff', NULL, NULL),
('20220009-S', 'b4914600112ba18af7798b6c1a1363728ae1d96f', 'Staff', NULL, NULL),
('20220010-S', 'b4914600112ba18af7798b6c1a1363728ae1d96f', 'Staff', NULL, NULL),
('20220011-S', '246d1dc75b91059dea22a553a94eb54fd3e7472d', 'Staff', NULL, NULL),
('20220012-S', '7b4b108547047bb9b4ceddd8ca7cbd19447cbcef', 'Staff', NULL, NULL),
('20220013-S', '7a8f6388fec13beb8fc38b291db39b38ed464620', 'Staff', NULL, NULL),
('20220842-C', '7110eda4d09e062aa5e4a390b0a572ac0d2c0220', 'Student', NULL, NULL),
('20230035-M', 'da39a3ee5e6b4b0d3255bfef95601890afd80709', 'Student', NULL, NULL),
('admin', 'd033e22ae348aeb5660fc2140aec35850c4da997', 'admin', NULL, '');

-- --------------------------------------------------------

--
-- Table structure for table `lms_message`
--

CREATE TABLE `lms_message` (
  `message_id` int(11) NOT NULL,
  `StudentNo` varchar(255) DEFAULT NULL,
  `Message` varchar(255) NOT NULL,
  `Date` date DEFAULT NULL,
  `Time` time DEFAULT NULL,
  `Status` varchar(50) NOT NULL DEFAULT 'unread'
) ENGINE=InnoDB DEFAULT CHARSET=utf8mb4;

--
-- Dumping data for table `lms_message`
--

INSERT INTO `lms_message` (`message_id`, `StudentNo`, `Message`, `Date`, `Time`, `Status`) VALUES
(1, '20200094-M', 'Your borrow request of Book: d132sd has been approved', '2022-12-06', '00:19:49', 'read'),
(2, '20200094-M', 'Your request to return Book: d132sd has been approved', '2022-12-06', '00:21:38', 'read'),
(3, '20200094-M', 'Your borrow request of Book: Entrepreneurships has been approved', '2022-12-06', '00:21:43', 'read'),
(4, '20200094-M', 'Your borrow request of Book: sa123 has been approved', '2022-12-06', '00:24:38', 'read'),
(5, '20200104-M', 'Your borrow request of Book: d132sd has been approved', '2022-12-06', '00:25:00', 'read'),
(6, '20200104-M', 'Your borrow request of Book: 21st Century Partnership and Corporation Accountin has been approved', '2022-12-06', '00:25:57', 'read'),
(7, '20200087-M', 'Your borrow request of Book: 21st Century Partnership and Corporation Accountin has been approved', '2022-12-06', '01:08:04', 'read'),
(8, '20200087-M', 'Your borrow request of book 123124 has been rejected', '2022-12-06', '01:12:52', 'read'),
(9, '20200087-M', 'Your request of extension for Book: 21st Century Partnership and Corporation Accountin has been approved', '2022-12-06', '01:16:29', 'read'),
(10, '20200087-M', 'Your borrow request of Book: 123124 has been approved', '2022-12-06', '01:20:13', 'read'),
(11, '20200087-M', 'Your request of extension for Book: 123124 has been approved', '2022-12-06', '01:20:36', 'read'),
(12, '20200094-M', 'Your borrow request of Book: 123124 has been approved', '2022-12-08', '15:46:22', 'read'),
(13, '20200087-M', 'Your borrow request of Book: Developmental Reading has been approved', '2022-12-08', '15:52:56', 'read'),
(14, '20200085-M', 'Your borrow request of Book: Developmental Reading has been approved', '2022-12-08', '15:54:02', 'read'),
(15, '20200087-M', 'Your borrow request of Book: Entrepreneurships has been approved', '2022-12-08', '16:01:53', 'read'),
(16, '20200087-M', 'Your borrow request of Book: d132sd has been approved', '2022-12-08', '16:04:59', 'read'),
(17, '20200085-M', 'Your borrow request of Book: Entrepreneurships has been approved', '2022-12-08', '16:06:21', 'read'),
(18, '20200085-M', 'Your borrow request of Book: d132sd has been approved', '2022-12-08', '16:07:36', 'read'),
(19, '20200087-M', 'Your request to return Book: 21st Century Partnership and Corporation Accountin has been approved', '2022-12-08', '16:19:21', 'read'),
(20, '20200087-M', 'Your request to return Book: 123124 has been approved', '2022-12-08', '16:44:34', 'read'),
(21, '20200104-M', 'Your request to return Book: d132sd has been approved', '2022-12-08', '18:05:16', 'read'),
(22, '20200104-M', 'Your request to return Book: 21st Century Partnership and Corporation Accountin has been approved', '2022-12-08', '18:05:18', 'read'),
(23, '20200085-M', 'Your borrow request of Book: 21st Century Partnership and Corporation Accountin has been approved', '2022-12-09', '14:47:14', 'read'),
(24, '20200085-M', 'Your borrow request of Book: 123124 has been approved', '2022-12-09', '14:47:20', 'read'),
(25, '20200087-M', 'hi', '2022-12-09', '14:55:13', 'read'),
(26, '20200085-M', 'hello', '2022-12-09', '14:55:41', 'read'),
(27, '20200094-M', 'hi', '2022-12-09', '14:55:54', 'read'),
(28, '20200104-M', 'Hello', '2022-12-09', '14:56:05', 'read'),
(29, '20200085-M', 'asd', '2022-12-09', '14:57:32', 'read'),
(30, '20200087-M', 'hi', '2022-12-09', '14:58:25', 'read'),
(31, '20200087-M', 'hello ganda', '2022-12-09', '15:00:31', 'read'),
(32, '20200087-M', 'hi', '2022-12-09', '15:02:27', 'read'),
(33, '20200085-M', '123', '2022-12-09', '15:05:14', 'read'),
(34, '20200085-M', 'sd', '2022-12-09', '15:11:36', 'read'),
(35, '20200085-M', 'Your borrow request of book sa123 has been rejected', '2022-12-10', '21:40:22', 'read'),
(36, '20200087-M', 'test', '2022-12-12', '14:22:38', 'read'),
(37, '20200087-M', 'hi', '2022-12-12', '14:23:34', 'read'),
(38, '20200087-M', '123', '2022-12-12', '14:25:28', 'read'),
(39, '20200087-M', '123', '2022-12-12', '14:27:51', 'read'),
(40, '20200087-M', 'hi', '2022-12-12', '15:27:06', 'read'),
(41, '20220001-P', 'hello', '2022-12-12', '17:36:14', 'unread'),
(42, '20200104-M', 'ptss', '2022-12-12', '21:48:13', 'read'),
(43, '20200104-M', 'we de nga', '2022-12-12', '21:51:22', 'read'),
(44, '20200104-M', 'ganda mo', '2022-12-12', '22:06:17', 'read'),
(45, '20200085-M', 'test', '2022-12-12', '23:14:26', 'read'),
(46, '20200085-M', 'test', '2022-12-12', '23:15:32', 'read'),
(47, '20200087-M', 'Your borrow request of Book: sa123 has been approved', '2022-12-13', '21:52:41', 'read'),
(48, '20200087-m', 'Your borrow request of Book: 123124 has been approved', '2022-12-14', '21:15:49', 'read'),
(49, '20200087-M', 'Your borrow request of book 21st Partnership and Corporation Accounting has been rejected', '2022-12-14', '21:16:04', 'read'),
(50, '20200087-M', 'Your borrow request of book 21st Partnership and Corporation Accounting has been rejected', '2022-12-14', '21:16:04', 'read'),
(51, '20200087-M', 'Your request to return Book: 123124 has been approved', '2022-12-15', '00:34:02', 'read'),
(52, '20200087-M', 'Your borrow request of Book: Awakening Genius in the Classroom has been approved', '2022-12-15', '00:38:34', 'read'),
(53, '20200087-M', 'Your request to return Book: Awakening Genius in the Classroom has been approved', '2022-12-15', '09:20:27', 'read'),
(54, '20220002-P', 'Your borrow request of Book: 21st Century Partnership and Corporation Accountin has been approved', '2022-12-15', '11:11:03', 'read'),
(55, '20220002-P', 'Your request of extension for Book: 21st Century Partnership and Corporation Accountin has been approved', '2022-12-15', '11:11:29', 'read'),
(56, '', '132', '2022-12-16', '01:11:33', 'read'),
(57, '', '132', '2022-12-16', '01:11:59', 'read'),
(58, '', '32', '2022-12-16', '01:13:00', 'read'),
(59, '20200087-M', 'Your request to return Book: Entrepreneurships has been approved', '2022-12-17', '17:11:15', 'read'),
(60, '20200085-M', 'You successfuly returned the Book: 123124.', '2022-12-17', '20:48:55', 'read'),
(61, '20200087-M', 'You successfuly returned the Book: Developmental Reading.', '2022-12-18', '11:24:18', 'read'),
(62, '20200087-M', 'You successfuly returned the Book: Developmental Reading.', '2022-12-18', '11:24:38', 'read'),
(63, '20200094-M', 'You successfuly returned the Book: 123124.', '2022-12-18', '11:47:35', 'read'),
(64, '20200087-M', 'You successfuly returned the Book: Developmental Reading.', '2022-12-18', '11:49:56', 'read'),
(65, '20200087-M', 'You successfuly returned the Book: 123124.', '2022-12-18', '11:52:34', 'read'),
(66, '20200087-M', 'Your borrow request of Book: 21st Century Partnership and Corporation Accounting has been approved', '2022-12-18', '12:51:59', 'read'),
(67, '20200087-M', 'Your borrow request of Book: 21st Century Partnership and Corporation Accounting has been approved', '2022-12-18', '12:56:52', 'read'),
(68, '20200087-M', 'Your borrow request of Book: 21st Partnership and Corporation Accounting has been approved', '2022-12-18', '12:56:55', 'read'),
(69, '20200087-M', 'You successfuly returned the Book: 21st Century Partnership and Corporation Accounting.', '2022-12-18', '12:57:53', 'read'),
(70, '20200087-M', 'You successfuly returned the Book: 21st Partnership and Corporation Accounting.', '2022-12-18', '12:58:34', 'read'),
(71, '20200087-M', 'You successfuly returned the Book: 21st Century Partnership and Corporation Accounting.', '2022-12-18', '12:58:42', 'read'),
(72, '20200087-m', 'Your borrow request of Book: 21st Century Partnership and Corporation Accountin has been approved', '2022-12-18', '13:00:24', 'read'),
(73, '20200087-M', 'Your borrow request of Book: 21st Century Partnership and Corporation Accounting has been approved', '2022-12-18', '13:00:27', 'read'),
(74, '20200087-M', 'Your borrow request of Book: 21st Century Partnership and Corporation Accounting has been approved', '2022-12-18', '13:00:29', 'read'),
(75, '20200087-m', 'You successfuly returned the Book: 21st Century Partnership and Corporation Accountin.', '2022-12-18', '13:01:08', 'read'),
(76, '20200087-M', 'You successfuly returned the Book: 21st Century Partnership and Corporation Accounting.', '2022-12-18', '13:01:12', 'read'),
(77, '20200087-M', 'You successfuly returned the Book: 21st Century Partnership and Corporation Accounting.', '2022-12-18', '13:01:15', 'read'),
(78, '<br /><b>Warning</b>:  Undefined variable $id in <b>/home/ytoovumw/public_html/LMS/admin/admin_message.php</b> on line <b>61</b><br />', 'You requested us to message you', '2022-12-19', '22:03:28', 'unread'),
(79, '20200087-M', 'you requested us to message you', '2022-12-19', '22:06:25', 'read'),
(80, '', 'hi', '2022-12-20', '01:04:35', 'read'),
(81, '20200104-M', 'Your borrow request of Book: 21st Century Partnership and Corporation Accounting has been approved', '2022-12-21', '10:48:01', 'unread'),
(82, '20220842-C', 'Your borrow request of Book: Brainstorming has been approved', '2023-02-27', '15:15:26', 'read'),
(83, '', 'Kindly return the book.', '2023-02-27', '15:19:06', 'read'),
(84, '20200087-M', 'Your request of extension for Book: d132sd has been approved', '2023-03-06', '11:00:35', 'read'),
(85, '20200087-M', 'Your extend request of book sa123 has been rejected', '2023-03-06', '11:00:38', 'read'),
(86, '20200085-M', 'Your request of extension for Book: Developmental Reading has been approved', '2023-03-06', '12:46:45', 'read'),
(87, '20200085-M', 'Your borrow request of Book: sa123 has been approved', '2023-03-06', '13:28:58', 'read'),
(88, '20200085-M', 'Your extend request of book Entrepreneurships has been rejected', '2023-03-06', '13:29:27', 'read'),
(89, '20200085-M', 'Your extend request of book Entrepreneurships has been rejected', '2023-03-06', '13:29:50', 'read'),
(90, '20200085-M', 'Your request of extension for Book: Entrepreneurships has been approved', '2023-03-06', '13:31:24', 'read'),
(91, '20200085-M', 'Your borrow request of book 21st has been rejected', '2023-03-06', '13:40:33', 'read'),
(92, '20200085-M', 'Your borrow request of book 21st has been rejected', '2023-03-06', '13:41:02', 'read'),
(93, '20200085-M', 'Your request of extension for Book: 21st has been approved', '2023-03-06', '19:30:19', 'read'),
(94, '20200085-M', 'Your extend request of book d132sd has been rejected', '2023-03-06', '20:36:28', 'read'),
(95, '20200085-M', 'Your request of extension for Book: sa123 has been approved', '2023-03-06', '20:54:21', 'read'),
(96, '20200087-M', 'Your borrow request of book Awakening has been rejected', '2023-03-06', '21:09:18', 'unread'),
(97, '20200087-M', 'Your borrow request of book Cognitive has been rejected', '2023-03-06', '21:09:21', 'unread'),
(98, '20200087-M', 'Your borrow request of book College has been rejected', '2023-03-06', '21:09:22', 'unread'),
(99, '20200087-M', 'Your borrow request of book Communication has been rejected', '2023-03-06', '21:09:24', 'unread'),
(100, '20200087-M', 'Your borrow request of book Corporate has been rejected', '2023-03-06', '21:09:25', 'unread'),
(101, '20200087-M', 'Your borrow request of book Counseling has been rejected', '2023-03-06', '21:09:26', 'unread'),
(102, '20200087-M', 'Your borrow request of book Counseling: has been rejected', '2023-03-06', '21:09:27', 'unread'),
(103, '20200087-M', 'Your borrow request of book Homecoming has been rejected', '2023-03-06', '21:09:28', 'unread'),
(104, '20200087-M', 'Your borrow request of book Happiness has been rejected', '2023-03-06', '21:09:30', 'unread'),
(105, '20200087-M', 'Your borrow request of book 21st has been rejected', '2023-03-06', '21:09:31', 'unread'),
(106, '20200087-M', 'Your borrow request of book 21st has been rejected', '2023-03-06', '21:09:32', 'unread'),
(107, '20200087-M', 'Your borrow request of book 21st has been rejected', '2023-03-06', '21:09:34', 'unread'),
(108, '20200087-M', 'Your borrow request of book Brainstorming has been rejected', '2023-03-06', '21:09:36', 'unread'),
(109, '20220842-C', 'Your borrow request of book Awakening has been rejected', '2023-03-06', '21:09:38', 'unread'),
(110, '20200087-M', 'Your borrow request of book 21st has been rejected', '2023-03-06', '21:09:39', 'unread'),
(111, '20200085-M', 'Your borrow request of book 123124 has been rejected', '2023-03-06', '21:09:41', 'read'),
(112, '20200085-M', 'Your request of extension for Book: d132sd has been approved', '2023-03-06', '22:11:22', 'read'),
(113, '20200085-M', 'Your borrow request of book 21st has been rejected', '2023-03-06', '22:16:49', 'read'),
(114, '20200104-M', 'Your book suggestion Title: CSS has been approved', '2023-03-06', '22:20:11', 'unread'),
(115, '20200087-M', 'Your book suggestion Title: hi has been approved', '2023-03-06', '22:20:13', 'unread'),
(116, '20200087-M', 'Your book suggestion Title: Jose has been approved', '2023-03-06', '22:20:14', 'unread'),
(117, '20200087-M', 'Your book suggestion Title: Jose has been approved', '2023-03-06', '22:20:16', 'unread'),
(118, '20200087-M', 'Your book suggestion Title: Jose has been approved', '2023-03-06', '22:20:17', 'unread'),
(119, '20200087-M', 'Your book suggestion Title: Jose has been approved', '2023-03-06', '22:20:18', 'unread'),
(120, '20200087-M', 'Your book suggestion Title: Jose has been approved', '2023-03-06', '22:20:20', 'unread'),
(121, '20200087-M', 'Your book suggestion Title: Jose has been rejected', '2023-03-06', '22:20:23', 'unread'),
(122, '20200087-M', 'Your book suggestion Title: Maria has been approved', '2023-03-06', '22:20:25', 'unread'),
(123, '20200085-M', 'Your book suggestion Title: something has been approved', '2023-03-06', '22:20:27', 'read'),
(124, '20200087-M', 'Your book suggestion Title: Maria has been approved', '2023-03-06', '22:20:29', 'unread'),
(125, '20200087-M', 'Your book suggestion Title: Maria has been rejected', '2023-03-06', '22:20:46', 'unread'),
(126, '20200087-M', 'Your book suggestion Title: Jose has been rejected', '2023-03-06', '22:20:49', 'unread'),
(127, '20200087-M', 'Your book suggestion Title: Maria has been rejected', '2023-03-06', '22:21:05', 'unread'),
(128, '20200087-M', 'Your book suggestion Title: Jose has been rejected', '2023-03-06', '22:21:07', 'unread'),
(129, '20200087-M', 'Your book suggestion Title: Maria has been rejected', '2023-03-06', '22:21:53', 'unread'),
(130, '20200087-M', 'Your book suggestion Title: Jose has been rejected', '2023-03-06', '22:22:10', 'unread'),
(131, '20200087-M', 'Your book suggestion Title: Jose has been rejected', '2023-03-06', '22:23:49', 'unread'),
(132, '20200087-M', 'Your book suggestion Title: Jose has been rejected', '2023-03-06', '22:23:52', 'unread'),
(133, '20200085-M', 'You successfuly returned the Book: Developmental Reading.', '2023-03-07', '16:13:01', 'read'),
(134, '20200085-M', 'You successfuly returned the Book: 21st Century Partnership and Corporation Accountin.', '2023-03-07', '16:16:44', 'read'),
(135, '20200085-M', 'Your borrow request of Book: 21st has been approved', '2023-03-07', '16:17:29', 'read'),
(136, '20200085-M', 'Your borrow request of Book: 21st has been approved', '2023-03-07', '16:17:35', 'read'),
(137, '20200085-M', 'You successfuly returned the Book: Entrepreneurships.', '2023-03-07', '16:42:08', 'read'),
(138, '20200085-M', 'You successfuly returned the Book: d132sd.', '2023-03-07', '16:54:07', 'read'),
(139, '20200085-M', 'Your request of extension for Book: 21st Century Partnership and Corporation Accountin has been approved', '2023-03-10', '18:04:37', 'unread');

-- --------------------------------------------------------

--
-- Table structure for table `lms_records`
--

CREATE TABLE `lms_records` (
  `R_ID` int(11) NOT NULL,
  `StudentNo` varchar(10) DEFAULT NULL,
  `Accession` int(11) DEFAULT NULL,
  `Date_of_Issue` date DEFAULT NULL,
  `Due_Date` date DEFAULT NULL,
  `Date_User_Return` date DEFAULT NULL,
  `late_by_day` int(11) DEFAULT NULL,
  `Extend_Left` int(11) DEFAULT NULL,
  `Time` time DEFAULT NULL,
  `Status` varchar(50) DEFAULT NULL
) ENGINE=InnoDB DEFAULT CHARSET=utf8mb4;

--
-- Dumping data for table `lms_records`
--

INSERT INTO `lms_records` (`R_ID`, `StudentNo`, `Accession`, `Date_of_Issue`, `Due_Date`, `Date_User_Return`, `late_by_day`, `Extend_Left`, `Time`, `Status`) VALUES
(1, '20200094-M', 13412, '2022-12-06', '2022-12-13', NULL, 7, 1, '00:19:26', 'On Borrowed'),
(2, '20200094-M', 7446, '2022-12-06', '2022-12-13', NULL, NULL, 1, '00:20:10', 'On Borrowed'),
(3, '20200094-M', 12423, '2022-12-06', '2022-12-13', NULL, NULL, 1, '00:20:12', 'On Borrowed'),
(4, '20200104-M', 13412, '2022-12-06', '2022-12-13', '2022-12-08', 5, 1, '00:23:46', 'Returned'),
(5, '20200104-M', 6107, '2022-12-06', '2022-12-13', '2022-12-08', 5, 1, '00:23:51', 'Returned'),
(6, '20200094-M', 1234, '2022-12-08', '2022-12-18', '2022-12-18', 0, 1, '00:25:20', 'Returned'),
(8, '20200087-M', 1234, '2022-12-14', '2022-12-18', '2022-12-18', 0, 1, '01:06:05', 'Returned'),
(9, '20200087-M', 13412, '2022-12-08', '2022-12-22', NULL, NULL, 0, '01:06:10', 'Extended'),
(10, '20200087-M', 5273, '2022-12-08', '2022-12-18', '2022-12-18', 0, 1, '01:06:29', 'Returned'),
(11, '20200087-M', 7446, '2022-12-08', '2022-12-15', '2022-12-17', -2, 1, '01:06:35', 'Returned'),
(15, '20200085-M', 13412, '2022-12-08', '2022-12-22', '2023-03-07', 75, 0, '16:07:22', 'Returned'),
(18, '20200085-M', 12423, '2023-03-06', '2023-03-20', NULL, NULL, 0, '14:46:51', 'Extended'),
(19, '20200087-m', 1234, '2022-12-14', '2022-12-21', '2022-12-18', 0, 1, '14:59:50', 'Returned'),
(26, '20220002-P', 6107, '2022-12-15', '2022-12-29', NULL, NULL, 0, '11:07:41', 'Extended'),
(46, '20200104-M', 7629, '2022-12-21', '2022-12-28', NULL, NULL, 1, '10:47:48', 'On Borrowed'),
(47, '20220842-C', 7979, '2023-02-27', '2023-03-06', NULL, NULL, 1, '15:14:23', 'On Borrowed'),
(64, '20200085-M', 6107, '2023-03-07', '2023-03-21', NULL, NULL, 0, '16:17:17', 'Extended'),
(65, '20200085-M', 7629, '2023-03-07', '2023-03-14', NULL, NULL, 1, '16:17:19', 'On Borrowed'),
(66, '20200085-M', 6017, NULL, NULL, NULL, NULL, NULL, '16:17:22', 'Borrowed Pending'),
(67, '20200085-M', 6149, NULL, NULL, NULL, NULL, NULL, '16:17:25', 'Borrowed Pending');

-- --------------------------------------------------------

--
-- Table structure for table `lms_record_for_extend`
--

CREATE TABLE `lms_record_for_extend` (
  `StudentNo` varchar(10) NOT NULL,
  `Accession` int(11) NOT NULL,
  `Title` varchar(255) NOT NULL
) ENGINE=InnoDB DEFAULT CHARSET=utf8mb4;

--
-- Dumping data for table `lms_record_for_extend`
--

INSERT INTO `lms_record_for_extend` (`StudentNo`, `Accession`, `Title`) VALUES
('20200087-M', 12423, 'sa123');

-- --------------------------------------------------------

--
-- Table structure for table `lms_record_for_return`
--

CREATE TABLE `lms_record_for_return` (
  `StudentNo` varchar(50) NOT NULL,
  `Accession` int(11) NOT NULL,
  `Title` varchar(255) NOT NULL
) ENGINE=InnoDB DEFAULT CHARSET=utf8mb4;

--
-- Dumping data for table `lms_record_for_return`
--

INSERT INTO `lms_record_for_return` (`StudentNo`, `Accession`, `Title`) VALUES
('20200085-M', 1234, '123124'),
('20200087-M', 5273, 'Developmental Reading'),
('20200087-M', 12423, 'sa123'),
('20200087-M', 13412, 'd132sd'),
('20220002-P', 6107, '21st Century Partnership and Corporation Accountin');

-- --------------------------------------------------------

--
-- Table structure for table `lms_suggestion`
--

CREATE TABLE `lms_suggestion` (
  `R_ID` int(11) NOT NULL,
  `Book_Title` varchar(50) DEFAULT NULL,
  `Description` varchar(255) DEFAULT NULL,
  `StudentNo` varchar(10) DEFAULT NULL
) ENGINE=InnoDB DEFAULT CHARSET=utf8mb4;

-- --------------------------------------------------------

--
-- Table structure for table `lms_users`
--

CREATE TABLE `lms_users` (
  `StudentNo` varchar(10) NOT NULL,
  `Fname` varchar(50) DEFAULT NULL,
  `Lname` varchar(50) DEFAULT NULL,
  `Type` varchar(50) DEFAULT NULL,
  `Email` varchar(50) DEFAULT NULL,
  `Address` varchar(255) DEFAULT NULL,
  `Contact` bigint(20) DEFAULT NULL,
  `Borrowed_limit` int(11) NOT NULL,
  `Book_onhand` int(11) NOT NULL,
  `user_img` varchar(50) DEFAULT NULL
) ENGINE=InnoDB DEFAULT CHARSET=utf8mb4;

--
-- Dumping data for table `lms_users`
--

INSERT INTO `lms_users` (`StudentNo`, `Fname`, `Lname`, `Type`, `Email`, `Address`, `Contact`, `Borrowed_limit`, `Book_onhand`, `user_img`) VALUES
('123456', 'Anna ', 'Ley', 'Student', 'magnus2313@gmail.com', 'Caloocan City', 9164623573, 5, 0, 'default.png'),
('20200001-M', 'AutumnGrey', 'Biscocho', 'Student', '123@134', '75 General conceocion', 12312312312, 5, 0, '20200001-M.'),
('20200002-M', 'faithfaith', 'Mariano', 'Student', '123@123', NULL, 12312312321, 5, 0, '20200002-M.'),
('20200003-M', 'cree ', 'greys', 'Student', 'cree@gmail.com', '123 St. BBCC', 31231313123, 5, 0, 'ADMIN.png'),
('20200009-M', 'HAPPY ', 'SAD', 'Student', 'happy@gmail.com', '12313', 12312313123, 5, 0, '20200009-M.jpg'),
('20200085-M', 'John Kenneth Biscocho', 'Alincastre', 'Student', '20200085m.biscocho.kenneth.bscs@gmail.com', '75 General Concepcion St. Bagong Barrio Caloocan City', 1260126012, 2, 3, '20200085-M.png'),
('20200087-M', 'Anwin Cabrera', 'Espaldon', 'Student', '20200087m.cabrera.anwin.bscs@gmail.com', NULL, 14357447807, 3, 2, '20200087-M.jpg'),
('20200090-M', 'Cedric', 'Cruz', 'Student', 'ced@gmail.com', '3213312', 9999999999, 5, 0, '20200090-M.'),
('20200094-M', 'Angel Deona', 'Espejo', 'Student', 'angel@gmail.com', '177ilang ilang st. 4th avenue Caloocan City', 12345678901, 3, 2, '20200094-M.jpg'),
('20200095-M', 'ClarenceEspejo', 'Deona', 'Student', 'clarence@gmail.com', NULL, 9999999999, 5, 0, '20200095-M.'),
('20200104-M', 'Elena Mariano', 'faith', 'Student', 'elenabeth.mariano07@gmail.com', NULL, 12345678901, 4, 1, '20200104-M.jpg'),
('20220001-M', 'ken ', 'tong', 'Student', 'lhonelybhoii22@gmail.com', 'asd123', 12312312313, 5, 0, 'default.png'),
('20220001-P', 'Jessie Alamil', NULL, 'Professor', 'jessie@gmail', 'caloocan city', 12312312312, 5, 0, '20220001-P.'),
('20220001-S', 'John Kenneth', NULL, 'Staff', 'jkb@gmail', NULL, 12312313131, 0, 0, '20220001-S.png'),
('20220002-P', 'Von  Magbitang', NULL, 'Professor', 'von@gmail', NULL, 13123131312, 4, 1, '20220002-P.'),
('20220002-S', 'Anwin Espaldon', NULL, 'Staff', '20200087m.cabrera.anwin.bscs@gmail', NULL, 9368661359, 0, 0, '20220002-S.jpg'),
('20220003-P', 'Lorenzo  Alberto', NULL, 'Professor', 'alberto@gmail', NULL, 12412313123, 5, 0, '20220003-P.'),
('20220003-S', 'Elenabeth Mariano', NULL, 'Staff', '123@421', NULL, 12413213131, 0, 0, '20220003-S.'),
('20220004-P', 'aec', NULL, 'Professor', 'aec@gmail', NULL, 12412312312, 5, 0, '20220004-P.'),
('20220004-S', 'angel angel', NULL, 'Staff', 'angell@gmail', NULL, 51231412312, 0, 0, '20220004-S.'),
('20220005-P', 'jkbjk', NULL, 'Professor', 'jk@gmail', NULL, 12312412312, 5, 0, '20220005-P.'),
('20220005-S', 'Elen Hope', NULL, 'Staff', 'elenakyut@gmail.com', NULL, 9123455678, 0, 0, '20220005-S.'),
('20220006-P', 'Lopez ', 'Arnold', 'Professor', '123@lopez', '132 asdw', 12314123123, 5, 0, '20220006-P.'),
('20220006-S', 'Martina ', 'lopez', 'Staff', 'martina@gmail', '123 martina st', 12312312312, 0, 0, '20220006-S.'),
('20220007-P', 'lena ', 'mariano', 'Professor', 'mhizzelenabeth.mariano07@gmail.com', 'sad12312', 12312312312, 5, 0, 'default.png'),
('20220007-S', 'ken ', 'ken', 'Staff', 'kaineth26@gmail.com', 'ken St.', 12312312312, 0, 0, '20220007-S.'),
('20220008-S', 'KJ ', 'B', 'Staff', 'kjb@gmail', '123', 12313131231, 0, 0, 'default.png'),
('20220009-S', 'sad ', 'haooy', 'Staff', 'sad@gmail', 'sad2', 23131232131, 0, 0, 'default.png'),
('20220010-S', 'sad ', 'sd', 'Staff', 'sad@gmail.com', 'dasdad', 13123123213, 0, 0, 'default.png'),
('20220011-S', 'Angry ', 'me', 'Staff', 'angry@gmail.com', 'asxd', 12312312312, 0, 0, '20220011-S.png'),
('20220012-S', 'dasaa ', 'dsad', 'Staff', 'ds@gmail.com', 'asda', 12312213131, 0, 0, 'default.png'),
('20220013-S', 'Geo ', 'Salamat', 'Staff', 'geo@gmail.com', 'ads', 31231313133, 0, 0, 'default.png'),
('20220842-C', 'JOHN BERT ', 'MINOR', 'Student', 'magnus2313@gmail.com', 'Caloocan City', 9164666666, 4, 1, 'default.png'),
('20230035-M', 'FaithMariano', NULL, 'Student', 'faith@gmail.com', NULL, 9123565789, 5, 0, '20230035-M.png'),
('admin', 'ADMINISTRATOR', NULL, 'admin', 'admin@gmail.com', NULL, 123456781, 0, 0, 'ADMIN.png');

-- --------------------------------------------------------

--
-- Table structure for table `uccp_accpaidaddmission`
--

CREATE TABLE `uccp_accpaidaddmission` (
  `id` int(11) NOT NULL,
  `name` varchar(255) NOT NULL,
  `ornumber` varchar(255) NOT NULL,
  `status` varchar(255) NOT NULL
) ENGINE=InnoDB DEFAULT CHARSET=utf8mb4;

--
-- Dumping data for table `uccp_accpaidaddmission`
--

INSERT INTO `uccp_accpaidaddmission` (`id`, `name`, `ornumber`, `status`) VALUES
(1, '[value-2]', 'OR-17555358', 'Paid'),
(2, '[value-2]', 'OR-337198494', 'Paid'),
(3, '[value-2]', 'OR-800679486', 'Paid'),
(535, 'Jasper  David Macaraeg', 'OR-1155300038', 'Paid'),
(537, 'Jiro Allen Olit Ibia', 'OR-1444965997', 'Paid'),
(539, 'Daneris V Mendoza', 'OR-483916450', 'Paid'),
(540, 'John Maverick Labaguis Clemente', 'OR-2058218289', 'Paid'),
(541, 'Daneris Villapando Mendoza', 'OR-990258977', 'Paid'),
(542, 'John Kenneth V Aniceto', 'OR-470051480', 'Paid'),
(543, 'Angel  Deona', 'OR-153928858', 'Paid'),
(545, 'Hersvin Fred  Dela Cruz Labastida', 'OR-2089395245', 'Paid'),
(547, 'Daniel Belandres custodio', 'OR-2007671783', 'Paid'),
(548, 'angelo dellosa perlota', 'OR-1113858458', 'Paid'),
(550, 'vincent angelo de leon Santiago', 'OR-735558619', 'Paid'),
(551, 'Clarence Pascual Espejo', 'OR-1732986217', 'Paid'),
(552, 'Patrick Allen Young Cabfit', 'OR-29532629', 'Paid'),
(553, 'Angelo Dellosa Perlota', 'OR-1316285591', 'Paid'),
(554, 'Andres y de Castro Bonifacio', 'OR-744724601', 'Paid'),
(555, 'john maverick  labaguis clemente', 'OR-573271566', 'Paid'),
(556, 'Andres y de Castro Bonifacio', 'OR-843030098', 'Paid'),
(558, 'Andres Perlota espejo', 'OR-399354646', 'Paid'),
(559, 'Angelo Chsrles Perlota', 'OR-588617798', 'Paid'),
(560, 'John Maverick Labaguis Clemente', 'OR-865816767', 'Paid'),
(561, 'Angelo Labaguis Clemente', 'OR-1682080013', 'Paid'),
(564, 'Jiro Olit Ibia', 'OR-245335570', 'Paid'),
(565, 'Jiro Olit Ibia', 'OR-490558988', 'Paid'),
(566, 'ANGELO CHARLES DELLOSA PERLOTA', 'OR-236634597', 'Paid'),
(567, 'sharmaibe A. layco', 'OR-1922645378', 'Paid');

-- --------------------------------------------------------

--
-- Table structure for table `uccp_accpaidenrollment`
--

CREATE TABLE `uccp_accpaidenrollment` (
  `id` int(11) NOT NULL,
  `name` varchar(255) NOT NULL,
  `course` varchar(255) NOT NULL,
  `year` varchar(255) NOT NULL,
  `ornumber` varchar(255) NOT NULL,
  `status` text NOT NULL,
  `balance` varchar(255) NOT NULL
) ENGINE=InnoDB DEFAULT CHARSET=utf8mb4;

--
-- Dumping data for table `uccp_accpaidenrollment`
--

INSERT INTO `uccp_accpaidenrollment` (`id`, `name`, `course`, `year`, `ornumber`, `status`, `balance`) VALUES
(1, '[value-2]', '[value-9]', '[value-10]', 'OR-1718152412', 'Paid', ''),
(2, '[value-2]', '[value-9]', '[value-10]', 'OR-1317528624', 'Paid', ''),
(3, '[value-2]', '[value-9]', '[value-10]', 'OR-793939097', 'Paid', ''),
(244, 'Angel  Deona', 'BSCS', '1st Year', 'OR-847630865', 'Paid', ''),
(245, 'angelo dellosa perlota', 'BSCS', '1st Year', 'OR-485557450', 'Paid', ''),
(246, 'Daneris V Mendoza', 'BSCS', '1st Year', 'OR-1254247718', 'Paid', ''),
(247, 'Daniel Belandres custodio', 'BSCS', '1st Year', 'OR-503906345', 'Paid', ''),
(248, 'Jiro Allen Olit Ibia', 'BSCS', '1st Year', 'OR-560933231', 'Paid', ''),
(249, 'John Kenneth V Aniceto', 'BSCS', '1st Year', 'OR-1016582152', 'Paid', ''),
(250, 'Jasper  David Macaraeg', 'BSCS', '1st Year', 'OR-442675417', 'Paid', ''),
(251, 'Hersvin Fred  Dela Cruz Labastida', 'BSCS', '1st Year', 'OR-2059972279', 'Paid', ''),
(253, 'Clarence Pascual Espejo', 'BSCS', '1st Year', 'OR-2053673992', 'Paid', ''),
(254, 'Patrick Allen Young Cabfit', 'BSCS', '1st Year', 'OR-2009276438', 'Paid', ''),
(255, 'angelo dellosa perlota', 'BSCS', '1st Year', 'OR-437860228', 'Paid', ''),
(256, 'Andres y de Castro Bonifacio', 'BSCS', '1st Year', 'OR-210691769', 'Paid', ''),
(257, 'john maverick  labaguis clemente', 'BSCS', '1st Year', 'OR-1812355260', 'Paid', ''),
(258, 'Angelo Labaguis Clemente', 'BSCS', '1st Year', 'OR-1372804126', 'Paid', ''),
(259, 'ANGELO CHARLES DELLOSA PERLOTA', 'BSCS', '1st Year', 'OR-2056880873', 'Paid', ''),
(294, 'ANGELO CHARLES DELLOSA PERLOTA', 'BSCS', '1st Year', 'OR-277451785', 'Paid', ''),
(501, '[value-2a]', '[value-9]', '[value-10]', 'OR-1445986053', 'Paid', '');

-- --------------------------------------------------------

--
-- Table structure for table `uccp_add_courses`
--

CREATE TABLE `uccp_add_courses` (
  `id` int(11) NOT NULL,
  `courses` varchar(255) NOT NULL,
  `status` varchar(255) NOT NULL,
  `abbreviation` varchar(255) NOT NULL
) ENGINE=InnoDB DEFAULT CHARSET=utf8mb4;

--
-- Dumping data for table `uccp_add_courses`
--

INSERT INTO `uccp_add_courses` (`id`, `courses`, `status`, `abbreviation`) VALUES
(61, 'BSIT', 'Enable', 'BSIT'),
(62, 'BSCS', 'Enable', 'BSCS'),
(63, 'BSEMC', 'Disable', 'BSEMC'),
(64, 'BSIS', 'Disable', 'BSIS'),
(65, 'BSBA - HRM2131231', 'Enable', 'BSBA'),
(66, 'cedric', 'Disable', 'CEDRIC'),
(67, 'ced', 'Disable', 'CED'),
(68, 'a', 'Disable', '2'),
(69, 'Bachelor of Science In Computer Science', '', 'BSCS'),
(70, 'vb', '', 'vb');

-- --------------------------------------------------------

--
-- Table structure for table `uccp_adminacc_tbl`
--

CREATE TABLE `uccp_adminacc_tbl` (
  `id` int(11) NOT NULL,
  `usertype` int(11) NOT NULL,
  `username` varchar(60) NOT NULL,
  `password` varchar(60) NOT NULL,
  `email` varchar(50) NOT NULL,
  `phone` varchar(15) NOT NULL
) ENGINE=InnoDB DEFAULT CHARSET=utf8mb4;

--
-- Dumping data for table `uccp_adminacc_tbl`
--

INSERT INTO `uccp_adminacc_tbl` (`id`, `usertype`, `username`, `password`, `email`, `phone`) VALUES
(209, 6, 'bscsperlota', 'admin123', 'geloperlota@gmail.com', '09478567810'),
(210, 6, 'bscsclarence', 'admin456', 'clarespejo@gmail.com', '09746581236'),
(211, 6, 'bscsclemente', 'admin789', 'mavsclemente@gmail.com', '09745687154'),
(212, 6, 'bscsjiro', 'admin012', 'ibiajiro@gmail.com', '09351501163');

-- --------------------------------------------------------

--
-- Table structure for table `uccp_admission`
--

CREATE TABLE `uccp_admission` (
  `id` int(11) NOT NULL,
  `name` varchar(255) NOT NULL,
  `gender` varchar(50) NOT NULL,
  `birthday` date NOT NULL,
  `birthplace` varchar(255) NOT NULL,
  `number` varchar(255) NOT NULL,
  `email` varchar(255) NOT NULL,
  `address` varchar(255) NOT NULL,
  `guardian` varchar(255) NOT NULL,
  `g-Occupation` varchar(255) NOT NULL,
  `g-Contact` varchar(255) NOT NULL,
  `g-Adress` varchar(255) NOT NULL,
  `primary` varchar(255) NOT NULL,
  `primary-Sy` varchar(255) NOT NULL,
  `highschool` varchar(255) NOT NULL,
  `highschool-Sy` varchar(255) NOT NULL,
  `shs` varchar(255) NOT NULL,
  `shs-Sy` varchar(255) NOT NULL,
  `firstchoice` varchar(255) NOT NULL,
  `requirements` varchar(255) NOT NULL,
  `picture` varchar(255) DEFAULT NULL,
  `proof` varchar(255) DEFAULT NULL,
  `card` varchar(255) DEFAULT NULL,
  `schoolyear` varchar(255) NOT NULL
) ENGINE=InnoDB DEFAULT CHARSET=utf8mb4;

--
-- Dumping data for table `uccp_admission`
--

INSERT INTO `uccp_admission` (`id`, `name`, `gender`, `birthday`, `birthplace`, `number`, `email`, `address`, `guardian`, `g-Occupation`, `g-Contact`, `g-Adress`, `primary`, `primary-Sy`, `highschool`, `highschool-Sy`, `shs`, `shs-Sy`, `firstchoice`, `requirements`, `picture`, `proof`, `card`, `schoolyear`) VALUES
(568, 'angelo dellosa perlota', 'Male', '2023-04-20', 'manila', '123', 'angeloperlota38@gmail.com', '123', '`122', '`12', '123', '12', '1231', '123', '123', '123', '123', '123', 'BSCS', '1681962062376Screenshot 2023-03-23 194401.png', '5045886187128Screenshot 2023-03-23 194327.png', '6727848249504Screenshot 2023-03-23 194401.png', '3363924124752Screenshot 2023-03-23 194401.png', '2022-2023');

-- --------------------------------------------------------

--
-- Table structure for table `uccp_admission_billing`
--

CREATE TABLE `uccp_admission_billing` (
  `id` int(11) NOT NULL,
  `Name` varchar(255) NOT NULL,
  `Gender` varchar(50) NOT NULL,
  `Birthday` date NOT NULL,
  `Birthplace` varchar(255) NOT NULL,
  `Number` varchar(255) NOT NULL,
  `Email` varchar(30) NOT NULL,
  `Address` varchar(255) NOT NULL,
  `Guardian` varchar(255) NOT NULL,
  `G-Occupation` varchar(255) NOT NULL,
  `G-Contact` varchar(255) NOT NULL,
  `G-Adress` varchar(255) NOT NULL,
  `Primary` varchar(255) NOT NULL,
  `Primary-Sy` varchar(255) NOT NULL,
  `Highschool` varchar(255) NOT NULL,
  `Highschool-Sy` varchar(255) NOT NULL,
  `Shs` varchar(255) NOT NULL,
  `Shs-Sy` varchar(255) NOT NULL,
  `Firstchoice` varchar(255) NOT NULL,
  `Requirements` varchar(255) NOT NULL,
  `Picture` varchar(255) NOT NULL,
  `Proof` varchar(255) NOT NULL,
  `Card` varchar(255) NOT NULL,
  `Schoolyear` varchar(255) NOT NULL,
  `type` varchar(255) NOT NULL,
  `price` varchar(255) NOT NULL,
  `ornumber` varchar(255) NOT NULL,
  `totalprice` varchar(255) NOT NULL,
  `status` varchar(255) NOT NULL
) ENGINE=InnoDB DEFAULT CHARSET=utf8mb4;

--
-- Dumping data for table `uccp_admission_billing`
--

INSERT INTO `uccp_admission_billing` (`id`, `Name`, `Gender`, `Birthday`, `Birthplace`, `Number`, `Email`, `Address`, `Guardian`, `G-Occupation`, `G-Contact`, `G-Adress`, `Primary`, `Primary-Sy`, `Highschool`, `Highschool-Sy`, `Shs`, `Shs-Sy`, `Firstchoice`, `Requirements`, `Picture`, `Proof`, `Card`, `Schoolyear`, `type`, `price`, `ornumber`, `totalprice`, `status`) VALUES
(2, 'asd', '[value-3]', '2023-03-19', '[value-5]', '[value-6]', '[value-7]', '[value-8]', '[value-9]', '[value-10]', '[value-11]', '[value-12]', '[value-13]', '[value-14]', '[value-15]', '[value-16]', '[value-17]', '[value-18]', '[value-19]', '[value-20]', '[value-21]', '[value-22]', '[value-23]', '[value-24]', 'Admission', '200', 'OR-337198494', '[value-28]', '[value-29]');

-- --------------------------------------------------------

--
-- Table structure for table `uccp_admission_schedule`
--

CREATE TABLE `uccp_admission_schedule` (
  `id` int(11) NOT NULL,
  `status` varchar(255) NOT NULL,
  `schoolyear` varchar(255) NOT NULL
) ENGINE=InnoDB DEFAULT CHARSET=utf8mb4;

--
-- Dumping data for table `uccp_admission_schedule`
--

INSERT INTO `uccp_admission_schedule` (`id`, `status`, `schoolyear`) VALUES
(287, 'Open', '2022-2023'),
(288, 'Closed', '2023-2024'),
(289, 'Closed', '2024-2025'),
(290, 'Closed', '2025-2026'),
(313, 'Closed', 'xc'),
(314, '0', 'xb');

-- --------------------------------------------------------

--
-- Table structure for table `uccp_approvedcurriculum`
--

CREATE TABLE `uccp_approvedcurriculum` (
  `id` int(11) NOT NULL,
  `Schoolyear` varchar(255) NOT NULL,
  `Course` varchar(255) NOT NULL,
  `Year` varchar(255) NOT NULL,
  `Subcode` varchar(255) NOT NULL,
  `Description` varchar(255) NOT NULL,
  `Units` varchar(255) NOT NULL,
  `Status` varchar(255) NOT NULL,
  `Sem` varchar(255) NOT NULL,
  `availability` varchar(255) NOT NULL
) ENGINE=InnoDB DEFAULT CHARSET=utf8mb4;

--
-- Dumping data for table `uccp_approvedcurriculum`
--

INSERT INTO `uccp_approvedcurriculum` (`id`, `Schoolyear`, `Course`, `Year`, `Subcode`, `Description`, `Units`, `Status`, `Sem`, `availability`) VALUES
(150, '2022-2023', 'BSCS', '1st Year', 'GEM 001', 'Rizals Life Works and Writings', '3', 'APPROVED', '1st', 'Accredit'),
(151, '2022-2023', 'BSMATH', '1st Year', 'CS 112', 'Operating System', '3', 'APPROVED', '1st', 'Accredit'),
(152, '2022-2023', 'BSCS', '1st Year', 'CS 107', 'Embedded Programming', '5', 'APPROVED', '2nd', 'Clear'),
(153, '2022-2023', 'BSCS', '1st Year', 'CS 112', 'Operating System', '3', 'APPROVED', '2nd', 'Accredit'),
(154, '2022-2023', 'BSIT', '2nd Year', 'Pogii', 'Pogi ni gelo', '5', 'APPROVED', '2nd', 'Accredit'),
(155, '2022-2023', 'BSIT', '2nd Year', 'p[pogi', 'POGI ni GELO', '5', 'APPROVED', '1st', 'Accredit'),
(195, '2022-2023', 'BSCS', '1st Year', 'GEM 001', 'Rizals Life Works and Writings', '3', 'APPROVED', '2nd', 'Accredit'),
(196, '2022-2023', 'BSIT', '1st Year', '1', '1', '1', 'APPROVED', '2nd', 'Accredit'),
(197, '2022-2023', 'BSCS', '1st Year', 'CCS 101', 'Programming I', '5', 'APPROVED', '2nd', 'Accredit'),
(198, '2022-2023', 'BSCS', '1st Year', 'GEM 001', 'Rizals Life Works and Writings', '3', 'APPROVED', '1st', 'Accredit'),
(199, '2022-2023', 'BSCS', '1st Year', 'x', 'x', '3', 'APPROVED', '1st', 'Accredit'),
(200, '2022-2023', 'BSCS', '1st Year', 'GEM 001xzczxcz', 'Rizals Life Works and Writingszzxczx', '3', 'APPROVED', '2nd', 'Accredit'),
(201, '2022-2023', 'BSCS', '1st Year', 'GEM 001', 'bvcbcvbcvbc', '3', 'APPROVED', '2nd', 'Accredit'),
(202, '2022-2023', 'BSCS', '1st Year', 'GEM 001', 'Rizals Life Works and Writingsxzczxcz', '3', 'APPROVED', '2nd', 'Accredit'),
(203, '2022-2023', 'BSCS', '1st Year', 'GEM 001', 'Rizals Life Works and Writings', '3', 'APPROVED', '2nd', ''),
(204, '2022-2023', 'BSCS', '1st Year', 'GEM 001', 'Rizals Life Works and Writings', '3', 'APPROVED', '2nd', ''),
(205, '2022-2023', 'BSCS', '1st Year', 'GEM 001', 'Rizals Life Works and Writings', '3', 'APPROVED', '2nd', ''),
(206, '2022-2023', 'BSCS', '1st Year', 'GEM 001', 'Rizals Life Works and Writingsasdasdasd', '3', 'APPROVED', '2nd', ''),
(207, '2022-2023', 'BSCS', '1st Year', 'GEM 001', 'Rizals Life Works and Writingsccvxvx', '3', 'APPROVED', '2nd', ''),
(208, '2022-2023', 'BSCS', '1st Year', 'GEM 001', 'Rizals Life Works and Writings13123', '3', 'APPROVED', '2nd', ''),
(209, '2022-2023', 'BSCS', '1st Year', 'GEM 001xzcz', 'zxczxc', '3', 'APPROVED', '2nd', 'Clear'),
(210, '2022-2023', 'BSIT', '1st Year', 'GEM 001', 'Rizals Life Works and Writings', '3', 'APPROVED', '2nd', 'Accredit'),
(211, '2022-2023', 'BSBA', '1st Year', 'GEM 001', 'Rizals Life Works and Writings', '3', 'APPROVED', '2nd', ''),
(212, '2022-2023', 'BSBA', '1st Year', 'AS', 'xzcxz', '3', 'APPROVED', '2nd', ''),
(213, '2022-2023', 'BSCS', '1st Year', 'GPGI', 'GELO POGI', '2', 'APPROVED', '2nd', 'Accredit'),
(214, '2022-2023', 'BSCS', '1st Year', 'GPGI', 'GELO POGI', '5', 'APPROVED', '1st', 'Clear'),
(215, '2022-2023', 'BSCS', '1st Year', 'GPGI2', 'GELO POGIi', '3', 'APPROVED', '1st', 'Accredit'),
(216, '2022-2023', 'BSCS', '1st Year', 'GPGI23', 'GELO POGIxzx', '5', 'APPROVED', '1st', 'Accredit'),
(217, '2022-2023', 'BSCS', '1st Year', 'GPGIxzzz', 'GELO POGIi12', '3', 'APPROVED', '1st', 'Accredit'),
(218, '2022-2023', 'BSCS', '1st Year', 'xzc', 'zxc', '2', 'APPROVED', '1st', 'Accredit'),
(219, '2022-2023', 'BSCS', '1st Year', 'vxcvx', 'vxcv', '3', 'APPROVED', '1st', 'Accredit'),
(220, '2', 'BSCS', '2nd Year', '2', '2', '2', 'APPROVED', '2', ''),
(221, '2', 'BSIT', '2nd Year', '2', '2', '2', 'APPROVED', '2', ''),
(222, '2', 'BSCS', '2nd Year', '2', '2', '1', 'APPROVED', '2', ''),
(223, '1', 'BSCS', '1st Year', '1', '1', '1', 'APPROVED', '1', 'Accredit'),
(224, '2', 'BSCS', '2nd Year', '2', '2', '2', 'APPROVED', '2', ''),
(225, '1', 'BSIT', '1st Year', '1', '1', '1', 'APPROVED', '1', ''),
(227, '1', 'BSCS', '1st Year', '1', '1', '1', 'APPROVED', '1', ''),
(228, '1', 'BSCS', '1st Year', '1', '1', '1', 'APPROVED', '1', ''),
(229, '1', 'BSIT', '1st Year', '1', '1', '1', 'APPROVED', '1', ''),
(230, '1', 'BSIT', '1st Year', '1', '1', '1', 'APPROVED', '1', ''),
(231, '1', 'BSIT', '1st Year', '1', '1', '1', 'APPROVED', '1', '');

-- --------------------------------------------------------

--
-- Table structure for table `uccp_bor_tbl`
--

CREATE TABLE `uccp_bor_tbl` (
  `id` int(11) NOT NULL COMMENT 'board of regents id',
  `bor_name` varchar(60) NOT NULL COMMENT 'board of regents name',
  `bor_position` varchar(60) NOT NULL COMMENT 'board of regents position',
  `bor_description` text NOT NULL COMMENT 'board of regents description',
  `bor_image` varchar(60) DEFAULT NULL COMMENT 'board of regents image',
  `bor_level` int(11) NOT NULL
) ENGINE=InnoDB DEFAULT CHARSET=utf8mb4;

--
-- Dumping data for table `uccp_bor_tbl`
--

INSERT INTO `uccp_bor_tbl` (`id`, `bor_name`, `bor_position`, `bor_description`, `bor_image`, `bor_level`) VALUES
(6, 'Dale Gonzalo', 'Chairman', 'City Mayor', '638ca5ad89de2.png', 1),
(7, 'Atty. Rene Richard A. Salazar', 'Vice Chairman', 'University President', '638ca5bba96b7.png', 1),
(8, 'Prof. Rey H. Jetajobe', 'President', 'UCC Faculty and Employees Assn. Inc.', '638ca5c7b8fbd.png', 1),
(9, 'Atty. Roderick Vera', 'Board Secretary', '', '638ca5d484d0b.png', 1),
(16, 'Engr. Oliver R. Hernandez', 'Member, B.O.R', 'CESE / City Administrator', '638ca5e11fd0b.png', 2),
(40, 'Hon. Ma. Milagros S. Mercado', 'Member, B.O.R', 'City Councilor', '638ca5ed52ee9.png', 2),
(43, 'Ms. Lilibeth M. Luakian', 'Member, B.O.R', 'Secretary to the Mayor', '638ca5f8818c4.png', 2),
(47, 'Ms. Violeta Y. Gonzales', 'Member, B.O.R', 'OIC, PESO', '63959fbb85ac1.png', 2),
(48, 'Hon. Karina Teh', 'Member, B.O.R', 'City Councilor/Chairperson, Committee on Education', '63959fe090ab4.png', 2),
(49, 'Prof. Marilyn T. De Jesus', 'Member, B.O.R', 'Vice President for Administration', '63959ff774993.png', 2),
(50, 'Dr. Tedoro A. Macaraeg Jr.', 'Member, B.O.R', 'President, UCCAAI', '6395a00e20db9.png', 2),
(51, 'Mr. Ian Osete', 'Member, B.O.R', 'President, SSC', '6395a01f59a91.png', 2),
(52, 'Mr. Frank Koh', 'Member, B.O.R', 'Former President, FCCC Caloocan Chapter / Ex-Officio', '6395a03a077fd.png', 2),
(53, 'Dr. Cecille G. Carandang', 'Member, B.O.R', 'Superintendent, Division of City Schools', '6395a05adc7c5.png', 2);

-- --------------------------------------------------------

--
-- Table structure for table `uccp_course`
--

CREATE TABLE `uccp_course` (
  `id` int(11) NOT NULL,
  `type` varchar(255) NOT NULL,
  `courses` varchar(255) NOT NULL,
  `yearlevel` varchar(255) NOT NULL,
  `totalprice` float NOT NULL
) ENGINE=InnoDB DEFAULT CHARSET=utf8mb4;

--
-- Dumping data for table `uccp_course`
--

INSERT INTO `uccp_course` (`id`, `type`, `courses`, `yearlevel`, `totalprice`) VALUES
(1, 'Admission', '', '1st', 100),
(2, '', 'BSCS', '3rd', 300),
(3, '', 'BSIT', '2nd', 250),
(5, '', 'BSOAD', '2nd', 450),
(6, '', 'BSTM', '4th', 500);

-- --------------------------------------------------------

--
-- Table structure for table `uccp_coursefee`
--

CREATE TABLE `uccp_coursefee` (
  `id` int(11) NOT NULL,
  `type` varchar(255) NOT NULL,
  `price` float NOT NULL
) ENGINE=InnoDB DEFAULT CHARSET=utf8mb4;

--
-- Dumping data for table `uccp_coursefee`
--

INSERT INTO `uccp_coursefee` (`id`, `type`, `price`) VALUES
(1, 'Admission', 200),
(18, 'Computer Laboratory Fee', 110),
(19, 'Scheme 2', 2000),
(20, 'Medical Fee', 150),
(21, 'PE', 130),
(22, 'Science Laboratory Fee', 120);

-- --------------------------------------------------------

--
-- Table structure for table `uccp_curriculum`
--

CREATE TABLE `uccp_curriculum` (
  `id` int(11) NOT NULL,
  `Schoolyear` varchar(255) NOT NULL,
  `Course` varchar(255) NOT NULL,
  `Year` varchar(255) NOT NULL,
  `Subcode` varchar(255) NOT NULL,
  `Description` varchar(255) NOT NULL,
  `Units` varchar(255) NOT NULL,
  `Status` varchar(255) NOT NULL,
  `Sem` varchar(255) NOT NULL
) ENGINE=InnoDB DEFAULT CHARSET=utf8mb4;

--
-- Dumping data for table `uccp_curriculum`
--

INSERT INTO `uccp_curriculum` (`id`, `Schoolyear`, `Course`, `Year`, `Subcode`, `Description`, `Units`, `Status`, `Sem`) VALUES
(226, '1', 'BSCS', '1st Year', '1', '1', '1', 'REJECT', '1');

-- --------------------------------------------------------

--
-- Table structure for table `uccp_enrolled`
--

CREATE TABLE `uccp_enrolled` (
  `id` int(11) NOT NULL,
  `name` varchar(255) NOT NULL,
  `gender` varchar(255) NOT NULL,
  `birthday` varchar(255) NOT NULL,
  `birthplace` varchar(255) NOT NULL,
  `email` varchar(255) NOT NULL,
  `phone` varchar(255) NOT NULL,
  `address` varchar(255) NOT NULL,
  `course` varchar(255) NOT NULL,
  `year` varchar(255) NOT NULL,
  `section` varchar(255) NOT NULL,
  `schoolyear` varchar(255) NOT NULL,
  `sem` varchar(255) NOT NULL,
  `picture` varchar(255) NOT NULL,
  `diploma` varchar(255) NOT NULL,
  `goodmoral` varchar(255) NOT NULL,
  `psa` varchar(255) NOT NULL,
  `card` varchar(255) NOT NULL,
  `proof` varchar(255) NOT NULL,
  `erf` varchar(255) NOT NULL,
  `records` varchar(255) NOT NULL,
  `status` varchar(255) NOT NULL,
  `username` varchar(255) NOT NULL,
  `password` varchar(255) NOT NULL,
  `account_type` varchar(255) NOT NULL
) ENGINE=InnoDB DEFAULT CHARSET=utf8mb4;

--
-- Dumping data for table `uccp_enrolled`
--

INSERT INTO `uccp_enrolled` (`id`, `name`, `gender`, `birthday`, `birthplace`, `email`, `phone`, `address`, `course`, `year`, `section`, `schoolyear`, `sem`, `picture`, `diploma`, `goodmoral`, `psa`, `card`, `proof`, `erf`, `records`, `status`, `username`, `password`, `account_type`) VALUES
(1, '[value-2]', '[value-3]', '[value-4]', '[value-5]', '[value-6]', '[value-7]', '[value-8]', '[value-9]', '[value-10]', '', '[value-11]', '[value-12]', '[value-13]', '[value-14]', '[value-15]', '[value-16]', '[value-17]', '[value-18]', '[value-19]', '[value-20]', 'Enrolled', '[value-28]', '[value-29]', '[value-30]'),
(2, '[value-2]', '[value-3]', '[value-4]', '[value-5]', '[value-6]', '[value-7]', '[value-8]', '[value-9]', '[value-10]', '', '[value-11]', '[value-12]', '[value-13]', '[value-14]', '[value-15]', '[value-16]', '[value-17]', '[value-18]', '[value-19]', '[value-20]', 'Enrolled', '[value-28]', '[value-29]', '[value-30]'),
(3, '[value-2]', '[value-3]', '[value-4]', '[value-5]', '[value-6]', '[value-7]', '[value-8]', '[value-9]', '[value-10]', '', '[value-11]', '[value-12]', '[value-13]', '[value-14]', '[value-15]', '[value-16]', '[value-17]', '[value-18]', '[value-19]', '[value-20]', 'Enrolled', '[value-28]', '[value-29]', '[value-30]'),
(244, 'Angel  Deona', 'Female', '2002-07-10', 'Caloocan City', 'angeldeona.123@gmail.com', '1323123123', '4th ave caloocan city', 'BSCS', '1st Year', 'BSCS-1A', '2022-2023', '1st', '1671519298313button_play.png', '5014557894940button_play.png', '6686077193254button_play.png', '3343038596627button_play.png', '8357596491567button_play.png', '10029115789881button_play.png', '', '', 'Enrolled', 'angeldeona.123@gmail.com', 'AngelDeona', '1'),
(245, 'angelo dellosa perlota', 'Male', '2001-12-26', 'Caloocan City', 'angeloperlota38@gmail.com', '1231231231', '126 l nadurata st. 4th ave. caloocan city', 'BSCS', '1st Year', 'BSCS-1A', '2022-2023', '1st', '1671519410507button_play.png', '5014558231522button_play.png', '6686077642030button_play.png', '3343038821015button_play.png', '8357597052538button_play.png', '10029116463045button_play.png', '', '', 'Enrolled', 'angeloperlota38@gmail.com', 'angelodellosaperlota', '1'),
(246, 'Daneris V Mendoza', 'Male', '2001-05-12', 'Bulacan', 'danerismendoza096@gmail.com', '2131231231', 'Blk 38e phase III caloocan city', 'BSCS', '1st Year', 'BSCS-1A', '2022-2023', '1st', '1671519526854button_play.png', '5014558580564button_play.png', '6686078107419button_play.png', '3343039053709button_play.png', '8357597634274button_play.png', '10029117161128button_play.png', '', '', 'Enrolled', 'danerismendoza096@gmail.com', 'DanerisVMendoza', '1'),
(247, 'Daniel Belandres custodio', 'Male', '2002-04-02', 'Manila', 'danielcustodio832@gmail.com', '412414141', '234 pnr compound caloocan city', 'BSCS', '1st Year', 'BSCS-1A', '2022-2023', '1st', '1671519603615button_play.png', '5014558810845button_play.png', '6686078414460button_play.png', '3343039207230button_play.png', '8357598018076button_play.png', '10029117621691button_play.png', '', '', 'Enrolled', 'danielcustodio832@gmail.com', 'DanielBelandrescustodio', '1'),
(248, 'Jiro Allen Olit Ibia', 'Male', '2003-04-30', 'Manila', 'ibiajiro@gmail.com', '09351501163', 'Blk. 36 Lot 54, Brgy. NBBS, Dagat-dagatan, Navotas City', 'BSCS', '1st Year', 'BSCS-1A', '2022-2023', '1st', '1671519908224button_play.png', '5014559724673button_play.png', '6686079632898button_play.png', '3343039816449button_play.png', '8357599541123button_play.png', '10029119449347button_play.png', '', '', 'Enrolled', 'ibiajiro@gmail.com', 'JiroAllenOlitIbia', '1'),
(249, 'John Kenneth V Aniceto', 'Male', '2002-03-12', 'Manila', 'anicetokenneth@gmail.com', '09195252578', '284 Stotsenburg Caloocan City', 'BSCS', '1st Year', 'BSCS-1A', '2022-2023', '1st', '1671520068487button_play.png', '5014560205461button_play.png', '6686080273948button_play.png', '3343040136974button_play.png', '8357600342435button_play.png', '10029120410922button_play.png', '', '', 'Enrolled', 'anicetokenneth@gmail.com', 'JohnKennethVAniceto', '1'),
(250, 'Jasper David Macaraeg', 'Male', '2001-10-30', 'Caloocan City', 'jasper.macaraeg42@gmail.com', '12312312', '130 J. Ramos St. Caloocan City', 'BSCS', '1st Year', 'BSCS-1A', '2022-2023', '1st', '1671520302310button_play.png', '5014560906932button_play.png', '6686081209243button_play.png', '3343040604621button_play.png', '8357601511554button_play.png', '10029121813864button_play.png', '', '', 'Enrolled', 'jasper.macaraeg42@gmail.com', 'JasperDavidMacaraeg', '1'),
(251, 'Hersvin Fred  Dela Cruz Labastida', 'Male', '2002-01-13', 'Ormoc CIty Leyte', 'labastidahersvin@gmail.com', '1312312312', '32 T Concepcion St. Marulas Valenzuela City', 'BSCS', '1st Year', 'BSCS-1A', '2022-2023', '1st', '1671520362104button_play.png', '5014561086314button_play.png', '6686081448419button_play.png', '3343040724209button_play.png', '8357601810524button_play.png', '10029122172629button_play.png', '', '', 'Enrolled', 'labastidahersvin@gmail.com', 'HersvinFredDelaCruzLabastida', '1'),
(253, 'Clarence Pascual Espejo', 'Male', '2001-10-13', 'Quezon City', '2pokendo@gmail.com', '09954440554', '188 Barrio Pacita Caloocan City', 'BSCS', '1st Year', 'BSCS-1A', '2022-2023', '1st', '1671521018765button_play.png', '5014563056296button_play.png', '6686084075061button_play.png', '3343042037530button_play.png', '8357605093826button_play.png', '10029126112592button_play.png', '', '', 'Enrolled', '2pokendo@gmail.com', 'ClarencePascualEspejo', '1'),
(254, 'Patrick Allen Young Cabfit', 'Male', '2022-12-20', 'Quezon City', 'patrickallen@gmail.com', '12321321321312', 'SPCC Caloocan City', 'BSCS', '1st Year', 'BSCS-1A', '2022-2023', '1st', '1671521214183button_play.png', '5014563642550button_play.png', '6686084856733button_play.png', '3343042428366button_play.png', '8357606070916button_play.png', '10029127285100button_play.png', '', '', 'Enrolled', 'patrickallen@gmail.com', 'PatrickAllenYoungCabfit', '1'),
(255, 'angelo dellosa perlota', 'Male', '2022-12-21', 'Manila', 'angeloperlota38@gmail.com', '1231231231', 'Caloocan City', 'BSCS', '1st Year', 'BSCS-1A', '2022-2023', '1st', '1671637431517kobe 1x1.png', '5014912294551kobe 1x1.png', '6686549726068kobe 1x1.png', '3343274863034kobe 1x1.png', '8358187157585kobe 1x1.png', '10029824589102kobe 1x1.png', '', '', 'Enrolled', 'angeloperlota38@gmail.com', 'angelodellosaperlota', '1'),
(256, 'Andres y de Castro Bonifacio', 'Male', '1863-11-30', 'Manila', 'bonifacioandres@gmail.com', '09759615612', 'Col. C. Riel, Maragondon, Cavite', 'BSCS', '1st Year', 'BSCS-1A', '2022-2023', '1st', '1673327333985184-1842706_transparent-like-a-boss-clipart-man-icon-png.png', '5019982001956F138.jpg', '6693309335941F138.jpg', '3346654667970PSA.jpg', '8366636669926F138.jpg', '10039964003912proof.jpg', '', '', 'Enrolled', 'bonifacioandres@gmail.com', 'AndresydeCastroBonifacio', '1'),
(257, 'john maverick  labaguis clemente', 'Male', '2023-01-31', 'Manila', 'maverickclemente11@gmail.com', '09197001719', '119 regregistrar', 'BSCS', '1st Year', 'BSCS-1A', '2022-2023', '1st', '1675148271074IMG_20220424_202857.jpg', '5025444813223IMG_20220424_202857.jpg', '6700593084298IMG_20220424_202857.jpg', '3350296542149IMG_20220424_202857.jpg', '8375741355372IMG_20220424_202857.jpg', '10050889626447IMG_20220424_202857.jpg', '', '', 'Enrolled', 'maverickclemente11@gmail.com', 'johnmavericklabaguisclemente', '1'),
(258, 'Angelo Labaguis Clemente', 'Male', '2023-02-03', 'Manila', 'maverickclemente11@gmail.com', '09197001719', '119 Bagong Sibol Street Caloocan City', 'BSCS', '1st Year', '', '2022-2023', '1st', '1675407132053311770838_555568966243683_7772809749024306110_n.jpg', '5026221396161311770838_555568966243683_7772809749024306110_n.jpg', '6701628528215311770838_555568966243683_7772809749024306110_n.jpg', '3350814264107311770838_555568966243683_7772809749024306110_n.jpg', '8377035660269311770838_555568966243683_7772809749024306110_n.jpg', '10052442792323311770838_555568966243683_7772809749024306110_n.jpg', '', '', 'Enrolled', 'maverickclemente11@gmail.com', 'AngeloLabaguisClemente', '1'),
(259, 'ANGELO CHARLES DELLOSA PERLOTA', 'Male', '2023-03-17', 'Manila', 'angeloperlota38@gmail.com', '1231231231', '123', 'BSCS', '1st Year', 'BSCS-1A', '2022-2023', '2nd', '1679063610971120722513_762163787678220_5884026690005141957_n.jpg', '5037190832914334906102_735520991287570_5342911191834833442_n.jpg', '6716254443886334921897_515063093911177_9037806404320804998_n.jpg', '3358127221943334906102_735520991287570_5342911191834833442_n.jpg', '8395318054858334945881_589715999723754_245720241249162939_n.jpg', '10074381665829334922164_114827068117143_1003697753660744530_n.jpg', '1679063933084334893629_1519207095156838_1055615612940728374_n.jpg', '5037191799254334893629_1519207095156838_1055615612940728374_n.jpg', 'Enrolled', 'angeloperlota38@gmail.com', 'ANGELOCHARLESDELLOSAPERLOTA', '1'),
(501, '[value-2a]', '[value-3]', '[value-4]', '[value-5]', '[value-6]', '[value-7]', '[value-8]', '[value-9]', '[value-10]', '', '[value-12]', '[value-13]', '[value-14]', '[value-15]', '[value-16]', '[value-17]', '[value-18]', '[value-19]', '[value-20]', '[value-21]', 'Enrolled', '[value-6]', '[value-2a]', '1');

-- --------------------------------------------------------

--
-- Table structure for table `uccp_enrollee`
--

CREATE TABLE `uccp_enrollee` (
  `id` int(11) NOT NULL,
  `name` varchar(255) NOT NULL,
  `gender` varchar(255) NOT NULL,
  `birthday` varchar(255) NOT NULL,
  `birthplace` varchar(255) NOT NULL,
  `email` varchar(255) NOT NULL,
  `phone` varchar(255) NOT NULL,
  `address` varchar(255) NOT NULL,
  `course` varchar(255) NOT NULL,
  `year` varchar(255) NOT NULL,
  `section` varchar(255) NOT NULL,
  `schoolyear` varchar(255) NOT NULL,
  `sem` varchar(255) NOT NULL,
  `picture` varchar(255) NOT NULL,
  `diploma` varchar(255) NOT NULL,
  `goodmoral` varchar(255) NOT NULL,
  `psa` varchar(255) NOT NULL,
  `card` varchar(255) NOT NULL,
  `proof` varchar(255) NOT NULL,
  `erf` varchar(255) NOT NULL,
  `records` varchar(255) NOT NULL,
  `status` varchar(255) NOT NULL,
  `username` varchar(255) NOT NULL,
  `password` varchar(255) NOT NULL,
  `account_type` varchar(255) NOT NULL
) ENGINE=InnoDB DEFAULT CHARSET=utf8mb4;

--
-- Dumping data for table `uccp_enrollee`
--

INSERT INTO `uccp_enrollee` (`id`, `name`, `gender`, `birthday`, `birthplace`, `email`, `phone`, `address`, `course`, `year`, `section`, `schoolyear`, `sem`, `picture`, `diploma`, `goodmoral`, `psa`, `card`, `proof`, `erf`, `records`, `status`, `username`, `password`, `account_type`) VALUES
(502, '[value-3a]', '[value-3]', '[value-4]', '[value-5]', '[value-6]', '[value-7]', '[value-8]', '[value-9]', '[value-10]', '[value-11]', '[value-12]', '[value-13]', '[value-14]', '[value-15]', '[value-16]', '[value-17]', '[value-18]', '[value-19]', '[value-20]', '[value-21]', '[value-22]', '[value-6]', '[value-3a]', '1');

-- --------------------------------------------------------

--
-- Table structure for table `uccp_enrollment_billing`
--

CREATE TABLE `uccp_enrollment_billing` (
  `id` int(11) NOT NULL,
  `name` varchar(255) NOT NULL,
  `gender` varchar(255) NOT NULL,
  `birthday` varchar(255) NOT NULL,
  `birthplace` varchar(255) NOT NULL,
  `email` varchar(255) NOT NULL,
  `phone` varchar(255) NOT NULL,
  `address` varchar(255) NOT NULL,
  `course` varchar(255) NOT NULL,
  `year` varchar(255) NOT NULL,
  `schoolyear` varchar(255) NOT NULL,
  `sem` varchar(255) NOT NULL,
  `picture` varchar(255) NOT NULL,
  `diploma` varchar(255) NOT NULL,
  `goodmoral` varchar(255) NOT NULL,
  `psa` varchar(255) NOT NULL,
  `card` varchar(255) NOT NULL,
  `proof` varchar(255) NOT NULL,
  `erf` varchar(255) NOT NULL,
  `records` varchar(255) NOT NULL,
  `ornumber` varchar(255) NOT NULL,
  `status` varchar(255) NOT NULL,
  `feetype` varchar(255) NOT NULL,
  `price` varchar(255) NOT NULL,
  `totalprice` varchar(255) NOT NULL,
  `balance` varchar(255) NOT NULL,
  `payable_fee` varchar(255) NOT NULL,
  `username` varchar(255) NOT NULL,
  `password` varchar(255) NOT NULL,
  `account_type` varchar(255) NOT NULL
) ENGINE=InnoDB DEFAULT CHARSET=utf8mb4;

--
-- Dumping data for table `uccp_enrollment_billing`
--

INSERT INTO `uccp_enrollment_billing` (`id`, `name`, `gender`, `birthday`, `birthplace`, `email`, `phone`, `address`, `course`, `year`, `schoolyear`, `sem`, `picture`, `diploma`, `goodmoral`, `psa`, `card`, `proof`, `erf`, `records`, `ornumber`, `status`, `feetype`, `price`, `totalprice`, `balance`, `payable_fee`, `username`, `password`, `account_type`) VALUES
(502, '[value-3a]', '[value-3]', '[value-4]', '[value-5]', '[value-6]', '[value-7]', '[value-8]', '[value-9]', '[value-10]', '[value-12]', '[value-13]', '[value-14]', '[value-15]', '[value-16]', '[value-17]', '[value-18]', '[value-19]', '[value-20]', '[value-21]', 'OR-60783838', '[value-22]', 'Computer Laboratory Fee <br>,Scheme 2 <br>', '2000', '2110', '2110', '0', '[value-6]', '[value-3a]', '1');

-- --------------------------------------------------------

--
-- Table structure for table `uccp_enrollment_schedule`
--

CREATE TABLE `uccp_enrollment_schedule` (
  `id` int(11) NOT NULL,
  `status` varchar(255) NOT NULL,
  `schoolyear` varchar(255) NOT NULL,
  `sem` varchar(255) NOT NULL
) ENGINE=InnoDB DEFAULT CHARSET=utf8mb4;

--
-- Dumping data for table `uccp_enrollment_schedule`
--

INSERT INTO `uccp_enrollment_schedule` (`id`, `status`, `schoolyear`, `sem`) VALUES
(68, 'Open', '2022-2023', '2nd'),
(69, 'Closed', '2023-2024', '1st'),
(70, 'Closed', '2024-2025', '1st'),
(71, 'Closed', '2025-2026', '1st');

-- --------------------------------------------------------

--
-- Table structure for table `uccp_eval`
--

CREATE TABLE `uccp_eval` (
  `id` int(11) NOT NULL,
  `name` varchar(255) NOT NULL,
  `gender` varchar(255) NOT NULL,
  `birthday` varchar(255) NOT NULL,
  `email` varchar(255) NOT NULL,
  `phone` varchar(255) NOT NULL,
  `course` varchar(255) NOT NULL,
  `year` varchar(255) NOT NULL,
  `section` varchar(255) NOT NULL,
  `schoolyear` varchar(255) NOT NULL,
  `sem` varchar(255) NOT NULL,
  `picture` varchar(255) NOT NULL,
  `diploma` varchar(255) NOT NULL,
  `goodmoral` varchar(255) NOT NULL,
  `psa` varchar(255) NOT NULL,
  `card` varchar(255) NOT NULL,
  `proof` varchar(255) NOT NULL,
  `erf` varchar(255) NOT NULL,
  `records` varchar(255) NOT NULL,
  `status` varchar(255) NOT NULL,
  `remarks` varchar(255) NOT NULL,
  `username` varchar(255) NOT NULL,
  `password` varchar(255) NOT NULL,
  `account_type` varchar(255) NOT NULL
) ENGINE=InnoDB DEFAULT CHARSET=utf8mb4;

--
-- Dumping data for table `uccp_eval`
--

INSERT INTO `uccp_eval` (`id`, `name`, `gender`, `birthday`, `email`, `phone`, `course`, `year`, `section`, `schoolyear`, `sem`, `picture`, `diploma`, `goodmoral`, `psa`, `card`, `proof`, `erf`, `records`, `status`, `remarks`, `username`, `password`, `account_type`) VALUES
(296, 'Angel  Deona', 'Female', '2002-07-10', 'angeldeona.123@gmail.com', '1323123123', 'BSCS', '1st Year', 'BSCS-1A', '2022-2023', '1st', '1671519298313button_play.png', '5014557894940button_play.png', '6686077193254button_play.png', '3343038596627button_play.png', '8357596491567button_play.png', '10029115789881button_play.png', '', '', '', 'PASSED', 'angeldeona.123@gmail.com', 'AngelDeona', '1'),
(297, 'angelo dellosa perlota', 'Male', '2001-12-26', 'angeloperlota38@gmail.com', '1231231231', 'BSCS', '1st Year', 'BSCS-1A', '2022-2023', '1st', '1671519410507button_play.png', '5014558231522button_play.png', '6686077642030button_play.png', '3343038821015button_play.png', '8357597052538button_play.png', '10029116463045button_play.png', '', '', '', 'PASSED', 'angeloperlota38@gmail.com', 'angelodellosaperlota', '1'),
(298, 'Daneris V Mendoza', 'Male', '2001-05-12', 'danerismendoza096@gmail.com', '2131231231', 'BSCS', '1st Year', 'BSCS-1A', '2022-2023', '1st', '1671519526854button_play.png', '5014558580564button_play.png', '6686078107419button_play.png', '3343039053709button_play.png', '8357597634274button_play.png', '10029117161128button_play.png', '', '', '', 'PASSED', 'danerismendoza096@gmail.com', 'DanerisVMendoza', '1'),
(299, 'Daniel Belandres custodio', 'Male', '2002-04-02', 'danielcustodio832@gmail.com', '412414141', 'BSCS', '1st Year', 'BSCS-1A', '2022-2023', '1st', '1671519603615button_play.png', '5014558810845button_play.png', '6686078414460button_play.png', '3343039207230button_play.png', '8357598018076button_play.png', '10029117621691button_play.png', '', '', '', 'PASSED', 'danielcustodio832@gmail.com', 'DanielBelandrescustodio', '1'),
(300, 'Jiro Allen Olit Ibia', 'Male', '2003-04-30', 'ibiajiro@gmail.com', '09351501163', 'BSCS', '1st Year', 'BSCS-1A', '2022-2023', '1st', '1671519908224button_play.png', '5014559724673button_play.png', '6686079632898button_play.png', '3343039816449button_play.png', '8357599541123button_play.png', '10029119449347button_play.png', '', '', '', 'PASSED', 'ibiajiro@gmail.com', 'JiroAllenOlitIbia', '1'),
(301, 'John Kenneth V Aniceto', 'Male', '2002-03-12', 'anicetokenneth@gmail.com', '09195252578', 'BSCS', '1st Year', 'BSCS-1A', '2022-2023', '1st', '1671520068487button_play.png', '5014560205461button_play.png', '6686080273948button_play.png', '3343040136974button_play.png', '8357600342435button_play.png', '10029120410922button_play.png', '', '', '', 'PASSED', 'anicetokenneth@gmail.com', 'JohnKennethVAniceto', '1'),
(302, 'Jasper  David Macaraeg', 'Male', '2001-10-30', 'jasper.macaraeg42@gmail.com', '12312312', 'BSCS', '1st Year', 'BSCS-1A', '2022-2023', '1st', '1671520302310button_play.png', '5014560906932button_play.png', '6686081209243button_play.png', '3343040604621button_play.png', '8357601511554button_play.png', '10029121813864button_play.png', '', '', '', 'PASSED', 'jasper.macaraeg42@gmail.com', 'JasperDavidMacaraeg', '1'),
(303, 'Hersvin Fred  Dela Cruz Labastida', 'Male', '2002-01-13', 'labastidahersvin@gmail.com', '1312312312', 'BSCS', '1st Year', 'BSCS-1A', '2022-2023', '1st', '1671520362104button_play.png', '5014561086314button_play.png', '6686081448419button_play.png', '3343040724209button_play.png', '8357601810524button_play.png', '10029122172629button_play.png', '', '', '', 'PASSED', 'labastidahersvin@gmail.com', 'HersvinFredDelaCruzLabastida', '1'),
(304, 'Clarence Pascual Espejo', 'Male', '2001-10-13', '2pokendo@gmail.com', '09954440554', 'BSCS', '1st Year', 'BSCS-1A', '2022-2023', '1st', '1671521018765button_play.png', '5014563056296button_play.png', '6686084075061button_play.png', '3343042037530button_play.png', '8357605093826button_play.png', '10029126112592button_play.png', '', '', '', 'PASSED', '2pokendo@gmail.com', 'ClarencePascualEspejo', '1'),
(305, 'Patrick Allen Young Cabfit', 'Male', '2022-12-20', 'patrickallen@gmail.com', '12321321321312', 'BSCS', '1st Year', 'BSCS-1A', '2022-2023', '1st', '1671521214183button_play.png', '5014563642550button_play.png', '6686084856733button_play.png', '3343042428366button_play.png', '8357606070916button_play.png', '10029127285100button_play.png', '', '', '', 'PASSED', 'patrickallen@gmail.com', 'PatrickAllenYoungCabfit', '1'),
(306, 'john maverick  labaguis clemente', 'Male', '2023-01-31', 'maverickclemente11@gmail.com', '09197001719', 'BSCS', '1st Year', '', '2022-2023', '1st', '1675148271074IMG_20220424_202857.jpg', '5025444813223IMG_20220424_202857.jpg', '6700593084298IMG_20220424_202857.jpg', '3350296542149IMG_20220424_202857.jpg', '8375741355372IMG_20220424_202857.jpg', '10050889626447IMG_20220424_202857.jpg', '', '', '', 'PASSED', 'maverickclemente11@gmail.com', 'johnmavericklabaguisclemente', '1'),
(307, 'Angelo Labaguis Clemente', 'Male', '2023-02-03', 'maverickclemente11@gmail.com', '09197001719', 'BSCS', '1st Year', '', '2022-2023', '1st', '1675407132053311770838_555568966243683_7772809749024306110_n.jpg', '5026221396161311770838_555568966243683_7772809749024306110_n.jpg', '6701628528215311770838_555568966243683_7772809749024306110_n.jpg', '3350814264107311770838_555568966243683_7772809749024306110_n.jpg', '8377035660269311770838_555568966243683_7772809749024306110_n.jpg', '10052442792323311770838_555568966243683_7772809749024306110_n.jpg', '', '', '', 'PASSED', 'maverickclemente11@gmail.com', 'AngeloLabaguisClemente', '1'),
(308, 'angelo dellosa perlota', 'Male', '2022-12-21', 'angeloperlota38@gmail.com', '1231231231', 'BSCS', '1st Year', 'BSCS-1A', '2022-2023', '1st', '1671637431517kobe 1x1.png', '5014912294551kobe 1x1.png', '6686549726068kobe 1x1.png', '3343274863034kobe 1x1.png', '8358187157585kobe 1x1.png', '10029824589102kobe 1x1.png', '', '', '', '', 'angeloperlota38@gmail.com', 'angelodellosaperlota', '1'),
(309, 'Andres y de Castro Bonifacio', 'Male', '1863-11-30', 'bonifacioandres@gmail.com', '09759615612', 'BSCS', '1st Year', 'BSCS-1A', '2022-2023', '1st', '1673327333985184-1842706_transparent-like-a-boss-clipart-man-icon-png.png', '5019982001956F138.jpg', '6693309335941F138.jpg', '3346654667970PSA.jpg', '8366636669926F138.jpg', '10039964003912proof.jpg', '', '', '', 'PASSED', 'bonifacioandres@gmail.com', 'AndresydeCastroBonifacio', '1'),
(310, 'ANGELO CHARLES DELLOSA PERLOTA', 'Male', '2023-03-17', 'angeloperlota38@gmail.com', '1231231231', 'BSCS', '1st Year', 'BSCS-1A', '2022-2023', '1st', '1679063610971120722513_762163787678220_5884026690005141957_n.jpg', '5037190832914334906102_735520991287570_5342911191834833442_n.jpg', '6716254443886334921897_515063093911177_9037806404320804998_n.jpg', '3358127221943334906102_735520991287570_5342911191834833442_n.jpg', '8395318054858334945881_589715999723754_245720241249162939_n.jpg', '10074381665829334922164_114827068117143_1003697753660744530_n.jpg', '', '', '', 'PASSED', 'angeloperlota38@gmail.com', 'ANGELOCHARLESDELLOSAPERLOTA', '1');

-- --------------------------------------------------------

--
-- Table structure for table `uccp_examinees`
--

CREATE TABLE `uccp_examinees` (
  `id` int(11) NOT NULL,
  `Name` varchar(255) NOT NULL,
  `Gender` varchar(50) NOT NULL,
  `Birthday` date NOT NULL,
  `Birthplace` varchar(255) NOT NULL,
  `Number` varchar(255) NOT NULL,
  `Email` varchar(255) NOT NULL,
  `Address` varchar(255) NOT NULL,
  `Guardian` varchar(255) NOT NULL,
  `G-Occupation` varchar(255) NOT NULL,
  `G-Contact` varchar(255) NOT NULL,
  `G-Adress` varchar(255) NOT NULL,
  `Primary` varchar(255) NOT NULL,
  `Primary-Sy` varchar(255) NOT NULL,
  `Highschool` varchar(255) NOT NULL,
  `Highschool-Sy` varchar(255) NOT NULL,
  `Shs` varchar(255) NOT NULL,
  `Shs-Sy` varchar(255) NOT NULL,
  `Firstchoice` varchar(255) NOT NULL,
  `Requirements` varchar(255) NOT NULL,
  `Picture` varchar(255) NOT NULL,
  `Proof` varchar(255) NOT NULL,
  `Card` varchar(255) NOT NULL,
  `Schoolyear` varchar(255) NOT NULL COMMENT 'what year they admitted',
  `batch` varchar(255) NOT NULL,
  `category` varchar(255) NOT NULL,
  `gwarange` varchar(255) NOT NULL,
  `schedule` varchar(255) NOT NULL,
  `room` varchar(255) NOT NULL,
  `size` varchar(255) NOT NULL,
  `syexisting` varchar(255) NOT NULL COMMENT 'schoolyear assigned based on what''s opened',
  `schedid` varchar(255) NOT NULL
) ENGINE=InnoDB DEFAULT CHARSET=utf8mb4;

--
-- Dumping data for table `uccp_examinees`
--

INSERT INTO `uccp_examinees` (`id`, `Name`, `Gender`, `Birthday`, `Birthplace`, `Number`, `Email`, `Address`, `Guardian`, `G-Occupation`, `G-Contact`, `G-Adress`, `Primary`, `Primary-Sy`, `Highschool`, `Highschool-Sy`, `Shs`, `Shs-Sy`, `Firstchoice`, `Requirements`, `Picture`, `Proof`, `Card`, `Schoolyear`, `batch`, `category`, `gwarange`, `schedule`, `room`, `size`, `syexisting`, `schedid`) VALUES
(3, 'bbb', '[value-3]', '2023-03-19', '[value-5]', '[value-6]', '[value-7]', '[value-8]', '[value-9]', '[value-10]', '[value-11]', '[value-12]', '[value-13]', '[value-14]', '[value-15]', '[value-16]', '[value-17]', '[value-18]', '[value-19]', '[value-20]', '[value-21]', '[value-22]', '[value-23]', '2022-2023', '300', 'Spartan', '90', '2023-03-15', 'CR-1', '2', '2022-2023', '34');

-- --------------------------------------------------------

--
-- Table structure for table `uccp_examsched`
--

CREATE TABLE `uccp_examsched` (
  `id` int(11) NOT NULL,
  `batch` int(11) NOT NULL,
  `category` varchar(255) NOT NULL,
  `gwarange` int(11) NOT NULL,
  `schedule` varchar(255) DEFAULT NULL,
  `room` varchar(255) NOT NULL,
  `syexisting` varchar(255) NOT NULL,
  `size` int(11) NOT NULL,
  `usercount` int(11) NOT NULL
) ENGINE=InnoDB DEFAULT CHARSET=utf8mb4;

--
-- Dumping data for table `uccp_examsched`
--

INSERT INTO `uccp_examsched` (`id`, `batch`, `category`, `gwarange`, `schedule`, `room`, `syexisting`, `size`, `usercount`) VALUES
(31, 30, 'Ibia', 96, '2023-02-24', 'CL1', '2023-2024', 2, 0),
(32, 2, 'Allen', 90, '2023-02-25', 'CL1', '2023-2024', 21, 0),
(33, 25, 'Charlie', 90, '2024-03-01', 'CR - 1', '2022-2023', 30, 0),
(34, 300, 'Spartan', 90, '2023-03-15', 'CR-1', '2022-2023', 2, 2),
(35, 365, 'December', 95, '2023-03-06', 'LR - 1', '2022-2023', 25, 0),
(39, 3, 'Fauxstrat', 90, '2003-03-03', 'LR - 2', '2022-2023', 25, 3),
(40, 2, '2', 2, '', '2', '2025-2026', 2, 0);

-- --------------------------------------------------------

--
-- Table structure for table `uccp_grading`
--

CREATE TABLE `uccp_grading` (
  `id` int(11) NOT NULL,
  `schoolyear` varchar(255) NOT NULL,
  `name` varchar(255) NOT NULL,
  `courseyearsection` varchar(255) NOT NULL,
  `subjectcode` varchar(255) NOT NULL,
  `midterm` double NOT NULL,
  `finals` double NOT NULL,
  `average` double NOT NULL,
  `remarks` varchar(50) NOT NULL
) ENGINE=InnoDB DEFAULT CHARSET=utf8mb4;

--
-- Dumping data for table `uccp_grading`
--

INSERT INTO `uccp_grading` (`id`, `schoolyear`, `name`, `courseyearsection`, `subjectcode`, `midterm`, `finals`, `average`, `remarks`) VALUES
(168, '2022-2023', 'Clarence Pascual Espejo', 'BSIT-1B', '', 0, 0, 0, '');

-- --------------------------------------------------------

--
-- Table structure for table `uccp_gradingsystem_tbl`
--

CREATE TABLE `uccp_gradingsystem_tbl` (
  `id` int(11) NOT NULL,
  `firstname` varchar(191) NOT NULL,
  `lastname` varchar(191) NOT NULL,
  `course` varchar(191) NOT NULL,
  `midterm` float NOT NULL,
  `finalterm` float NOT NULL,
  `average` float NOT NULL,
  `remarks` varchar(10) NOT NULL
) ENGINE=InnoDB DEFAULT CHARSET=utf8mb4;

-- --------------------------------------------------------

--
-- Table structure for table `uccp_ht_tbl`
--

CREATE TABLE `uccp_ht_tbl` (
  `id` int(11) NOT NULL,
  `ht_title` varchar(60) NOT NULL,
  `ht_image` text DEFAULT NULL
) ENGINE=InnoDB DEFAULT CHARSET=utf8mb4;

--
-- Dumping data for table `uccp_ht_tbl`
--

INSERT INTO `uccp_ht_tbl` (`id`, `ht_title`, `ht_image`) VALUES
(27, 'Enrollment 2022', '63961733463c5.jpg'),
(28, 'Admission 2022', '63961750e72b6.jpg'),
(29, 'UCC Portal', '639617ae59e98.png');

-- --------------------------------------------------------

--
-- Table structure for table `uccp_login`
--

CREATE TABLE `uccp_login` (
  `id` int(11) NOT NULL,
  `Username` varchar(300) NOT NULL,
  `Email` varchar(300) NOT NULL,
  `Usertype` varchar(50) NOT NULL,
  `Password` varchar(30) NOT NULL,
  `otp` varchar(255) NOT NULL
) ENGINE=InnoDB DEFAULT CHARSET=utf8mb4;

--
-- Dumping data for table `uccp_login`
--

INSERT INTO `uccp_login` (`id`, `Username`, `Email`, `Usertype`, `Password`, `otp`) VALUES
(1, 'registrar', 'registrar@gmail.com', '3', 'registrar', ''),
(2, 'accounting', 'accounting@gmail.com', '4', 'accounting', ''),
(3, 'deans', 'dean@gmail.com', '5', 'deans', ''),
(4, 'admin', 'admin@gmail.com', '6', 'admin', ''),
(29, 'CEDRICRUZ@GMAIL.COM', 'CEDRICRUZ@GMAIL.COM', '2', 'CEDRIC POGI CRUZ', ''),
(30, 'JessieAlamalil@gmail.com', 'JessieAlamalil@gmail.com', '2', 'JESSIE C ALAMIL', ''),
(31, 'arnoldS@gmail.com', 'arnoldS@gmail.com', '2', 'Arnold A. Samson', ''),
(32, 'ronaldoDay@gmail.com', 'ronaldoDay@gmail.com', '2', 'Ronaldo A. Dayrit', ''),
(33, 'lorenzoAll@gmail.com', 'lorenzoAll@gmail.com', '2', 'Lorenzo C Alberto', ''),
(34, 'EfrenV@gmail.com', 'EfrenV@gmail.com', '2', 'Efren B. Victoria', ''),
(35, 'rpcastillo@gmail.com', 'rpcastillo@gmail.com', '2', 'Roderick  Castillo', ''),
(36, 'garrotemark@gmail.com', 'garrotemark@gmail.com', '2', 'Mark  Garrote', ''),
(37, 'Mvarona@gmail.com', 'Mvarona@gmail.com', '2', 'Marcelo A. Varona', ''),
(38, 'Dominadors@gmail.com', 'Dominadors@gmail.com', '2', 'Dominador  Solayao', ''),
(39, 'Avillanueva@gmail.com', 'Avillanueva@gmail.com', '2', 'Aldrin  Villanueva', ''),
(40, 'Rmateo@gmail.com', 'Rmateo@gmail.com', '2', 'Ryan   Mateo', ''),
(41, 'PamituanJ@gmail.com', 'PamituanJ@gmail.com', '2', 'Jervin  Pamintuan', ''),
(42, 'Jalvez@gmail.com', 'Jalvez@gmail.com', '2', 'Jerome  Alvez', ''),
(43, 'tdmacaraeg@gmail.com', 'tdmacaraeg@gmail.com', '2', 'Dr. Teodoro  Macaraeg', ''),
(44, 'VEmagbitang@gmail.com', 'VEmagbitang@gmail.com', '2', 'Vhon Erick  Magbitang', ''),
(45, 'irarum@gmail.com', 'irarum@gmail.com', '2', 'Jeremiah  Irarum', ''),
(46, 'bfabriquel@gmail.com', 'bfabriquel@gmail.com', '2', 'Brenda  Fabriquel', ''),
(47, 'rdelosreyes@gmail.com', 'rdelosreyes@gmail.com', '2', 'Rosario  Delos Reyes', ''),
(48, 'FCynthia@gmail.com', 'FCynthia@gmail.com', '2', 'Cynthia  Fabillar', ''),
(49, 'rdejesus@gmail.com', 'rdejesus@gmail.com', '2', 'Roy  De Jesus', ''),
(50, 'haroldalzaga@gmail.com', 'haroldalzaga@gmail.com', '2', 'Harold Wilson  Alzaga', ''),
(51, 'angeloperlota38@gmail.com', 'angeloperlota38@gmail.com', '2', 'ANGELO CHARLES DELLOSA PERLOTA', ''),
(52, '1', '1', '2', '1 1 1', ''),
(244, 'angeldeona.123@gmail.com', 'angeldeona.123@gmail.com', '1', 'AngelDeona', ''),
(245, 'angeloperlota38@gmail.com', 'angeloperlota38@gmail.com', '1', 'angelodellosaperlota', ''),
(246, 'danerismendoza096@gmail.com', 'danerismendoza096@gmail.com', '1', 'DanerisVMendoza', ''),
(247, 'danielcustodio832@gmail.com', 'danielcustodio832@gmail.com', '1', 'DanielBelandrescustodio', ''),
(248, 'ibiajiro@gmail.com', 'ibiajiro@gmail.com', '1', 'JiroAllenOlitIbia', ''),
(249, 'anicetokenneth@gmail.com', 'anicetokenneth@gmail.com', '1', 'JohnKennethVAniceto', ''),
(250, 'jasper.macaraeg42@gmail.com', 'jasper.macaraeg42@gmail.com', '1', 'JasperDavidMacaraeg', ''),
(251, 'labastidahersvin@gmail.com', 'labastidahersvin@gmail.com', '1', 'HersvinFredDelaCruzLabastida', ''),
(253, '2pokendo@gmail.com', '2pokendo@gmail.com', '1', 'ClarencePascualEspejo', ''),
(254, 'patrickallen@gmail.com', 'patrickallen@gmail.com', '1', 'PatrickAllenYoungCabfit', ''),
(255, 'angeloperlota38@gmail.com', 'angeloperlota38@gmail.com', '1', 'angelodellosaperlota', ''),
(256, 'bonifacioandres@gmail.com', 'bonifacioandres@gmail.com', '1', 'AndresydeCastroBonifacio', ''),
(257, 'maverickclemente11@gmail.com', 'maverickclemente11@gmail.com', '1', 'johnmavericklabaguisclemente', ''),
(258, 'maverickclemente11@gmail.com', 'maverickclemente11@gmail.com', '1', 'AngeloLabaguisClemente', ''),
(259, 'angeloperlota38@gmail.com', 'angeloperlota38@gmail.com', '1', 'ANGELOCHARLESDELLOSAPERLOTA', ''),
(500, '[value-6]', '[value-6]', '1', '[value-2]', ''),
(501, '[value-6]', '[value-6]', '1', '[value-2a]', ''),
(502, '[value-6]', '[value-6]', '1', '[value-3a]', '');

-- --------------------------------------------------------

--
-- Table structure for table `uccp_masterlist`
--

CREATE TABLE `uccp_masterlist` (
  `id` int(11) NOT NULL,
  `name` varchar(255) NOT NULL,
  `gender` varchar(255) NOT NULL,
  `birthday` varchar(255) NOT NULL,
  `email` varchar(255) NOT NULL,
  `phone` varchar(255) NOT NULL,
  `course` varchar(255) NOT NULL,
  `year` varchar(255) NOT NULL,
  `section` varchar(255) NOT NULL,
  `schoolyear` varchar(255) NOT NULL,
  `sem` varchar(255) NOT NULL,
  `picture` varchar(255) NOT NULL,
  `diploma` varchar(255) NOT NULL,
  `goodmoral` varchar(255) NOT NULL,
  `psa` varchar(255) NOT NULL,
  `card` varchar(255) NOT NULL,
  `proof` varchar(255) NOT NULL,
  `erf` varchar(255) NOT NULL,
  `records` varchar(255) NOT NULL,
  `status` varchar(255) NOT NULL,
  `remarks` varchar(255) NOT NULL,
  `username` varchar(255) NOT NULL,
  `password` varchar(255) NOT NULL,
  `account_type` varchar(255) NOT NULL
) ENGINE=InnoDB DEFAULT CHARSET=utf8mb4;

--
-- Dumping data for table `uccp_masterlist`
--

INSERT INTO `uccp_masterlist` (`id`, `name`, `gender`, `birthday`, `email`, `phone`, `course`, `year`, `section`, `schoolyear`, `sem`, `picture`, `diploma`, `goodmoral`, `psa`, `card`, `proof`, `erf`, `records`, `status`, `remarks`, `username`, `password`, `account_type`) VALUES
(1, '[value-2]', '[value-3]', '[value-4]', '[value-6]', '[value-7]', '[value-9]', '[value-10]', '', '[value-11]', '[value-12]', '[value-13]', '[value-14]', '[value-15]', '[value-16]', '[value-17]', '[value-18]', '[value-19]', '[value-20]', '[value-22]', '', '[value-28]', '[value-29]', '[value-30]'),
(2, '[value-2]', '[value-3]', '[value-4]', '[value-6]', '[value-7]', '[value-9]', '[value-10]', '', '[value-11]', '[value-12]', '[value-13]', '[value-14]', '[value-15]', '[value-16]', '[value-17]', '[value-18]', '[value-19]', '[value-20]', '[value-22]', '', '[value-28]', '[value-29]', '[value-30]'),
(3, '[value-2]', '[value-3]', '[value-4]', '[value-6]', '[value-7]', '[value-9]', '[value-10]', '', '[value-11]', '[value-12]', '[value-13]', '[value-14]', '[value-15]', '[value-16]', '[value-17]', '[value-18]', '[value-19]', '[value-20]', '[value-22]', '', '[value-28]', '[value-29]', '[value-30]'),
(259, 'ANGELO CHARLES DELLOSA PERLOTA', 'Male', '2023-03-17', 'angeloperlota38@gmail.com', '1231231231', 'BSCS', '1st Year', 'BSCS-1A', '2022-2023', '2nd', '1679063610971120722513_762163787678220_5884026690005141957_n.jpg', '5037190832914334906102_735520991287570_5342911191834833442_n.jpg', '6716254443886334921897_515063093911177_9037806404320804998_n.jpg', '3358127221943334906102_735520991287570_5342911191834833442_n.jpg', '8395318054858334945881_589715999723754_245720241249162939_n.jpg', '10074381665829334922164_114827068117143_1003697753660744530_n.jpg', '1679063933084334893629_1519207095156838_1055615612940728374_n.jpg', '5037191799254334893629_1519207095156838_1055615612940728374_n.jpg', '', '', '', '', ''),
(501, '[value-2a]', '[value-3]', '[value-4]', '[value-6]', '[value-7]', '[value-9]', '[value-10]', '', '[value-12]', '[value-13]', '[value-14]', '[value-15]', '[value-16]', '[value-17]', '[value-18]', '[value-19]', '[value-20]', '[value-21]', '[value-22]', '', '[value-6]', '[value-2a]', '1');

-- --------------------------------------------------------

--
-- Table structure for table `uccp_news_tbl`
--

CREATE TABLE `uccp_news_tbl` (
  `id` int(11) NOT NULL,
  `author` varchar(60) NOT NULL,
  `title` varchar(60) NOT NULL,
  `body` mediumtext NOT NULL,
  `imgdir` varchar(250) NOT NULL
) ENGINE=InnoDB DEFAULT CHARSET=utf8mb4;

--
-- Dumping data for table `uccp_news_tbl`
--

INSERT INTO `uccp_news_tbl` (`id`, `author`, `title`, `body`, `imgdir`) VALUES
(207, 'Jiro Allen Ibia', 'London\'s Best Pubs', 'Lorem ipsum dolor sit amet, consectetur adipiscing elit, sed do eiusmod tempor incididunt ut labore et dolore magna aliqua. Ut enim ad minim veniam, quis nostrud exercitation ullamco laboris nisi ut aliquip ex ea commodo consequat. Duis aute irure dolor in reprehenderit in voluptate velit esse cillum dolore eu fugiat nulla pariatur. Excepteur sint occaecat cupidatat non proident, sunt in culpa qui officia deserunt mollit anim id est laborum.', '63839432d4d64.jpg'),
(208, 'Angelo Charles Perlota', 'Why Beers are Healthy', 'Lorem ipsum dolor sit amet, consectetur adipiscing elit, sed do eiusmod tempor incididunt ut labore et dolore magna aliqua. Ut enim ad minim veniam, quis nostrud exercitation ullamco laboris nisi ut aliquip ex ea commodo consequat. Duis aute irure dolor in reprehenderit in voluptate velit esse cillum dolore eu fugiat nulla pariatur. Excepteur sint occaecat cupidatat non proident, sunt in culpa qui officia deserunt mollit anim id est laborum.', '638394e2e2778.jpg'),
(209, 'Clarence Espejo', 'DEC-SERVE-MOTO', 'Lorem ipsum dolor sit amet, consectetur adipiscing elit, sed do eiusmod tempor incididunt ut labore et dolore magna aliqua. Massa ultricies mi quis hendrerit dolor magna eget. Ut consequat semper viverra nam libero justo laoreet sit amet. At in tellus integer feugiat scelerisque varius. Enim diam vulputate ut pharetra. Viverra maecenas accumsan lacus vel facilisis volutpat est velit. Sit amet nisl suscipit adipiscing bibendum est ultricies integer quis. Egestas sed tempus urna et. Consequat mauris nunc congue nisi vitae suscipit tellus mauris. Semper risus in hendrerit gravida rutrum quisque non. Risus viverra adipiscing at in tellus integer feugiat scelerisque varius.\r\n\r\nDapibus ultrices in iaculis nunc sed. Id semper risus in hendrerit gravida rutrum. Odio ut enim blandit volutpat maecenas volutpat blandit aliquam etiam. Vitae elementum curabitur vitae nunc sed velit. Sit amet consectetur adipiscing elit pellentesque. Duis tristique sollicitudin nibh sit. Enim neque volutpat ac tincidunt vitae. Fusce id velit ut tortor pretium. Sed vulputate mi sit amet mauris commodo. Imperdiet sed euismod nisi porta lorem. Odio pellentesque diam volutpat commodo sed egestas. Dis parturient montes nascetur ridiculus mus. Euismod nisi porta lorem mollis aliquam ut porttitor leo. Egestas pretium aenean pharetra magna.\r\n\r\nQuis ipsum suspendisse ultrices gravida dictum fusce ut. Facilisis leo vel fringilla est ullamcorper eget nulla facilisi. Ac feugiat sed lectus vestibulum mattis. Amet consectetur adipiscing elit pellentesque habitant morbi tristique senectus. Tellus elementum sagittis vitae et. Duis convallis convallis tellus id interdum. Vulputate dignissim suspendisse in est. Sed adipiscing diam donec adipiscing tristique risus nec. Tellus elementum sagittis vitae et leo duis ut. At erat pellentesque adipiscing commodo elit at imperdiet. Faucibus ornare suspendisse sed nisi lacus sed viverra. Vel facilisis volutpat est velit egestas dui id ornare. Orci ac auctor augue mauris augue neque gravida in fermentum.\r\n\r\nFelis eget nunc lobortis mattis aliquam faucibus. Vulputate ut pharetra sit amet aliquam id diam maecenas ultricies. Magna fermentum iaculis eu non. At ultrices mi tempus imperdiet nulla malesuada pellentesque elit. In cursus turpis massa tincidunt dui ut ornare lectus sit. Nisl vel pretium lectus quam id leo in. Enim lobortis scelerisque fermentum dui. Ut consequat semper viverra nam. Mi bibendum neque egestas congue quisque egestas diam in arcu. Nulla aliquet porttitor lacus luctus. Sed elementum tempus egestas sed sed risus. Tempor commodo ullamcorper a lacus vestibulum sed. At volutpat diam ut venenatis tellus in metus. Pellentesque sit amet porttitor eget dolor morbi non arcu. Commodo viverra maecenas accumsan lacus vel facilisis. Enim neque volutpat ac tincidunt. Tincidunt vitae semper quis lectus nulla at volutpat. Volutpat ac tincidunt vitae semper quis lectus nulla at.\r\n\r\nA cras semper auctor neque vitae tempus quam. Sit amet aliquam id diam maecenas ultricies mi eget. Tristique magna sit amet purus gravida quis blandit turpis. Sit amet porttitor eget dolor morbi non arcu risus quis. Egestas diam in arcu cursus euismod quis viverra. Condimentum lacinia quis vel eros donec. Faucibus vitae aliquet nec ullamcorper sit amet. Ac orci phasellus egestas tellus rutrum tellus pellentesque eu. Ut ornare lectus sit amet est placerat in egestas erat. Parturient montes nascetur ridiculus mus mauris vitae. Pellentesque habitant morbi tristique senectus et. Ullamcorper malesuada proin libero nunc consequat interdum.\r\n\r\nDictumst quisque sagittis purus sit amet volutpat consequat mauris nunc. Justo eget magna fermentum iaculis. Nascetur ridiculus mus mauris vitae ultricies. Maecenas volutpat blandit aliquam etiam erat velit scelerisque. Consequat ac felis donec et odio pellentesque diam. Non consectetur a erat nam at lectus urna duis. Quam pellentesque nec nam aliquam sem et tortor consequat id. Aliquam ut porttitor leo a diam sollicitudin. Penatibus et magnis dis parturient montes nascetur ridiculus. Eleifend mi in nulla posuere sollicitudin aliquam ultrices sagittis. Amet commodo nulla facilisi nullam vehicula ipsum a arcu cursus. Eu sem integer vitae justo eget magna fermentum.', '63839776bc2cf.jpg'),
(213, 'John Maverick Clemente', 'Top Best Country in the World', 'Lorem ipsum dolor sit amet, consectetur adipiscing elit, sed do eiusmod tempor incididunt ut labore et dolore magna aliqua. Ut enim ad minim veniam, quis nostrud exercitation ullamco laboris nisi ut aliquip ex ea commodo consequat. Duis aute irure dolor in reprehenderit in voluptate velit esse cillum dolore eu fugiat nulla pariatur. Excepteur sint occaecat cupidatat non proident, sunt in culpa qui officia deserunt mollit anim id est laborum.', '63959dfb5ada8.jpg');

-- --------------------------------------------------------

--
-- Table structure for table `uccp_passers`
--

CREATE TABLE `uccp_passers` (
  `id` int(11) NOT NULL,
  `Name` varchar(255) NOT NULL,
  `Gender` varchar(50) NOT NULL,
  `Birthday` date NOT NULL,
  `Birthplace` varchar(255) NOT NULL,
  `Number` varchar(255) NOT NULL,
  `Email` varchar(255) NOT NULL,
  `Address` varchar(255) NOT NULL,
  `Guardian` varchar(255) NOT NULL,
  `G-Occupation` varchar(255) NOT NULL,
  `G-Contact` varchar(255) NOT NULL,
  `G-Adress` varchar(255) NOT NULL,
  `Primary` varchar(255) NOT NULL,
  `Primary-Sy` varchar(255) NOT NULL,
  `Highschool` varchar(255) NOT NULL,
  `Highschool-Sy` varchar(255) NOT NULL,
  `Shs` varchar(255) NOT NULL,
  `Shs-Sy` varchar(255) NOT NULL,
  `Firstchoice` varchar(255) NOT NULL,
  `Requirements` varchar(255) NOT NULL,
  `Picture` varchar(255) NOT NULL,
  `Proof` varchar(255) NOT NULL,
  `Card` varchar(255) NOT NULL,
  `Schoolyear` varchar(255) NOT NULL
) ENGINE=InnoDB DEFAULT CHARSET=utf8mb4;

--
-- Dumping data for table `uccp_passers`
--

INSERT INTO `uccp_passers` (`id`, `Name`, `Gender`, `Birthday`, `Birthplace`, `Number`, `Email`, `Address`, `Guardian`, `G-Occupation`, `G-Contact`, `G-Adress`, `Primary`, `Primary-Sy`, `Highschool`, `Highschool-Sy`, `Shs`, `Shs-Sy`, `Firstchoice`, `Requirements`, `Picture`, `Proof`, `Card`, `Schoolyear`) VALUES
(2, 'aaa', '[value-3]', '2023-03-19', '[value-5]', '[value-6]', '[value-7]', '[value-8]', '[value-9]', '[value-10]', '[value-11]', '[value-12]', '[value-13]', '[value-14]', '[value-15]', '[value-16]', '[value-17]', '[value-18]', '[value-19]', '[value-20]', '[value-21]', '[value-22]', '[value-23]', '2022-2023'),
(562, '[value-2]', '[value-3]', '2022-02-24', '[value-5]', '[value-6]', 'poreberwakanda71@gmail.com', '[value-8]', '[value-9]', '[value-10]', '[value-11]', '[value-12]', '[value-13]', '[value-14]', '[value-15]', '[value-16]', '[value-17]', '[value-18]', '[value-19]', '[value-20]', '[value-21]', '[value-22]', '[value-23]', '2022-2023'),
(564, 'Jiro Olit Ibia', 'Male', '2008-04-05', 'Manila', '09351501163', 'ibiajiro@gmail.com', 'Blk. 35 Lt. 54 Brgy. NBBS - Kaunlaran Village, Navotas City', 'Santiago Bonifacio', 'Senior Prog', '0989875640', 'Blk. 35 Lt. 54 Brgy. NBBS - Kaunlaran Village, Navotas City', 'Tondo Elementary School', '2007 - 2013', 'Manila High School', '2014 - 2018', 'Caloocan High School', '2019 - 2021', 'BSIT', '1678435610422PSA.jpg', '5035306831267Capture.JPG', '6713742441690proof.jpg', '3356871220845F138.jpg', '2022-2023'),
(566, 'ANGELO CHARLES DELLOSA PERLOTA', 'Male', '2023-03-17', 'Manila', '1231231231', 'angeloperlota38@gmail.com', '123', '123', '123', '1231231231', '23123', '123', '3123', '123', '123', '123', '132', 'BSCS', '1679063333703120722513_762163787678220_5884026690005141957_n.jpg', '5037190001109120722513_762163787678220_5884026690005141957_n.jpg', '67162533348131.jpg', '33581266674061.jpg', '2022-2023');

-- --------------------------------------------------------

--
-- Table structure for table `uccp_professor`
--

CREATE TABLE `uccp_professor` (
  `id` int(11) NOT NULL,
  `fullname` varchar(255) NOT NULL,
  `address` varchar(255) NOT NULL,
  `email` varchar(255) NOT NULL,
  `gender` varchar(255) NOT NULL,
  `contact` varchar(255) NOT NULL,
  `faculty` varchar(255) NOT NULL,
  `account_type` varchar(255) NOT NULL,
  `username` varchar(255) NOT NULL,
  `password` varchar(255) NOT NULL
) ENGINE=InnoDB DEFAULT CHARSET=utf8mb4;

--
-- Dumping data for table `uccp_professor`
--

INSERT INTO `uccp_professor` (`id`, `fullname`, `address`, `email`, `gender`, `contact`, `faculty`, `account_type`, `username`, `password`) VALUES
(30, 'Jessie C. Alamil', 'Caloocan City', 'JessieAlamalil@gmail.com', 'Male', '092513238563', 'CSD', '2', 'JessieAlamalil@gmail.com', 'JESSIE C ALAMIL'),
(31, 'Arnold A. Samson', 'Caloocan City', 'arnoldS@gmail.com', 'Male', '09475220356', 'CSD', '2', 'arnoldS@gmail.com', 'Arnold A. Samson'),
(32, 'Ronaldo A. Dayrit', 'Caloocan City', 'ronaldoDay@gmail.com', 'Male', '094215722', 'CSD', '2', 'ronaldoDay@gmail.com', 'Ronaldo A. Dayrit'),
(33, 'Lorenzo C. Alberto', 'Caloocan City', 'lorenzoAll@gmail.com', 'Male', '089451233', 'CSD', '2', 'lorenzoAll@gmail.com', 'Lorenzo C Alberto'),
(34, 'Efren B. Victoria', 'Caloocan City', 'EfrenV@gmail.com', 'Male', '09421411545', 'CSD', '2', 'EfrenV@gmail.com', 'Efren B. Victoria'),
(35, 'Roderick  Castillo', 'Caloocan City', 'rpcastillo@gmail.com', 'Male', '09745681235', 'CSD', '2', 'rpcastillo@gmail.com', 'Roderick  Castillo'),
(36, 'Mark  Garrote', 'Caloocan City', 'garrotemark@gmail.com', 'Male', '09123698546', 'CSD', '2', 'garrotemark@gmail.com', 'Mark  Garrote'),
(37, 'Marcelo A. Varona', 'Caloocan City', 'Mvarona@gmail.com', 'Male', '09785652369', 'CSD', '2', 'Mvarona@gmail.com', 'Marcelo A. Varona'),
(38, 'Dominador  Solayao', 'Caloocan City', 'Dominadors@gmail.com', 'Male', '09523469842', 'CSD', '2', 'Dominadors@gmail.com', 'Dominador  Solayao'),
(39, 'Aldrin  Villanueva', 'Caloocan City', 'Avillanueva@gmail.com', 'Male', '09326587412', 'CSD', '2', 'Avillanueva@gmail.com', 'Aldrin  Villanueva'),
(40, 'Ryan   Mateo', 'Caloocan City', 'Rmateo@gmail.com', 'Male', '09875628761', 'CSD', '2', 'Rmateo@gmail.com', 'Ryan   Mateo'),
(41, 'Jervin  Pamintuan', 'Caloocan City', 'PamituanJ@gmail.com', 'Male', '09785265432', 'CSD', '2', 'PamituanJ@gmail.com', 'Jervin  Pamintuan'),
(42, 'Jerome  Alvez', 'Caloocan City', 'Jalvez@gmail.com', 'Male', '09563215984', 'CSD', '2', 'Jalvez@gmail.com', 'Jerome  Alvez'),
(43, 'Dr. Teodoro Macaraig', 'Caloocan City', 'tdmacaraeg@gmail.com', 'Male', '0968453269', 'CSD', '2', 'tdmacaraeg@gmail.com', 'Dr. Teodoro  Macaraeg'),
(44, 'Vhon Erick  Magbitang', 'Caloocan City', 'VEmagbitang@gmail.com', 'Male', '09564785235', 'CSD', '2', 'VEmagbitang@gmail.com', 'Vhon Erick  Magbitang'),
(45, 'Jeremiah  Irarum', 'Caloocan City', 'irarum@gmail.com', 'Male', '0978465512', '', '2', 'irarum@gmail.com', 'Jeremiah  Irarum'),
(46, 'Brenda  Fabriquel', 'Caloocan City', 'bfabriquel@gmail.com', 'Female', '0987563216021', 'PE ', '2', 'bfabriquel@gmail.com', 'Brenda  Fabriquel'),
(47, 'Rosario  Delos Reyes', 'Caloocan City', 'rdelosreyes@gmail.com', 'Female', '0968785213', 'PE', '2', 'rdelosreyes@gmail.com', 'Rosario  Delos Reyes'),
(48, 'Cynthia  Fabillar', 'Caloocan City', 'FCynthia@gmail.com', 'Female', '09867521681', 'PE', '2', 'FCynthia@gmail.com', 'Cynthia  Fabillar'),
(49, 'Roy  De Jesus', 'Caloocan City', 'rdejesus@gmail.com', 'Male', '09876257826', 'PE', '2', 'rdejesus@gmail.com', 'Roy  De Jesus'),
(50, 'Harold Wilson  Alzaga', 'Caloocan City', 'haroldA@gmail.com', 'Male', '099554440554', 'CSD', '2', 'haroldalzaga@gmail.com', 'Harold Wilson  Alzaga');

-- --------------------------------------------------------

--
-- Table structure for table `uccp_sched`
--

CREATE TABLE `uccp_sched` (
  `id` int(11) NOT NULL,
  `courseyearsection` varchar(255) NOT NULL,
  `subjectcode` varchar(255) NOT NULL,
  `subjectname` varchar(255) NOT NULL,
  `units` varchar(255) NOT NULL,
  `day` varchar(255) NOT NULL,
  `starttime` varchar(255) NOT NULL,
  `endtime` varchar(255) NOT NULL,
  `professor` varchar(255) NOT NULL,
  `room` varchar(255) NOT NULL
) ENGINE=InnoDB DEFAULT CHARSET=utf8mb4;

--
-- Dumping data for table `uccp_sched`
--

INSERT INTO `uccp_sched` (`id`, `courseyearsection`, `subjectcode`, `subjectname`, `units`, `day`, `starttime`, `endtime`, `professor`, `room`) VALUES
(113, 'BSCS-1A', 'GEM 001', 'Rizals Life Works and Writings', '5', 'Tuesday', '2', '1', 'Jessie C. Alamil', '2'),
(114, 'BSBA-1A', 'GEM 001', 'Rizals Life Works and Writings', '3', 'Tuesday', '2', '2', 'Lorenzo C. Alberto', '1'),
(115, 'BSCS-4A', 'GEM 001', 'Rizals Life Works and Writings', '3', 'Monday', '2', '1', 'Lorenzo C. Alberto', '2'),
(116, 'BSBA-1A', 'CS 112', 'Rizals Life Works and Writings', '3', 'Tuesday', '2', '1', 'Ronaldo A. Dayrit', '2'),
(117, '-1Z', 'GEM 001', 'Rizals Life Works and Writings', '3', 'Monday', '2', '2', 'Arnold A. Samson', '2');

-- --------------------------------------------------------

--
-- Table structure for table `uccp_section`
--

CREATE TABLE `uccp_section` (
  `id` int(11) NOT NULL,
  `course` varchar(255) NOT NULL,
  `year` varchar(255) NOT NULL,
  `section` varchar(255) NOT NULL,
  `courseyearsection` varchar(255) NOT NULL
) ENGINE=InnoDB DEFAULT CHARSET=utf8mb4;

--
-- Dumping data for table `uccp_section`
--

INSERT INTO `uccp_section` (`id`, `course`, `year`, `section`, `courseyearsection`) VALUES
(68, 'BSCS', '1st', 'A', 'BSCS-1A'),
(72, 'BSCS', '2nd', 'A', 'BSCS-2A'),
(73, 'BSCS', '3rd', 'A', 'BSCS-3A'),
(74, 'BSCS', '4th', 'A', 'BSCS-4A'),
(75, '', '1st', 'Z', '-1Z'),
(76, '', '2nd', 'BC', '-2BC'),
(77, 'BSBA', '1st', 'A', 'BSBA-1A');

-- --------------------------------------------------------

--
-- Table structure for table `uccp_studentinfo`
--

CREATE TABLE `uccp_studentinfo` (
  `id` int(11) NOT NULL,
  `name` varchar(255) NOT NULL,
  `gender` varchar(255) NOT NULL,
  `birthday` varchar(255) NOT NULL,
  `email` varchar(255) NOT NULL,
  `phone` varchar(255) NOT NULL,
  `address` varchar(255) NOT NULL,
  `course` varchar(255) NOT NULL,
  `year` varchar(255) NOT NULL,
  `section` varchar(255) NOT NULL,
  `schoolyear` varchar(255) NOT NULL,
  `sem` varchar(255) NOT NULL,
  `picture` varchar(255) NOT NULL,
  `diploma` varchar(255) NOT NULL,
  `goodmoral` varchar(255) NOT NULL,
  `psa` varchar(255) NOT NULL,
  `card` varchar(255) NOT NULL,
  `proof` varchar(255) NOT NULL,
  `erf` varchar(255) NOT NULL,
  `records` varchar(255) NOT NULL,
  `status` varchar(255) NOT NULL,
  `username` varchar(255) NOT NULL,
  `password` varchar(255) NOT NULL,
  `account_type` varchar(255) NOT NULL
) ENGINE=InnoDB DEFAULT CHARSET=utf8mb4;

--
-- Dumping data for table `uccp_studentinfo`
--

INSERT INTO `uccp_studentinfo` (`id`, `name`, `gender`, `birthday`, `email`, `phone`, `address`, `course`, `year`, `section`, `schoolyear`, `sem`, `picture`, `diploma`, `goodmoral`, `psa`, `card`, `proof`, `erf`, `records`, `status`, `username`, `password`, `account_type`) VALUES
(244, 'Angel \r\n Deona', 'Female', '2002-07-10', 'angeldeona.123@gmail.com', '1323123123', '4th ave caloocan city', 'BSCS', '1st Year', 'BSCS-1A', '2022-2023', '2nd', '1671519298313button_play.png', '5014557894940button_play.png', '6686077193254button_play.png', '3343038596627button_play.png', '8357596491567button_play.png', '10029115789881button_play.png', '', '', 'Enrolled', 'angeldeona.123@gmail.com', 'AngelDeona', '1'),
(245, 'angelo dellosa perlota', 'Male', '2001-12-26', 'angeloperlota38@gmail.com', '1231231231', '126 l nadurata st. 4th ave. caloocan city', 'BSCS', '1st Year', 'BSCS-1A', '2022-2023', '1st', '1671519410507button_play.png', '5014558231522button_play.png', '6686077642030button_play.png', '3343038821015button_play.png', '8357597052538button_play.png', '10029116463045button_play.png', '', '', 'Enrolled', 'angeloperlota38@gmail.com', 'angelodellosaperlota', '1'),
(246, 'Daneris V Mendoza', 'Male', '2001-05-12', 'danerismendoza096@gmail.com', '2131231231', 'Blk 38e phase III caloocan city', 'BSCS', '1st Year', 'BSCS-1A', '2022-2023', '1st', '1671519526854button_play.png', '5014558580564button_play.png', '6686078107419button_play.png', '3343039053709button_play.png', '8357597634274button_play.png', '10029117161128button_play.png', '', '', 'Enrolled', 'danerismendoza096@gmail.com', 'DanerisVMendoza', '1'),
(247, 'Daniel Belandres custodio', 'Male', '2002-04-02', 'danielcustodio832@gmail.com', '412414141', '234 pnr compound caloocan city', 'BSCS', '1st Year', 'BSCS-1A', '2022-2023', '1st', '1671519603615button_play.png', '5014558810845button_play.png', '6686078414460button_play.png', '3343039207230button_play.png', '8357598018076button_play.png', '10029117621691button_play.png', '', '', 'Enrolled', 'danielcustodio832@gmail.com', 'DanielBelandrescustodio', '1'),
(249, 'John Kenneth V Aniceto', 'Male', '2002-03-12', 'anicetokenneth@gmail.com', '09195252578', '284 Stotsenburg Caloocan City', 'BSCS', '1st Year', 'BSCS-1A', '2022-2023', '1st', '1671520068487button_play.png', '5014560205461button_play.png', '6686080273948button_play.png', '3343040136974button_play.png', '8357600342435button_play.png', '10029120410922button_play.png', '', '', 'Enrolled', 'anicetokenneth@gmail.com', 'JohnKennethVAniceto', '1'),
(250, 'Jasper  David Macaraeg', 'Male', '2001-10-30', 'jasper.macaraeg42@gmail.com', '12312312', '130 J. Ramos St. Caloocan City', 'BSCS', '1st Year', 'BSCS-1A', '2022-2023', '1st', '1671520302310button_play.png', '5014560906932button_play.png', '6686081209243button_play.png', '3343040604621button_play.png', '8357601511554button_play.png', '10029121813864button_play.png', '', '', 'Enrolled', 'jasper.macaraeg42@gmail.com', 'JasperDavidMacaraeg', '1'),
(251, 'Hersvin Fred  Dela Cruz Labastida', 'Male', '2002-01-13', 'labastidahersvin@gmail.com', '1312312312', '32 T Concepcion St. Marulas Valenzuela City', 'BSCS', '1st Year', 'BSCS-1A', '2022-2023', '1st', '1671520362104button_play.png', '5014561086314button_play.png', '6686081448419button_play.png', '3343040724209button_play.png', '8357601810524button_play.png', '10029122172629button_play.png', '', '', 'Enrolled', 'labastidahersvin@gmail.com', 'HersvinFredDelaCruzLabastida', '1'),
(253, 'Clarence Pascual Espejo', 'Male', '2001-10-13', '2pokendo@gmail.com', '09954440554', '188 Barrio Pacita Caloocan City', 'BSCS', '1st Year', 'BSCS-1A', '2022-2023', '1st', '1671521018765button_play.png', '5014563056296button_play.png', '6686084075061button_play.png', '3343042037530button_play.png', '8357605093826button_play.png', '10029126112592button_play.png', '', '', 'Enrolled', '2pokendo@gmail.com', 'ClarencePascualEspejo', '1'),
(254, 'Patrick Allen Young Cabfit', 'Male', '2022-12-20', 'patrickallen@gmail.com', '12321321321312', 'SPCC Caloocan City', 'BSCS', '1st Year', 'BSCS-1A', '2022-2023', '1st', '1671521214183button_play.png', '5014563642550button_play.png', '6686084856733button_play.png', '3343042428366button_play.png', '8357606070916button_play.png', '10029127285100button_play.png', '', '', 'Enrolled', 'patrickallen@gmail.com', 'PatrickAllenYoungCabfit', '1'),
(255, 'angelo dellosa perlota', 'Male', '2022-12-21', 'angeloperlota38@gmail.com', '1231231231', 'Caloocan City', 'BSCS', '1st Year', 'BSCS-1A', '2022-2023', '1st', '1671637431517kobe 1x1.png', '5014912294551kobe 1x1.png', '6686549726068kobe 1x1.png', '3343274863034kobe 1x1.png', '8358187157585kobe 1x1.png', '10029824589102kobe 1x1.png', '', '', 'Enrolled', 'angeloperlota38@gmail.com', 'angelodellosaperlota', '1'),
(257, 'john maverick  labaguis clemente', 'Male', '2023-01-31', 'maverickclemente11@gmail.com', '09197001719', '119 regregistrar', 'BSCS', '1st Year', 'BSCS-1A', '2022-2023', '1st', '1675148271074IMG_20220424_202857.jpg', '5025444813223IMG_20220424_202857.jpg', '6700593084298IMG_20220424_202857.jpg', '3350296542149IMG_20220424_202857.jpg', '8375741355372IMG_20220424_202857.jpg', '10050889626447IMG_20220424_202857.jpg', '', '', 'Enrolled', 'maverickclemente11@gmail.com', 'johnmavericklabaguisclemente', '1'),
(258, 'Angelo Labaguis Clemente', 'Male', '2023-02-03', 'maverickclemente11@gmail.com', '09197001719', '119 Bagong Sibol Street Caloocan City', 'BSCS', '1st Year', '', '2022-2023', '1st', '1675407132053311770838_555568966243683_7772809749024306110_n.jpg', '5026221396161311770838_555568966243683_7772809749024306110_n.jpg', '6701628528215311770838_555568966243683_7772809749024306110_n.jpg', '3350814264107311770838_555568966243683_7772809749024306110_n.jpg', '8377035660269311770838_555568966243683_7772809749024306110_n.jpg', '10052442792323311770838_555568966243683_7772809749024306110_n.jpg', '', '', 'Enrolled', 'maverickclemente11@gmail.com', 'AngeloLabaguisClemente', '1'),
(259, 'ANGELO CHARLES DELLOSA PERLOTA', 'Male', '2023-03-17', 'angeloperlota38@gmail.com', '1231231231', '123', 'BSCS', '1st Year', 'BSCS-1A', '2022-2023', '2nd', '1679063610971120722513_762163787678220_5884026690005141957_n.jpg', '5037190832914334906102_735520991287570_5342911191834833442_n.jpg', '6716254443886334921897_515063093911177_9037806404320804998_n.jpg', '3358127221943334906102_735520991287570_5342911191834833442_n.jpg', '8395318054858334945881_589715999723754_245720241249162939_n.jpg', '10074381665829334922164_114827068117143_1003697753660744530_n.jpg', '1679063933084334893629_1519207095156838_1055615612940728374_n.jpg', '5037191799254334893629_1519207095156838_1055615612940728374_n.jpg', 'Enrolled', 'angeloperlota38@gmail.com', 'ANGELOCHARLESDELLOSAPERLOTA', '1'),
(500, '[value-2]', '[value-3]', '[value-4]', '[value-6]', '[value-7]', '[value-8]', '[value-9]', '[value-10]', '[value-11]', '[value-12]', '[value-13]', '[value-14]', '[value-15]', '[value-16]', '[value-17]', '[value-18]', '[value-19]', '[value-20]', '[value-21]', 'Unpaid', '[value-6]', '[value-2]', '1'),
(501, '[value-2a]', '[value-3]', '[value-4]', '[value-6]', '[value-7]', '[value-8]', '[value-9]', '[value-10]', '', '[value-12]', '[value-13]', '[value-14]', '[value-15]', '[value-16]', '[value-17]', '[value-18]', '[value-19]', '[value-20]', '[value-21]', 'Enrolled', '[value-6]', '[value-2a]', '1'),
(502, '[value-3a]', '[value-3]', '[value-4]', '[value-6]', '[value-7]', '[value-8]', '[value-9]', '[value-10]', '[value-11]', '[value-12]', '[value-13]', '[value-14]', '[value-15]', '[value-16]', '[value-17]', '[value-18]', '[value-19]', '[value-20]', '[value-21]', 'Unpaid', '[value-6]', '[value-3a]', '1');

-- --------------------------------------------------------

--
-- Table structure for table `uccp_xo_tbl`
--

CREATE TABLE `uccp_xo_tbl` (
  `id` int(11) NOT NULL COMMENT 'executive offices id',
  `xo_name` varchar(60) NOT NULL COMMENT 'executive offices name',
  `xo_position` varchar(60) NOT NULL COMMENT 'executive offices position',
  `xo_description` text NOT NULL COMMENT 'executive offices description',
  `xo_image` varchar(60) NOT NULL COMMENT 'executive offices image'
) ENGINE=InnoDB DEFAULT CHARSET=utf8mb4;

--
-- Dumping data for table `uccp_xo_tbl`
--

INSERT INTO `uccp_xo_tbl` (`id`, `xo_name`, `xo_position`, `xo_description`, `xo_image`) VALUES
(2, 'Prof. Marilyn T. De Jesus', 'OIC', 'University of Caloocan City', '638ca93425f35.png'),
(4, 'Dr. Cesar B. Chavez', 'Executive Vice President', '', '638ca9475fef8.png'),
(5, 'Atty. Roderick Vera', 'Vice President for Academics Affairs', 'Dean College of Law', '638caef1e9c6e.png'),
(6, 'Dr. Shirley V. Saragcon', 'Dean', 'Dean College of Business and Accountancy', '638cafa46012c.png'),
(7, 'Dr. Ramona A. Prado', 'Dean', 'Dean College of Education / Asst. Director, Budget and Finance Office', '638cb028792e7.png'),
(8, 'Dr. Bernadette B. Enriquez', 'Dean', 'Dean College of Liberal Arts and Sciences / Director, Cultural Affairs/Adviser, The New Crossroads', '6395a0a93ffc5.png'),
(9, 'Dr. Dionisio Reyes', 'Campus Administrator', 'Campus Administrator, North Campus /\r\nUniversity Registrar, South Campus', '6395a1aa13392.png'),
(10, 'Prof. Rey H. Jetajobe', 'Campus Administrator', 'South Campus Adviser / Adviser, Supreme Student Council', '6395a1ff5dff2.png'),
(11, 'Dr. Rodrigo M. Dantay Jr.', 'Campus Administrator', 'Director, Student Affairs for North Campus / Guidance Counser, North Campus / Campus Administrator, Camarin Campus', '6395a2dca77fe.png'),
(12, 'Prof. Jessie Tamayo', 'Asst. Campus Administrator', 'VocTech Campus Administrator', '6395a2f8a1bfa.png'),
(13, 'Dr. Melchor S. Julianes', 'Vice President for Student Affairs', 'University Registrar, South Campus', '6395a31f1697d.png'),
(14, 'Ms. Christine Santos', 'Vice President for Finance', '', '6395a350b8e4f.png'),
(15, 'Dr. Melinda M. Bautista', 'Vice President for Planning', '', '6395a365bf33f.png'),
(16, 'Dr. Rosario D. De Ocera', 'Vice President for Extension Services', '', '6395a38262ecb.png'),
(17, 'Dr. Lilian B. Enriquez', 'Vice President for Research and Publication', '', '6395a397031f9.png'),
(18, 'Engr. Wenald H. Lopez', 'Executive Assistant for Special Projects', 'C.G.A.D II', '6395a3bae4cba.png'),
(19, 'Mr. Ryan Alejo', 'University Accountant', '', '6395a3cc98eac.png'),
(20, 'Prof. Decina M. Francisco', 'University Librarian', 'North Campus', '6395a3e0c6008.png'),
(21, 'Prof. Nomer Q. Marmolejo', 'Director', 'Budget and Finance Office', '6395a3f946332.png'),
(22, 'Dr. Teodoro Macaraeg Jr.', 'Director', 'Management Information System', '6395a41061750.png'),
(23, 'Dr. Robert C. Torrecampo', 'Director, Research', '', '6395a42132694.png'),
(24, 'Dr. Jennifer G. Dela Cruz', 'Director', 'Sports Development', '6395a4327f3e3.png'),
(25, 'Dr. Helen O. Villegas', 'Program Coordinator', 'Scholarship', '6395a44dd4a0e.png'),
(26, 'Prof. Ma. Cecilia M. Saenz', 'Guidance Counselor', 'South Campus', '6395a4e0ad506.png');

-- --------------------------------------------------------

--
-- Table structure for table `vet_accountlist`
--

CREATE TABLE `vet_accountlist` (
  `id` int(11) NOT NULL,
  `name` varchar(255) DEFAULT NULL,
  `username` varchar(255) DEFAULT NULL,
  `email` varchar(255) DEFAULT NULL,
  `password` varchar(255) DEFAULT NULL,
  `birthday` date DEFAULT NULL,
  `contact` varchar(11) DEFAULT NULL,
  `user_type` varchar(255) NOT NULL DEFAULT '',
  `branch_name` varchar(250) DEFAULT NULL
) ENGINE=InnoDB DEFAULT CHARSET=utf8mb4;

--
-- Dumping data for table `vet_accountlist`
--

INSERT INTO `vet_accountlist` (`id`, `name`, `username`, `email`, `password`, `birthday`, `contact`, `user_type`, `branch_name`) VALUES
(47, 'admin', 'admin', 'admin@petclinic.com', '0192023a7bbd73250516f069df18b500', '2000-09-09', '1', 'admin', ' '),
(48, 'Maica Hernandez', 'aciam', 'maica.hernandez@gmail.com', '704c377bd71858f723cfd9078b7ffe0e', '2000-09-13', '09162166112', 'staff', 'Pasay City'),
(49, 'Kristine jonalou Cua', 'krizten', 'Kristine.cua@gmail.com', '002f48e213c339f5d1d839185dcc8e7f', '1999-10-30', '09162617659', 'staff', 'Pasig City'),
(50, 'Cherry Anne Yubal', 'cherry', 'cherry@gmail.com', '81dc9bdb52d04dc20036dbd8313ed055', '2002-11-16', '09164990121', 'adminb', 'Valenzuela City');

-- --------------------------------------------------------

--
-- Table structure for table `vet_accountlist_client`
--

CREATE TABLE `vet_accountlist_client` (
  `user_id` int(11) NOT NULL,
  `name` varchar(250) NOT NULL,
  `username` varchar(250) NOT NULL,
  `email` varchar(250) NOT NULL,
  `password` varchar(250) NOT NULL,
  `contact` varchar(11) NOT NULL,
  `bday` date NOT NULL,
  `user` varchar(250) NOT NULL,
  `otp` varchar(255) DEFAULT NULL
) ENGINE=InnoDB DEFAULT CHARSET=utf8mb4;

--
-- Dumping data for table `vet_accountlist_client`
--

INSERT INTO `vet_accountlist_client` (`user_id`, `name`, `username`, `email`, `password`, `contact`, `bday`, `user`, `otp`) VALUES
(7, 'Carmelita Lucero', 'Carmel', 'carmelitalucero2002@gmail.com', '8cb2237d0679ca88db6464eac60da96345513964', '2000', '2022-12-07', 'client', '63a21ead8d58e'),
(8, 'Client', 'client', 'client@gmail.com', 'client123', '912343001', '2021-10-22', 'client', ''),
(9, 'Maica Hernandez', 'aciam', 'maica.hernandez11@gmail.com', '698d51a19d8a121ce581499d7b701668', '09112233445', '2000-11-23', 'client', ''),
(10, 'May Pearl Rivera', 'meyperl', '20200111m.rivera.maypearl.bscs@gmail.com', '202cb962ac59075b964b07152d234b70', '0909090909', '2022-12-10', 'client', ''),
(11, 'Froiland', 'Puroy', 'froiland.lineses.student@valpoly.edu.ph', 'c88ecb1fa52872e23393701c01a8e5a8', '09683103785', '2002-06-26', 'client', NULL),
(12, 'john micheal abayan', 'JM', 'abyanjohnmichael@gmail.com', '140f6969d5213fd0ece03148e62e461e', '12345678912', '2022-12-24', 'client', '63a1e62a58e59'),
(13, 'Vincent', 'Vinve', 'vince@gmail.com', '749f63feadca546a266c3321852a3998', '09123456', '2000-02-11', 'client', NULL),
(14, 'Jasper Macaraeg', 'mjasper30', 'jasper.macaraeg42@gmail.com', '202cb962ac59075b964b07152d234b70', '09213279723', '2001-10-30', 'client', NULL);

-- --------------------------------------------------------

--
-- Table structure for table `vet_appointment_list`
--

CREATE TABLE `vet_appointment_list` (
  `booking_id` int(11) NOT NULL,
  `name` varchar(100) NOT NULL,
  `email` varchar(100) NOT NULL,
  `mobile` varchar(11) NOT NULL,
  `date` date NOT NULL,
  `time` varchar(100) NOT NULL,
  `type` varchar(100) NOT NULL,
  `breed` varchar(100) NOT NULL,
  `service1` varchar(100) NOT NULL,
  `service2` varchar(11) NOT NULL,
  `branch_name` varchar(250) NOT NULL,
  `status` varchar(20) NOT NULL,
  `username` varchar(250) NOT NULL
) ENGINE=InnoDB DEFAULT CHARSET=utf8mb4;

--
-- Dumping data for table `vet_appointment_list`
--

INSERT INTO `vet_appointment_list` (`booking_id`, `name`, `email`, `mobile`, `date`, `time`, `type`, `breed`, `service1`, `service2`, `branch_name`, `status`, `username`) VALUES
(9, 'ruth', 'ruthy@gmail.com', '921221', '2022-12-08', '20:59', '', 'puspin', '', '', '0', '0', ''),
(11, 'aa', 'aaa@gmai.com', '1122', '0001-11-11', '11:11', '', 'aa', '', '', '0', '2', ''),
(12, 'aa', 'aaa@gmai.com', '1122', '0001-11-11', '11:11', '', 'aa', '', '', '0', '3', ''),
(13, 'aa', 'aaa@gmai.com', '1122', '0001-11-11', '11:11', '', 'aa', '', '', '0', '0', ''),
(14, 'Arthur Delo Santos', 'aaa@gmail.com', '122112', '0001-11-11', '11:11', '', 'cat', 'Grooming', '', '0', '0', ''),
(15, '111', '1221@gmailas.vd', '2121', '0002-02-11', '12:12', '', '212', 'Service', '', '0', '0', ''),
(16, 'aaa', '1221@gmailas.vd', '1122', '0011-11-01', '11:11', '', 'a', 'Check-up', '', '0', '0', ''),
(17, '1', '1221@gmailas.vd', '11', '0011-11-11', '11:11', 'Hamster', 'aa', 'Grooming', '', '0', '0', ''),
(18, 'Kristine ', 'arazakrizten@gmail.com', '1111', '0001-11-11', '11:11', 'cat', '11', 'Grooming', '', '4314_cal', '0', ''),
(19, 'Kristine ', 'arazakrizten@gmail.com', '1111', '0001-11-11', '11:11', 'cat', '11', 'Grooming', '', '4314_cal', '0', ''),
(20, 'a', 'aaa@gmai.com', '122122121', '0011-11-11', '11:11', 'Birds', 'aaa', 'Vaccination', '', '4314_cal', '0', ''),
(21, 'a', 'aaa@gmai.com', '122122121', '0011-11-11', '11:11', 'Birds', 'aaa', 'Vaccination', '', '4314_cal', '1', ''),
(22, 'aaa', 'maica.hernandez@gmail.com', '12122121', '0011-11-11', '11:11', 'Hamster', 'aaa', 'Vaccination', '', 'Quezon City', '', ''),
(23, 'Cherry', 'rainxui004@gmail.com', '4546191', '2022-12-23', '16:23', 'Birds', 'Husky', 'Service', '', 'Caloocan City', '', ''),
(24, 'Carmelita', 'carmelitalucero2002@gmail.com', '9812371', '2022-12-22', '20:22', 'Dog', 'Labrador', 'Vaccination', '', 'valenzuela city', '', ''),
(25, 'Carmelita ', 'carmelitalucero2002@gmail.com', '09213255611', '2022-12-24', '11:19', 'Dog', 'husky', 'Check-up', 'Check-up', 'Caloocan City', '0', ''),
(26, 'Carmelita ', 'carmelitalucero2002@gmail.com', '09213255611', '2022-12-24', '11:19', 'Dog', 'husky', 'Check-up', 'Check-up', 'Caloocan City', '0', ''),
(27, 'Carmelita ', 'carmelitalucero2002@gmail.com', '0912131145', '2022-12-08', '11:20', 'Dog', 'husky', 'Vaccination', 'Rabist Shot', 'Pasay City', '0', ''),
(28, 'Carmelita Lucero', 'carmelitalucero2002@gmail.com', '2000', '2002-11-11', '11:11', 'Type of Pet', 'husky', 'kennel cough', 'Vaccination', 'Pasig City', '0', ''),
(29, 'Carmelita Lucero', 'carmelitalucero2002@gmail.com', '2000', '2023-01-22', '11:11', 'Dog', 'husky', 'Check-up', 'Vaccination', 'Valenzuela City', '1', ''),
(30, 'Maica Hernandez', 'maica.hernandez11@gmail.com', '09112233445', '2022-12-20', '11:11', 'Dog', 'husky', 'Check-up', 'Rabist Shot', 'Valenzuela City', '0', 'aciam'),
(31, 'Maica Hernandez', 'maica.hernandez11@gmail.com', '09112233445', '2022-12-31', '14:22', 'cat', 'puspin', 'Rabist Shot', 'Rabist Shot', 'Valenzuela City', '2', 'aciam'),
(32, 'Maica Hernandez', 'maica.hernandez11@gmail.com', '09112233445', '2022-12-22', '11:11', 'Birds', 'parrot', 'Rabist Shot', 'n/a', 'Caloocan City', '2', 'aciam'),
(33, 'Carmelita Lucero', 'carmelitalucero2002@gmail.com', '2000', '2022-12-25', '05:30', 'Dog', 'Labrador', 'Rabist Shot', 'Rabist Shot', 'Valenzuela City', '0', 'Carmel'),
(34, 'Carmelita Lucero', 'carmelitalucero2002@gmail.com', '09661599355', '2022-11-25', '06:00', 'Hamster', 'Winter White Hamster', 'Rabist Shot', 'n/a', 'Valenzuela City', '0', 'Carmel');

-- --------------------------------------------------------

--
-- Table structure for table `vet_booking_history`
--

CREATE TABLE `vet_booking_history` (
  `booking_id` int(11) NOT NULL,
  `name` varchar(250) NOT NULL,
  `breed` varchar(250) NOT NULL,
  `type` varchar(250) NOT NULL,
  `service1` varchar(250) NOT NULL,
  `service2` varchar(250) NOT NULL,
  `branch_name` varchar(250) NOT NULL
) ENGINE=InnoDB DEFAULT CHARSET=utf8mb4;

-- --------------------------------------------------------

--
-- Table structure for table `vet_branch`
--

CREATE TABLE `vet_branch` (
  `id` int(11) NOT NULL,
  `branch_id` varchar(11) NOT NULL,
  `branch_name` varchar(250) NOT NULL
) ENGINE=InnoDB DEFAULT CHARSET=utf8mb4;

--
-- Dumping data for table `vet_branch`
--

INSERT INTO `vet_branch` (`id`, `branch_id`, `branch_name`) VALUES
(6, '1726-Pas', 'Pasig City'),
(8, '2917_val', 'Valenzuela City'),
(9, '1711-Pas', 'Pasay City'),
(11, '4314_cal', 'Caloocan City');

-- --------------------------------------------------------

--
-- Table structure for table `vet_schedule_list`
--

CREATE TABLE `vet_schedule_list` (
  `id` int(11) NOT NULL,
  `title` text NOT NULL,
  `description` text NOT NULL,
  `start_datetime` datetime NOT NULL,
  `end_datetime` datetime DEFAULT NULL
) ENGINE=InnoDB DEFAULT CHARSET=utf8mb4;

--
-- Dumping data for table `vet_schedule_list`
--

INSERT INTO `vet_schedule_list` (`id`, `title`, `description`, `start_datetime`, `end_datetime`) VALUES
(1, 'Christmass Party', 'Having Christmass Party and Christmass break of all employee. REsume of our services is Dec,26 2022', '2022-12-22 08:00:00', '2022-12-26 17:00:00'),
(2, 'Fully Book', 'This day is ful;ly book please choose another day', '2022-12-28 08:30:00', '2022-12-28 17:00:00');

-- --------------------------------------------------------

--
-- Table structure for table `vet_walkin_history`
--

CREATE TABLE `vet_walkin_history` (
  `walkin_id` int(11) NOT NULL,
  `firstname` varchar(250) NOT NULL,
  `lastname` varchar(250) NOT NULL,
  `breed` varchar(250) NOT NULL,
  `type` varchar(250) NOT NULL,
  `service1` varchar(250) NOT NULL,
  `service2` varchar(250) NOT NULL,
  `branch_name` varchar(250) NOT NULL
) ENGINE=InnoDB DEFAULT CHARSET=utf8mb4;

-- --------------------------------------------------------

--
-- Table structure for table `vet_walkin_list`
--

CREATE TABLE `vet_walkin_list` (
  `id` int(11) NOT NULL,
  `firstname` varchar(100) NOT NULL,
  `lastname` varchar(100) NOT NULL,
  `email` varchar(100) NOT NULL,
  `contact` varchar(250) DEFAULT NULL,
  `type` varchar(100) NOT NULL,
  `breed` varchar(100) NOT NULL,
  `service1` varchar(250) DEFAULT NULL,
  `service2` varchar(250) DEFAULT NULL,
  `branch_name` varchar(250) NOT NULL,
  `date` datetime NOT NULL DEFAULT current_timestamp() ON UPDATE current_timestamp()
) ENGINE=InnoDB DEFAULT CHARSET=utf8mb4;

--
-- Dumping data for table `vet_walkin_list`
--

INSERT INTO `vet_walkin_list` (`id`, `firstname`, `lastname`, `email`, `contact`, `type`, `breed`, `service1`, `service2`, `branch_name`, `date`) VALUES
(25, 'Lily', 'Cruz', 'lily@gmail.com', '09124411761', 'Hamster', 'husky', 'Vaccination', 'kennel cough', 'branch', '2023-04-20 03:26:13'),
(26, 'Rose Marie', 'Dela Cruz', 'rosemarie@gmail.com', '09113215594', 'Birds', 'parrot', 'Check-up', 'N/a', 'branch', '2023-04-20 03:26:13'),
(27, 'Daniel ', 'Sigue', 'sigue@gmail.com', '09121311790', 'Rabbit', '-', 'Rabist Shot', 'kennel cough', 'branch', '2023-04-20 03:26:13'),
(28, 'Cherry Anne ', 'Yubal', 'Yubal@gmail.com', '09162711799', 'Birds', 'parrot', 'kennel cough', 'N/a', 'branch', '2023-04-20 03:26:13'),
(29, 'Josephine ', 'Tan', 'josephine@gmail.com', '0945164318', 'Rabbit', '-', 'Rabist Shot', 'Grooming', 'branch', '2023-04-20 03:26:13');

-- --------------------------------------------------------

--
-- Table structure for table `vet_year`
--

CREATE TABLE `vet_year` (
  `year_id` int(11) NOT NULL,
  `year` varchar(250) NOT NULL
) ENGINE=InnoDB DEFAULT CHARSET=utf8mb4;

-- --------------------------------------------------------

--
-- Table structure for table `vot_candidates`
--

CREATE TABLE `vot_candidates` (
  `id` int(11) NOT NULL,
  `partylist_id` int(11) NOT NULL,
  `position_id` int(11) NOT NULL,
  `name` varchar(255) NOT NULL,
  `m_initial` varchar(255) NOT NULL,
  `lname` varchar(255) NOT NULL,
  `status` int(11) NOT NULL DEFAULT 2,
  `course_id` int(11) NOT NULL,
  `photo` varchar(255) NOT NULL,
  `cand_votes` int(11) NOT NULL DEFAULT 0,
  `year_id` int(11) NOT NULL
) ENGINE=InnoDB DEFAULT CHARSET=utf8mb4;

--
-- Dumping data for table `vot_candidates`
--

INSERT INTO `vot_candidates` (`id`, `partylist_id`, `position_id`, `name`, `m_initial`, `lname`, `status`, `course_id`, `photo`, `cand_votes`, `year_id`) VALUES
(74, 2, 3, 'daneris', 'M.', 'Mendoza', 1, 1, '64144765cb5a0.png', 13, 12),
(75, 3, 4, 'angel', 'D.', 'Leona', 1, 1, '6414474ec7512.png', 21, 12),
(76, 1, 1, 'Vincent', 'G.', 'Jones', 1, 1, '641447a409e79.png', 24, 12),
(77, 1, 2, 'King', 'F.', 'Bon', 1, 1, '641447841e46e.png', 19, 12),
(78, 2, 2, 'Anne', 'M.', 'Curtiz', 1, 1, '6414475719124.png', 8, 12),
(79, 2, 3, 'Midas', 'Y.', 'Leonidas', 1, 1, '641447aabcc60.png', 10, 12),
(80, 1, 4, 'Jordan', 'B.', 'Micheal', 1, 1, '6414477d5776c.png', 12, 12),
(81, 1, 5, 'Kris', 'Q.', 'Aquino', 1, 1, '6414478a6a1a1.png', 20, 12),
(82, 2, 5, 'Alde', 'B.', 'Richards', 1, 1, '6414474760f6d.png', 9, 12),
(83, 1, 6, 'Daniel', 'H.', 'Powers', 1, 1, '6414476ed3166.png', 17, 12),
(84, 2, 6, 'Enrique', 'G.', 'Hill', 1, 1, '6414477698ee2.png', 12, 12),
(85, 1, 1, 'Cedri', 'D', 'Cruz', 1, 2, '6414475e70738.png', 7, 12),
(92, 1, 1, 'Patrick', 'Y.', 'Cabfit', 1, 1, '64144797ef3db.png', 0, 12);

-- --------------------------------------------------------

--
-- Table structure for table `vot_cat_user`
--

CREATE TABLE `vot_cat_user` (
  `id` int(11) NOT NULL,
  `category_id` int(11) NOT NULL,
  `cat_name` varchar(255) NOT NULL
) ENGINE=InnoDB DEFAULT CHARSET=utf8mb4;

--
-- Dumping data for table `vot_cat_user`
--

INSERT INTO `vot_cat_user` (`id`, `category_id`, `cat_name`) VALUES
(1, 1, 'Voter'),
(2, 2, 'Staff'),
(3, 3, 'Admin');

-- --------------------------------------------------------

--
-- Table structure for table `vot_course`
--

CREATE TABLE `vot_course` (
  `id` int(11) NOT NULL,
  `course_id` int(11) NOT NULL,
  `course_name` varchar(255) NOT NULL
) ENGINE=InnoDB DEFAULT CHARSET=utf8mb4;

--
-- Dumping data for table `vot_course`
--

INSERT INTO `vot_course` (`id`, `course_id`, `course_name`) VALUES
(1, 1, 'BSCS'),
(2, 2, 'BSIT'),
(3, 3, 'BSEMC'),
(4, 4, 'BSIS');

-- --------------------------------------------------------

--
-- Table structure for table `vot_logs`
--

CREATE TABLE `vot_logs` (
  `id` int(11) NOT NULL,
  `user_id` int(11) NOT NULL,
  `action` varchar(255) NOT NULL,
  `added_by` varchar(255) DEFAULT NULL,
  `time` datetime NOT NULL DEFAULT current_timestamp() ON UPDATE current_timestamp()
) ENGINE=InnoDB DEFAULT CHARSET=utf8mb4;

--
-- Dumping data for table `vot_logs`
--

INSERT INTO `vot_logs` (`id`, `user_id`, `action`, `added_by`, `time`) VALUES
(4, 62, 'Candidate Max is edited by', 'vins123', '2023-04-20 03:26:13'),
(5, 62, 'Candidate Vincent is edited by', 'vins123', '2023-04-20 03:26:13'),
(6, 31, 'cruzcedric22 has voted', '', '2023-04-20 03:26:13'),
(7, 31, 'cruzcedric22 has voted', '', '2023-04-20 03:26:13'),
(8, 62, 'vins123 has voted', '', '2023-04-20 03:26:13'),
(9, 37, 'Candidate  is deleted by', 'cedric123', '2023-04-20 03:26:13'),
(10, 62, 'Candidate  is deleted by', 'vins123', '2023-04-20 03:26:13'),
(11, 62, 'vins123 has voted', '', '2023-04-20 03:26:13'),
(43, 64, 'maxine has voted', '', '2023-04-20 03:26:13'),
(44, 70, 'Candidate  is deleted by', 'chahca', '2023-04-20 03:26:13'),
(45, 70, 'Candidate  is deleted by', 'chahca', '2023-04-20 03:26:13'),
(46, 70, 'Candidate Vincent is edited by', 'chahca', '2023-04-20 03:26:13'),
(47, 70, 'Candidate Vincent is edited by', 'chahca', '2023-04-20 03:26:13'),
(48, 70, 'Candidate Vincent is edited by', 'chahca', '2023-04-20 03:26:13'),
(49, 70, 'Candidate Cedric is edited by', 'chahca', '2023-04-20 03:26:13'),
(50, 70, 'Candidate Cedric is edited by', 'chahca', '2023-04-20 03:26:13'),
(52, 62, 'Staff vins123 inserted a voter', '', '2023-04-20 03:26:13'),
(53, 62, 'vins123 has voted', '', '2023-04-20 03:26:13'),
(54, 62, 'Staff vins123 inserted a voter', '', '2023-04-20 03:26:13'),
(55, 62, 'Staff vins123 inserted a voter', '', '2023-04-20 03:26:13'),
(56, 62, 'Staff vins123 inserted a voter', '', '2023-04-20 03:26:13'),
(57, 62, 'Candidate Cedric is edited by', 'vins123', '2023-04-20 03:26:13'),
(58, 62, 'Candidate Cedri is edited by', 'vins123', '2023-04-20 03:26:13'),
(59, 62, 'Candidate Cedric is edited by', 'vins123', '2023-04-20 03:26:13'),
(60, 86, 'Staff admin inserted a voter', '', '2023-04-20 03:26:13'),
(61, 86, 'Staff admin inserted a voter', '', '2023-04-20 03:26:13'),
(62, 62, 'vins123 has voted', '', '2023-04-20 03:26:13'),
(63, 92, 'Staff admin inserted a voter', '', '2023-04-20 03:26:13'),
(64, 92, 'Candidate Alden is edited by', 'admin', '2023-04-20 03:26:13'),
(65, 92, 'Candidate Alde concedes', NULL, '2023-04-20 03:26:13'),
(66, 92, 'Candidate Alde concedes', NULL, '2023-04-20 03:26:13'),
(67, 92, 'Candidate Alde concedes', NULL, '2023-04-20 03:26:13'),
(68, 92, 'Candidate Alde concedes', NULL, '2023-04-20 03:26:13'),
(69, 92, 'Candidate Alde concedes', NULL, '2023-04-20 03:26:13'),
(70, 92, 'Candidate Alde concedes', NULL, '2023-04-20 03:26:13'),
(71, 92, 'Candidate Alde concedes', NULL, '2023-04-20 03:26:13'),
(72, 92, 'Candidate Alde concedes', NULL, '2023-04-20 03:26:13'),
(73, 92, 'Candidate Alde joins the election', NULL, '2023-04-20 03:26:13'),
(74, 92, 'Candidate Alde concedes', NULL, '2023-04-20 03:26:13'),
(75, 92, 'Candidate Alde joins the election', NULL, '2023-04-20 03:26:13'),
(76, 0, 'Staff  inserted a voter', NULL, '2023-04-20 03:26:13'),
(77, 95, 'jiro123 has voted', NULL, '2023-04-20 03:26:13'),
(78, 103, 'Candidate Patrick gets verified', NULL, '2023-04-20 03:26:13'),
(79, 103, 'Candidate Patrick concedes', NULL, '2023-04-20 03:26:13'),
(80, 103, 'Candidate Alde is edited by', 'admin', '2023-04-20 03:26:13'),
(81, 103, 'Candidate Alde is edited by', 'admin', '2023-04-20 03:26:13'),
(82, 103, 'Candidate angel is edited by', 'admin', '2023-04-20 03:26:13'),
(83, 103, 'Candidate Anne is edited by', 'admin', '2023-04-20 03:26:13'),
(84, 103, 'Candidate Alde is edited by', 'admin', '2023-04-20 03:26:13'),
(85, 103, 'Candidate angel is edited by', 'admin', '2023-04-20 03:26:13'),
(86, 103, 'Candidate Anne is edited by', 'admin', '2023-04-20 03:26:13'),
(87, 103, 'Candidate Cedri is edited by', 'admin', '2023-04-20 03:26:13'),
(88, 103, 'Candidate daneris is edited by', 'admin', '2023-04-20 03:26:13'),
(89, 103, 'Candidate Daniel is edited by', 'admin', '2023-04-20 03:26:13'),
(90, 103, 'Candidate Daniel is edited by', 'admin', '2023-04-20 03:26:13'),
(91, 103, 'Candidate Enrique is edited by', 'admin', '2023-04-20 03:26:13'),
(92, 103, 'Candidate Jordan is edited by', 'admin', '2023-04-20 03:26:13'),
(93, 103, 'Candidate King is edited by', 'admin', '2023-04-20 03:26:13'),
(94, 103, 'Candidate Kris is edited by', 'admin', '2023-04-20 03:26:13'),
(95, 103, 'Candidate Midas is edited by', 'admin', '2023-04-20 03:26:13'),
(96, 103, 'Candidate Vincent is edited by', 'admin', '2023-04-20 03:26:13'),
(97, 103, 'Candidate Alde is edited by', 'admin', '2023-04-20 03:26:13'),
(98, 103, 'Candidate angel is edited by', 'admin', '2023-04-20 03:26:13'),
(99, 103, 'Candidate Anne is edited by', 'admin', '2023-04-20 03:26:13'),
(100, 103, 'Candidate Cedri is edited by', 'admin', '2023-04-20 03:26:13'),
(101, 103, 'Candidate daneris is edited by', 'admin', '2023-04-20 03:26:13'),
(102, 103, 'Candidate Daniel is edited by', 'admin', '2023-04-20 03:26:13'),
(103, 103, 'Candidate Enrique is edited by', 'admin', '2023-04-20 03:26:13'),
(104, 103, 'Candidate Jordan is edited by', 'admin', '2023-04-20 03:26:13'),
(105, 103, 'Candidate King is edited by', 'admin', '2023-04-20 03:26:13'),
(106, 103, 'Candidate Kris is edited by', 'admin', '2023-04-20 03:26:13'),
(107, 103, 'Candidate Patrick is edited by', 'admin', '2023-04-20 03:26:13'),
(108, 103, 'Candidate Patrick joins the election', NULL, '2023-04-20 03:26:13'),
(109, 103, 'Candidate Vincent is edited by', 'admin', '2023-04-20 03:26:13'),
(110, 103, 'Candidate Midas is edited by', 'admin', '2023-04-20 03:26:13'),
(111, 103, 'Candidate Alde concedes', NULL, '2023-04-20 03:26:13'),
(112, 103, 'Candidate Alde joins the election', NULL, '2023-04-20 03:26:13'),
(113, 103, 'Candidate Alde concedes', NULL, '2023-04-20 03:26:13'),
(114, 103, 'Candidate Alde joins the election', NULL, '2023-04-20 03:26:13'),
(115, 103, 'Candidate Alde concedes', NULL, '2023-04-20 03:26:13'),
(116, 103, 'Candidate Alde joins the election', NULL, '2023-04-20 03:26:13'),
(117, 103, 'Candidate Alde concedes', NULL, '2023-04-20 03:26:13'),
(118, 103, 'Candidate Alde joins the election', NULL, '2023-04-20 03:26:13');

-- --------------------------------------------------------

--
-- Table structure for table `vot_party_list`
--

CREATE TABLE `vot_party_list` (
  `id` int(11) NOT NULL,
  `partylist_id` int(11) NOT NULL,
  `party_name` varchar(255) NOT NULL
) ENGINE=InnoDB DEFAULT CHARSET=utf8mb4;

--
-- Dumping data for table `vot_party_list`
--

INSERT INTO `vot_party_list` (`id`, `partylist_id`, `party_name`) VALUES
(4, 1, 'kabataan'),
(5, 2, 'gabriela'),
(7, 3, 'independent'),
(11, 4, 'ACT-CIS');

-- --------------------------------------------------------

--
-- Table structure for table `vot_position`
--

CREATE TABLE `vot_position` (
  `id` int(11) NOT NULL,
  `position_id` int(11) NOT NULL,
  `pos_name` varchar(255) NOT NULL
) ENGINE=InnoDB DEFAULT CHARSET=utf8mb4;

--
-- Dumping data for table `vot_position`
--

INSERT INTO `vot_position` (`id`, `position_id`, `pos_name`) VALUES
(7, 1, 'President'),
(8, 2, 'Vice-president'),
(9, 3, 'Secretary'),
(10, 4, 'Treasurer'),
(11, 5, 'Auditor'),
(12, 6, 'PIO');

-- --------------------------------------------------------

--
-- Table structure for table `vot_session`
--

CREATE TABLE `vot_session` (
  `id` int(11) NOT NULL,
  `is_filing` int(11) NOT NULL DEFAULT 0,
  `is_election` int(11) NOT NULL DEFAULT 0,
  `start_time_filing` datetime DEFAULT NULL,
  `end_time_filing` datetime DEFAULT NULL,
  `end_time_elec` datetime DEFAULT NULL
) ENGINE=InnoDB DEFAULT CHARSET=utf8mb4;

--
-- Dumping data for table `vot_session`
--

INSERT INTO `vot_session` (`id`, `is_filing`, `is_election`, `start_time_filing`, `end_time_filing`, `end_time_elec`) VALUES
(1, 0, 0, '2022-12-21 15:03:00', '2022-12-21 15:03:00', '2022-12-21 15:03:00');

-- --------------------------------------------------------

--
-- Table structure for table `vot_users`
--

CREATE TABLE `vot_users` (
  `id` int(11) NOT NULL,
  `category_id` int(11) NOT NULL,
  `username` varchar(255) NOT NULL,
  `password` varchar(255) NOT NULL,
  `is_voted` int(11) NOT NULL DEFAULT 0,
  `is_filing` int(11) NOT NULL DEFAULT 0,
  `student_no` varchar(255) DEFAULT NULL,
  `otp` varchar(255) DEFAULT NULL
) ENGINE=InnoDB DEFAULT CHARSET=utf8mb4;

--
-- Dumping data for table `vot_users`
--

INSERT INTO `vot_users` (`id`, `category_id`, `username`, `password`, `is_voted`, `is_filing`, `student_no`, `otp`) VALUES
(37, 2, 'cedric123', '40bd001563085fc35165329ea1ff5c5ecbdbbeef', 0, 0, '20200080-M', '6399aef6d1f29'),
(79, 2, 'joms123', '40bd001563085fc35165329ea1ff5c5ecbdbbeef', 0, 0, '202000800-M', NULL),
(94, 2, 'vin123', '40bd001563085fc35165329ea1ff5c5ecbdbbeef', 0, 0, '20200040-M', NULL),
(95, 1, 'jiro123', '40bd001563085fc35165329ea1ff5c5ecbdbbeef', 0, 0, '202000760-M', NULL),
(96, 2, 'daniel123', '40bd001563085fc35165329ea1ff5c5ecbdbbeef', 0, 0, '5', NULL),
(99, 1, 'man123', '40bd001563085fc35165329ea1ff5c5ecbdbbeef', 0, 0, '202000600-M', NULL),
(102, 1, 'cal123', '40bd001563085fc35165329ea1ff5c5ecbdbbeef', 0, 0, '202000601-M', NULL),
(103, 3, 'admin', 'd033e22ae348aeb5660fc2140aec35850c4da997', 0, 0, '1', NULL),
(104, 1, '202000850-M', '35dee74a933d5defeaf140792d44052cfa332082', 0, 0, '202000850-M', NULL),
(105, 1, 'pat123', '40bd001563085fc35165329ea1ff5c5ecbdbbeef', 0, 1, '20200065-M', NULL),
(106, 1, '20200055-M', '40bd001563085fc35165329ea1ff5c5ecbdbbeef', 0, 0, '20200055-M', NULL),
(107, 1, 'fern123', '40bd001563085fc35165329ea1ff5c5ecbdbbeef', 0, 0, '20200020-M', NULL),
(108, 1, 'MAINE_9100', '6dda1f2ae480311f469f82b67ff5ce95232c85a5', 0, 0, '20200100', NULL);

-- --------------------------------------------------------

--
-- Table structure for table `vot_user_profile`
--

CREATE TABLE `vot_user_profile` (
  `id` int(11) NOT NULL,
  `fname` varchar(255) NOT NULL,
  `m_initial` varchar(255) NOT NULL,
  `lname` varchar(255) NOT NULL,
  `email` varchar(255) NOT NULL,
  `course_id` int(11) NOT NULL,
  `student_no` varchar(255) NOT NULL,
  `status` int(11) DEFAULT 0,
  `year_id` int(11) NOT NULL,
  `date_created` datetime NOT NULL DEFAULT current_timestamp()
) ENGINE=InnoDB DEFAULT CHARSET=utf8mb4;

--
-- Dumping data for table `vot_user_profile`
--

INSERT INTO `vot_user_profile` (`id`, `fname`, `m_initial`, `lname`, `email`, `course_id`, `student_no`, `status`, `year_id`, `date_created`) VALUES
(14, 'cedric', 'F', 'Dela Cruz', 'cruzcedric66@gmail.com', 1, '20200080-M', 1, 12, '2022-12-19 11:57:36'),
(33, 'Joms', 'J', 'Lucerio', 'joms@gmail.com', 3, '202000800-M', 1, 12, '2022-12-19 11:57:36'),
(46, 'vin', 'A', 'Cruz', 'cruzcedric22@gmail.com', 1, '20200040-M', 1, 12, '2022-12-19 11:57:36'),
(47, 'Jiro Allen', 'V.', 'Ibia', 'minato@gmail.com', 1, '202000760-M', 1, 12, '2022-12-19 11:57:36'),
(48, 'Daniel', 'B', 'Custodio', 'danielcustodio832@gmail.com', 1, '5', 1, 12, '2022-12-19 11:57:36'),
(51, 'Manila', 'M', 'Tondo', 'Man@gmail.com', 1, '202000600-M', 1, 12, '2022-12-19 11:57:36'),
(54, 'Caloocan', 'M', 'Malapitan', 'cal123@gmail.com', 1, '202000601-M', 2, 12, '2022-12-19 11:57:36'),
(55, 'admin', 'admin', 'admin', 'admin', 1, '1', 1, 12, '2022-12-19 11:57:36'),
(56, 'Bulacan', 'B', 'City', 'bul@gmail.com', 2, '202000850-M', 0, 12, '2022-12-19 11:57:36'),
(57, 'Patrick', 'Y.', 'Cabfit', 'patrickallen746@gmail.com', 1, '20200065-M', 1, 12, '2022-12-19 23:00:53'),
(58, 'John', 'D.', 'Kenneth', 'KennethTestlangto@gmail.com', 1, '20200055-M', 2, 12, '2022-12-20 00:51:54'),
(59, 'Fern', 'D.', 'John', 'fernthis@gmail.com', 1, '20200020-M', 1, 12, '2022-12-20 00:55:37'),
(60, 'SHARMAINE', 'VIERNES', 'LAYCO', 'laycosharmaine2@gmail.com', 1, '20200100', 0, 12, '2023-03-05 22:54:55');

-- --------------------------------------------------------

--
-- Table structure for table `vot_user_votes`
--

CREATE TABLE `vot_user_votes` (
  `user_id` int(11) NOT NULL,
  `user_vot` int(11) NOT NULL
) ENGINE=InnoDB DEFAULT CHARSET=utf8mb4;

--
-- Dumping data for table `vot_user_votes`
--

INSERT INTO `vot_user_votes` (`user_id`, `user_vot`) VALUES
(64, 0),
(64, 0),
(64, 0),
(64, 0),
(64, 0),
(64, 0),
(64, 0),
(64, 0),
(64, 0),
(64, 0),
(64, 0),
(64, 0),
(64, 0),
(64, 0),
(64, 0),
(64, 0),
(64, 0),
(64, 0),
(64, 0),
(64, 0),
(64, 0),
(64, 76),
(64, 77),
(64, 74),
(64, 75),
(64, 81),
(64, 83),
(64, 0),
(62, 85),
(62, 78),
(62, 79),
(62, 80),
(62, 82),
(62, 84),
(62, 0),
(62, 85),
(62, 77),
(62, 79),
(62, 80),
(62, 82),
(62, 84),
(62, 0),
(95, 85),
(95, 74),
(95, 80),
(95, 81),
(95, 84),
(95, 0);

-- --------------------------------------------------------

--
-- Table structure for table `vot_year`
--

CREATE TABLE `vot_year` (
  `id` int(11) NOT NULL,
  `year` varchar(255) DEFAULT NULL,
  `status` int(11) NOT NULL DEFAULT 1
) ENGINE=InnoDB DEFAULT CHARSET=utf8mb4;

--
-- Dumping data for table `vot_year`
--

INSERT INTO `vot_year` (`id`, `year`, `status`) VALUES
(12, '2022-2023', 1),
(15, '2024-2025', 0),
(16, '2026-2027', 0);

-- --------------------------------------------------------

--
-- Table structure for table `weboms_cart_tb`
--

CREATE TABLE `weboms_cart_tb` (
  `id` int(11) NOT NULL,
  `user_id` int(11) DEFAULT NULL,
  `orderType` int(11) DEFAULT NULL,
  `qty` int(11) DEFAULT NULL
) ENGINE=InnoDB DEFAULT CHARSET=utf8mb4;

-- --------------------------------------------------------

--
-- Table structure for table `weboms_company_tb`
--

CREATE TABLE `weboms_company_tb` (
  `id` int(11) NOT NULL,
  `name` varchar(255) DEFAULT NULL,
  `address` varchar(255) DEFAULT NULL,
  `tel` varchar(255) DEFAULT NULL,
  `description` text DEFAULT NULL
) ENGINE=InnoDB DEFAULT CHARSET=utf8mb4;

--
-- Dumping data for table `weboms_company_tb`
--

INSERT INTO `weboms_company_tb` (`id`, `name`, `address`, `tel`, `description`) VALUES
(1, 'companyName', 'address', '0000', 'description');

-- --------------------------------------------------------

--
-- Table structure for table `weboms_feedback_tb`
--

CREATE TABLE `weboms_feedback_tb` (
  `id` int(11) NOT NULL,
  `user_id` int(11) DEFAULT NULL,
  `order_id` int(11) DEFAULT NULL,
  `feedback` varchar(255) DEFAULT NULL
) ENGINE=InnoDB DEFAULT CHARSET=utf8mb4;

-- --------------------------------------------------------

--
-- Table structure for table `weboms_menu_tb`
--

CREATE TABLE `weboms_menu_tb` (
  `orderType` int(11) NOT NULL,
  `dish` varchar(255) DEFAULT NULL,
  `price` float DEFAULT NULL,
  `picName` varchar(255) DEFAULT NULL,
  `stock` int(11) DEFAULT NULL,
  `lastModifiedBy` varchar(255) DEFAULT NULL
) ENGINE=InnoDB DEFAULT CHARSET=utf8mb4;

--
-- Dumping data for table `weboms_menu_tb`
--

INSERT INTO `weboms_menu_tb` (`orderType`, `dish`, `price`, `picName`, `stock`, `lastModifiedBy`) VALUES
(1, 'burger steak', 120, '6423b090d318d1.51059531.png', 17, 'admin'),
(2, 'fries', 45, '6423b0a75915b4.30934283.png', 55, 'admin'),
(3, 'float', 50, '6423b0b1f1b343.50006298.png', 46, 'admin');

-- --------------------------------------------------------

--
-- Table structure for table `weboms_ordersdetail_tb`
--

CREATE TABLE `weboms_ordersdetail_tb` (
  `id` int(11) NOT NULL,
  `order_id` int(11) DEFAULT NULL,
  `quantity` int(11) DEFAULT NULL,
  `orderType` int(11) DEFAULT NULL
) ENGINE=InnoDB DEFAULT CHARSET=utf8mb4;

--
-- Dumping data for table `weboms_ordersdetail_tb`
--

INSERT INTO `weboms_ordersdetail_tb` (`id`, `order_id`, `quantity`, `orderType`) VALUES
(1, 7209, 5, 3),
(2, 7209, 5, 1),
(3, 7209, 5, 2),
(4, 7210, 1, 1),
(5, 7210, 1, 2),
(6, 7210, 1, 3),
(7, 7211, 1, 3),
(8, 7211, 1, 1),
(9, 7211, 1, 2),
(10, 7212, 1, 3),
(11, 7212, 1, 1),
(12, 7212, 2, 2),
(13, 7213, 1, 1),
(14, 7214, 1, 2),
(15, 7215, 1, 1),
(16, 7215, 1, 2),
(17, 7216, 1, 3),
(18, 7216, 1, 1),
(19, 7216, 1, 2),
(20, 7217, 1, 3),
(21, 7217, 2, 1),
(22, 7218, 1, 3),
(23, 7218, 1, 1),
(24, 7218, 2, 2),
(25, 7219, 2, 3),
(26, 7219, 1, 2),
(27, 7220, 1, 3),
(28, 7220, 1, 1),
(29, 7221, 1, 3),
(30, 7221, 1, 1),
(31, 7221, 1, 2),
(32, 7222, 1, 3),
(33, 7222, 1, 1),
(34, 7222, 1, 2),
(35, 7223, 1, 3),
(36, 7224, 1, 3),
(37, 7224, 1, 1),
(38, 7224, 1, 2),
(39, 7225, 1, 3),
(40, 7225, 1, 2),
(41, 7226, 1, 3),
(42, 7226, 1, 1),
(43, 7226, 1, 2),
(44, 7227, 1, 3),
(45, 7227, 1, 1),
(46, 7227, 3, 2),
(47, 7228, 1, 1),
(48, 7228, 1, 2),
(49, 7228, 1, 3),
(50, 7229, 1, 3),
(51, 7229, 1, 1),
(52, 7229, 2, 2),
(53, 7230, 1, 3),
(54, 7230, 1, 1),
(55, 7230, 1, 2),
(56, 7231, 1, 3),
(57, 7231, 1, 1),
(58, 7231, 2, 2),
(59, 7232, 1, 3),
(60, 7233, 2, 3),
(61, 7233, 2, 1),
(62, 7233, 1, 2),
(63, 7234, 2, 3),
(64, 7234, 2, 2),
(65, 7235, 1, 1),
(66, 7235, 2, 2),
(67, 7236, 2, 3),
(68, 7236, 1, 1),
(69, 7236, 1, 2),
(70, 7237, 2, 3);

-- --------------------------------------------------------

--
-- Table structure for table `weboms_order_tb`
--

CREATE TABLE `weboms_order_tb` (
  `ID` int(11) NOT NULL,
  `user_id` int(11) DEFAULT NULL,
  `order_id` int(11) DEFAULT NULL,
  `or_number` int(11) DEFAULT NULL,
  `status` varchar(255) DEFAULT NULL,
  `date` datetime NOT NULL,
  `totalOrder` int(11) DEFAULT NULL,
  `payment` int(11) DEFAULT NULL,
  `staffInCharge` varchar(255) DEFAULT NULL
) ENGINE=InnoDB DEFAULT CHARSET=utf8mb4;

--
-- Dumping data for table `weboms_order_tb`
--

INSERT INTO `weboms_order_tb` (`ID`, `user_id`, `order_id`, `or_number`, `status`, `date`, `totalOrder`, `payment`, `staffInCharge`) VALUES
(1, 2, 7209, 1, 'preparing', '2023-03-29 03:36:51', 1075, 1075, 'online order'),
(2, 2, 7210, 2, 'preparing', '2023-03-29 03:41:32', 215, 215, 'online order'),
(3, 2, 7211, 3, 'preparing', '2023-03-29 03:42:09', 215, 215, 'online order'),
(4, 2, 7212, 4, 'preparing', '2023-03-29 03:57:36', 260, 260, 'online order'),
(5, 2, 7213, 5, 'preparing', '2023-03-29 03:57:45', 120, 120, 'online order'),
(6, 2, 7214, 6, 'preparing', '2023-03-29 03:57:49', 45, 45, 'online order'),
(7, 2, 7215, 7, 'preparing', '2023-03-29 07:10:31', 165, 165, 'online order'),
(8, 2, 7216, 8, 'preparing', '2023-03-29 15:20:39', 215, 215, 'online order'),
(9, 2, 7217, 9, 'preparing', '2023-03-29 15:25:40', 290, 290, 'online order'),
(10, 2, 7218, 10, 'preparing', '2023-03-29 15:27:15', 260, 260, 'online order'),
(11, 2, 7219, 11, 'preparing', '2023-03-29 15:30:22', 145, 145, 'online order'),
(12, 2, 7220, 12, 'preparing', '2023-03-29 15:31:29', 170, 170, 'online order'),
(13, 2, 7221, 13, 'preparing', '2023-03-29 15:32:02', 215, 215, 'online order'),
(14, 2, 7222, 14, 'preparing', '2023-03-29 15:32:40', 215, 215, 'online order'),
(15, 2, 7223, 15, 'preparing', '2023-03-29 15:34:06', 50, 50, 'online order'),
(16, 2, 7224, 16, 'preparing', '2023-03-29 15:34:48', 215, 215, 'online order'),
(17, 2, 7225, 17, 'preparing', '2023-03-29 15:35:39', 95, 95, 'online order'),
(18, 2, 7226, 18, 'preparing', '2023-03-29 15:45:16', 215, 215, 'online order'),
(19, 2, 7227, 19, 'preparing', '2023-03-29 15:47:06', 305, 305, 'online order'),
(20, 2, 7228, 20, 'preparing', '2023-03-29 15:51:01', 215, 215, 'online order'),
(21, 2, 7229, 21, 'preparing', '2023-03-29 15:53:54', 260, 260, 'online order'),
(22, 2, 7230, 22, 'preparing', '2023-03-30 18:09:57', 215, 215, 'online order'),
(23, 2, 7231, 23, 'preparing', '2023-03-30 18:14:20', 260, 260, 'online order'),
(24, 2, 7232, 24, 'preparing', '2023-03-30 18:16:14', 50, 50, 'online order'),
(25, 2, 7233, 25, 'preparing', '2023-03-30 18:18:14', 385, 385, 'online order'),
(26, 2, 7234, 26, 'preparing', '2023-03-30 18:20:05', 190, 190, 'online order'),
(27, 2, 7235, 27, 'preparing', '2023-03-30 18:22:17', 210, 210, 'online order'),
(28, 2, 7236, 28, 'preparing', '2023-03-31 12:58:26', 265, 265, 'online order'),
(29, 2, 7237, 29, 'preparing', '2023-03-31 12:59:03', 100, 100, 'online order');

-- --------------------------------------------------------

--
-- Table structure for table `weboms_topup_tb`
--

CREATE TABLE `weboms_topup_tb` (
  `id` int(11) NOT NULL,
  `user_id` int(11) DEFAULT NULL,
  `amount` int(11) DEFAULT NULL,
  `status` varchar(255) DEFAULT NULL,
  `proofOfPayment` varchar(255) DEFAULT NULL,
  `date` datetime DEFAULT NULL
) ENGINE=InnoDB DEFAULT CHARSET=utf8mb4;

-- --------------------------------------------------------

--
-- Table structure for table `weboms_userinfo_tb`
--

CREATE TABLE `weboms_userinfo_tb` (
  `id` int(11) NOT NULL,
  `user_id` int(11) DEFAULT NULL,
  `name` varchar(255) DEFAULT NULL,
  `picName` varchar(255) DEFAULT NULL,
  `gender` varchar(255) DEFAULT NULL,
  `age` int(11) DEFAULT NULL,
  `phoneNumber` varchar(255) DEFAULT NULL,
  `address` varchar(255) DEFAULT NULL,
  `email` varchar(255) DEFAULT NULL,
  `otp` varchar(255) DEFAULT NULL,
  `forgetPasswordOtp` varchar(255) DEFAULT NULL,
  `balance` int(11) DEFAULT NULL,
  `rfid` varchar(255) DEFAULT NULL
) ENGINE=InnoDB DEFAULT CHARSET=utf8mb4;

--
-- Dumping data for table `weboms_userinfo_tb`
--

INSERT INTO `weboms_userinfo_tb` (`id`, `user_id`, `name`, `picName`, `gender`, `age`, `phoneNumber`, `address`, `email`, `otp`, `forgetPasswordOtp`, `balance`, `rfid`) VALUES
(1, 1, 'admin', NULL, NULL, NULL, NULL, NULL, NULL, NULL, NULL, NULL, NULL),
(2, 2, 'Naruto M. Uzomaki', '6423b1fca6d092.28419163.png', 'm', 2, '982938471', '2', 'custommemory072@gmail.com', '', NULL, 3465, '1234567890'),
(3, 3, 'DANERIS D Mendoza', NULL, 'm', 20, '09807198917', 'cal', 'danerismendoza096@gmail.com', '6423b3f4b3593', NULL, 0, NULL);

-- --------------------------------------------------------

--
-- Table structure for table `weboms_user_tb`
--

CREATE TABLE `weboms_user_tb` (
  `id` int(11) NOT NULL,
  `user_id` int(11) DEFAULT NULL,
  `username` varchar(255) DEFAULT NULL,
  `password` varchar(255) DEFAULT NULL,
  `accountType` varchar(255) DEFAULT NULL
) ENGINE=InnoDB DEFAULT CHARSET=utf8mb4;

--
-- Dumping data for table `weboms_user_tb`
--

INSERT INTO `weboms_user_tb` (`id`, `user_id`, `username`, `password`, `accountType`) VALUES
(1, 1, 'admin', '$2y$10$IdZErUMhp81yM30sejvzs.9UagDyLPU/hS76/EotEzegRBOTBotNS', 'admin'),
(2, 2, 'naruto', '$2y$10$Lps7M9TDZj43zbC59FFCQu79S7JXV8/F5G4.65lYcqKVN0napOyn.', 'customer'),
(3, 3, 'daneris', '$2y$10$EXIuBsCrmG1ToUHjMSlVZu6onKji7NEo8VkfPZ4NTfR6HSSpwNCma', 'customer');

--
-- Indexes for dumped tables
--

--
-- Indexes for table `cms_admins`
--
ALTER TABLE `cms_admins`
  ADD PRIMARY KEY (`id`);

--
-- Indexes for table `cms_classes`
--
ALTER TABLE `cms_classes`
  ADD PRIMARY KEY (`class_id`);

--
-- Indexes for table `cms_classrooms`
--
ALTER TABLE `cms_classrooms`
  ADD PRIMARY KEY (`classroom_id`);

--
-- Indexes for table `cms_coordinators`
--
ALTER TABLE `cms_coordinators`
  ADD PRIMARY KEY (`id`);

--
-- Indexes for table `cms_instructors`
--
ALTER TABLE `cms_instructors`
  ADD PRIMARY KEY (`id`);

--
-- Indexes for table `cms_profileimg`
--
ALTER TABLE `cms_profileimg`
  ADD PRIMARY KEY (`id`);

--
-- Indexes for table `cms_pwdreset`
--
ALTER TABLE `cms_pwdreset`
  ADD PRIMARY KEY (`pwdResetId`);

--
-- Indexes for table `cms_sectionlist`
--
ALTER TABLE `cms_sectionlist`
  ADD PRIMARY KEY (`id`);

--
-- Indexes for table `cms_sections`
--
ALTER TABLE `cms_sections`
  ADD PRIMARY KEY (`id`);

--
-- Indexes for table `cms_students`
--
ALTER TABLE `cms_students`
  ADD PRIMARY KEY (`id`);

--
-- Indexes for table `cms_subjects`
--
ALTER TABLE `cms_subjects`
  ADD PRIMARY KEY (`id`);

--
-- Indexes for table `cms_users`
--
ALTER TABLE `cms_users`
  ADD PRIMARY KEY (`id`);

--
-- Indexes for table `fgms_schedule_list`
--
ALTER TABLE `fgms_schedule_list`
  ADD PRIMARY KEY (`id`);

--
-- Indexes for table `fgms_tbl_events`
--
ALTER TABLE `fgms_tbl_events`
  ADD PRIMARY KEY (`id`);

--
-- Indexes for table `fgms_tb_upload`
--
ALTER TABLE `fgms_tb_upload`
  ADD PRIMARY KEY (`id`);

--
-- Indexes for table `fgms_useracc`
--
ALTER TABLE `fgms_useracc`
  ADD PRIMARY KEY (`id`);

--
-- Indexes for table `fgms_userdata`
--
ALTER TABLE `fgms_userdata`
  ADD PRIMARY KEY (`id`);

--
-- Indexes for table `fgms_usertable`
--
ALTER TABLE `fgms_usertable`
  ADD PRIMARY KEY (`id`);

--
-- Indexes for table `hrs_tbladmin`
--
ALTER TABLE `hrs_tbladmin`
  ADD PRIMARY KEY (`ID`);

--
-- Indexes for table `hrs_tblbooking`
--
ALTER TABLE `hrs_tblbooking`
  ADD PRIMARY KEY (`ID`);

--
-- Indexes for table `hrs_tblcategory`
--
ALTER TABLE `hrs_tblcategory`
  ADD PRIMARY KEY (`ID`),
  ADD KEY `ID` (`ID`);

--
-- Indexes for table `hrs_tblcontact`
--
ALTER TABLE `hrs_tblcontact`
  ADD PRIMARY KEY (`ID`);

--
-- Indexes for table `hrs_tblfacility`
--
ALTER TABLE `hrs_tblfacility`
  ADD PRIMARY KEY (`ID`);

--
-- Indexes for table `hrs_tblpage`
--
ALTER TABLE `hrs_tblpage`
  ADD PRIMARY KEY (`ID`);

--
-- Indexes for table `hrs_tblroom`
--
ALTER TABLE `hrs_tblroom`
  ADD PRIMARY KEY (`ID`),
  ADD KEY `RoomType` (`RoomType`);

--
-- Indexes for table `hrs_tblroomnumber`
--
ALTER TABLE `hrs_tblroomnumber`
  ADD PRIMARY KEY (`ID`);

--
-- Indexes for table `hrs_tblstaff`
--
ALTER TABLE `hrs_tblstaff`
  ADD PRIMARY KEY (`ID`);

--
-- Indexes for table `hrs_tbluser`
--
ALTER TABLE `hrs_tbluser`
  ADD PRIMARY KEY (`ID`),
  ADD KEY `ID` (`ID`);

--
-- Indexes for table `jaks_admin_account`
--
ALTER TABLE `jaks_admin_account`
  ADD PRIMARY KEY (`ID`),
  ADD UNIQUE KEY `ID` (`ID`);

--
-- Indexes for table `jaks_booknow`
--
ALTER TABLE `jaks_booknow`
  ADD PRIMARY KEY (`ID`),
  ADD UNIQUE KEY `ID` (`ID`);

--
-- Indexes for table `jaks_brands`
--
ALTER TABLE `jaks_brands`
  ADD PRIMARY KEY (`ID`),
  ADD UNIQUE KEY `ID` (`ID`);

--
-- Indexes for table `jaks_carlist`
--
ALTER TABLE `jaks_carlist`
  ADD PRIMARY KEY (`ID`),
  ADD UNIQUE KEY `ID` (`ID`);

--
-- Indexes for table `jaks_coding`
--
ALTER TABLE `jaks_coding`
  ADD PRIMARY KEY (`ID`);

--
-- Indexes for table `jaks_contact_us`
--
ALTER TABLE `jaks_contact_us`
  ADD PRIMARY KEY (`ID`),
  ADD UNIQUE KEY `ID` (`ID`);

--
-- Indexes for table `jaks_fuel`
--
ALTER TABLE `jaks_fuel`
  ADD PRIMARY KEY (`ID`),
  ADD UNIQUE KEY `ID` (`ID`);

--
-- Indexes for table `jaks_login`
--
ALTER TABLE `jaks_login`
  ADD PRIMARY KEY (`ID`),
  ADD UNIQUE KEY `ID` (`ID`);

--
-- Indexes for table `jaks_name_type`
--
ALTER TABLE `jaks_name_type`
  ADD PRIMARY KEY (`ID`),
  ADD UNIQUE KEY `ID` (`ID`);

--
-- Indexes for table `jaks_seater`
--
ALTER TABLE `jaks_seater`
  ADD PRIMARY KEY (`ID`),
  ADD UNIQUE KEY `ID` (`ID`);

--
-- Indexes for table `jaks_staff_account`
--
ALTER TABLE `jaks_staff_account`
  ADD PRIMARY KEY (`ID`),
  ADD UNIQUE KEY `ID` (`ID`);

--
-- Indexes for table `jaks_transmission`
--
ALTER TABLE `jaks_transmission`
  ADD PRIMARY KEY (`ID`),
  ADD UNIQUE KEY `ID` (`ID`);

--
-- Indexes for table `jaks_useraccount`
--
ALTER TABLE `jaks_useraccount`
  ADD PRIMARY KEY (`ID`),
  ADD UNIQUE KEY `ID` (`ID`);

--
-- Indexes for table `lms_books`
--
ALTER TABLE `lms_books`
  ADD PRIMARY KEY (`Accession`);

--
-- Indexes for table `lms_login`
--
ALTER TABLE `lms_login`
  ADD PRIMARY KEY (`StudentNo`);

--
-- Indexes for table `lms_message`
--
ALTER TABLE `lms_message`
  ADD PRIMARY KEY (`message_id`),
  ADD KEY `StudentNo` (`StudentNo`);

--
-- Indexes for table `lms_records`
--
ALTER TABLE `lms_records`
  ADD PRIMARY KEY (`R_ID`);

--
-- Indexes for table `lms_record_for_extend`
--
ALTER TABLE `lms_record_for_extend`
  ADD PRIMARY KEY (`StudentNo`,`Accession`),
  ADD KEY `Accession` (`Accession`);

--
-- Indexes for table `lms_record_for_return`
--
ALTER TABLE `lms_record_for_return`
  ADD PRIMARY KEY (`StudentNo`,`Accession`),
  ADD KEY `Accession` (`Accession`);

--
-- Indexes for table `lms_suggestion`
--
ALTER TABLE `lms_suggestion`
  ADD PRIMARY KEY (`R_ID`),
  ADD KEY `StudentNo` (`StudentNo`);

--
-- Indexes for table `lms_users`
--
ALTER TABLE `lms_users`
  ADD PRIMARY KEY (`StudentNo`),
  ADD KEY `Email` (`Email`);

--
-- Indexes for table `uccp_accpaidaddmission`
--
ALTER TABLE `uccp_accpaidaddmission`
  ADD PRIMARY KEY (`id`);

--
-- Indexes for table `uccp_accpaidenrollment`
--
ALTER TABLE `uccp_accpaidenrollment`
  ADD PRIMARY KEY (`id`);

--
-- Indexes for table `uccp_add_courses`
--
ALTER TABLE `uccp_add_courses`
  ADD PRIMARY KEY (`id`);

--
-- Indexes for table `uccp_adminacc_tbl`
--
ALTER TABLE `uccp_adminacc_tbl`
  ADD PRIMARY KEY (`id`);

--
-- Indexes for table `uccp_admission`
--
ALTER TABLE `uccp_admission`
  ADD PRIMARY KEY (`id`);

--
-- Indexes for table `uccp_admission_billing`
--
ALTER TABLE `uccp_admission_billing`
  ADD PRIMARY KEY (`id`);

--
-- Indexes for table `uccp_admission_schedule`
--
ALTER TABLE `uccp_admission_schedule`
  ADD PRIMARY KEY (`id`);

--
-- Indexes for table `uccp_approvedcurriculum`
--
ALTER TABLE `uccp_approvedcurriculum`
  ADD PRIMARY KEY (`id`);

--
-- Indexes for table `uccp_bor_tbl`
--
ALTER TABLE `uccp_bor_tbl`
  ADD PRIMARY KEY (`id`);

--
-- Indexes for table `uccp_course`
--
ALTER TABLE `uccp_course`
  ADD PRIMARY KEY (`id`);

--
-- Indexes for table `uccp_coursefee`
--
ALTER TABLE `uccp_coursefee`
  ADD PRIMARY KEY (`id`);

--
-- Indexes for table `uccp_curriculum`
--
ALTER TABLE `uccp_curriculum`
  ADD PRIMARY KEY (`id`);

--
-- Indexes for table `uccp_enrolled`
--
ALTER TABLE `uccp_enrolled`
  ADD PRIMARY KEY (`id`);

--
-- Indexes for table `uccp_enrollee`
--
ALTER TABLE `uccp_enrollee`
  ADD PRIMARY KEY (`id`);

--
-- Indexes for table `uccp_enrollment_billing`
--
ALTER TABLE `uccp_enrollment_billing`
  ADD PRIMARY KEY (`id`);

--
-- Indexes for table `uccp_enrollment_schedule`
--
ALTER TABLE `uccp_enrollment_schedule`
  ADD PRIMARY KEY (`id`);

--
-- Indexes for table `uccp_eval`
--
ALTER TABLE `uccp_eval`
  ADD PRIMARY KEY (`id`);

--
-- Indexes for table `uccp_examinees`
--
ALTER TABLE `uccp_examinees`
  ADD PRIMARY KEY (`id`);

--
-- Indexes for table `uccp_examsched`
--
ALTER TABLE `uccp_examsched`
  ADD PRIMARY KEY (`id`);

--
-- Indexes for table `uccp_grading`
--
ALTER TABLE `uccp_grading`
  ADD PRIMARY KEY (`id`);

--
-- Indexes for table `uccp_gradingsystem_tbl`
--
ALTER TABLE `uccp_gradingsystem_tbl`
  ADD PRIMARY KEY (`id`);

--
-- Indexes for table `uccp_ht_tbl`
--
ALTER TABLE `uccp_ht_tbl`
  ADD PRIMARY KEY (`id`);

--
-- Indexes for table `uccp_login`
--
ALTER TABLE `uccp_login`
  ADD PRIMARY KEY (`id`);

--
-- Indexes for table `uccp_masterlist`
--
ALTER TABLE `uccp_masterlist`
  ADD PRIMARY KEY (`id`);

--
-- Indexes for table `uccp_news_tbl`
--
ALTER TABLE `uccp_news_tbl`
  ADD PRIMARY KEY (`id`);

--
-- Indexes for table `uccp_passers`
--
ALTER TABLE `uccp_passers`
  ADD PRIMARY KEY (`id`);

--
-- Indexes for table `uccp_professor`
--
ALTER TABLE `uccp_professor`
  ADD PRIMARY KEY (`id`);

--
-- Indexes for table `uccp_sched`
--
ALTER TABLE `uccp_sched`
  ADD PRIMARY KEY (`id`);

--
-- Indexes for table `uccp_section`
--
ALTER TABLE `uccp_section`
  ADD PRIMARY KEY (`id`);

--
-- Indexes for table `uccp_studentinfo`
--
ALTER TABLE `uccp_studentinfo`
  ADD PRIMARY KEY (`id`);

--
-- Indexes for table `uccp_xo_tbl`
--
ALTER TABLE `uccp_xo_tbl`
  ADD PRIMARY KEY (`id`);

--
-- Indexes for table `vet_accountlist`
--
ALTER TABLE `vet_accountlist`
  ADD PRIMARY KEY (`id`);

--
-- Indexes for table `vet_accountlist_client`
--
ALTER TABLE `vet_accountlist_client`
  ADD PRIMARY KEY (`user_id`);

--
-- Indexes for table `vet_appointment_list`
--
ALTER TABLE `vet_appointment_list`
  ADD PRIMARY KEY (`booking_id`);

--
-- Indexes for table `vet_branch`
--
ALTER TABLE `vet_branch`
  ADD PRIMARY KEY (`id`),
  ADD UNIQUE KEY `id` (`id`);

--
-- Indexes for table `vet_schedule_list`
--
ALTER TABLE `vet_schedule_list`
  ADD PRIMARY KEY (`id`);

--
-- Indexes for table `vet_walkin_list`
--
ALTER TABLE `vet_walkin_list`
  ADD PRIMARY KEY (`id`);

--
-- Indexes for table `vet_year`
--
ALTER TABLE `vet_year`
  ADD PRIMARY KEY (`year_id`);

--
-- Indexes for table `vot_candidates`
--
ALTER TABLE `vot_candidates`
  ADD PRIMARY KEY (`id`);

--
-- Indexes for table `vot_cat_user`
--
ALTER TABLE `vot_cat_user`
  ADD PRIMARY KEY (`id`);

--
-- Indexes for table `vot_course`
--
ALTER TABLE `vot_course`
  ADD PRIMARY KEY (`id`);

--
-- Indexes for table `vot_logs`
--
ALTER TABLE `vot_logs`
  ADD PRIMARY KEY (`id`);

--
-- Indexes for table `vot_party_list`
--
ALTER TABLE `vot_party_list`
  ADD PRIMARY KEY (`id`);

--
-- Indexes for table `vot_position`
--
ALTER TABLE `vot_position`
  ADD PRIMARY KEY (`id`);

--
-- Indexes for table `vot_session`
--
ALTER TABLE `vot_session`
  ADD PRIMARY KEY (`id`);

--
-- Indexes for table `vot_users`
--
ALTER TABLE `vot_users`
  ADD PRIMARY KEY (`id`);

--
-- Indexes for table `vot_user_profile`
--
ALTER TABLE `vot_user_profile`
  ADD PRIMARY KEY (`id`);

--
-- Indexes for table `vot_year`
--
ALTER TABLE `vot_year`
  ADD PRIMARY KEY (`id`);

--
-- Indexes for table `weboms_cart_tb`
--
ALTER TABLE `weboms_cart_tb`
  ADD PRIMARY KEY (`id`);

--
-- Indexes for table `weboms_company_tb`
--
ALTER TABLE `weboms_company_tb`
  ADD PRIMARY KEY (`id`);

--
-- Indexes for table `weboms_feedback_tb`
--
ALTER TABLE `weboms_feedback_tb`
  ADD PRIMARY KEY (`id`);

--
-- Indexes for table `weboms_menu_tb`
--
ALTER TABLE `weboms_menu_tb`
  ADD PRIMARY KEY (`orderType`);

--
-- Indexes for table `weboms_ordersdetail_tb`
--
ALTER TABLE `weboms_ordersdetail_tb`
  ADD PRIMARY KEY (`id`);

--
-- Indexes for table `weboms_order_tb`
--
ALTER TABLE `weboms_order_tb`
  ADD PRIMARY KEY (`ID`);

--
-- Indexes for table `weboms_topup_tb`
--
ALTER TABLE `weboms_topup_tb`
  ADD PRIMARY KEY (`id`);

--
-- Indexes for table `weboms_userinfo_tb`
--
ALTER TABLE `weboms_userinfo_tb`
  ADD PRIMARY KEY (`id`);

--
-- Indexes for table `weboms_user_tb`
--
ALTER TABLE `weboms_user_tb`
  ADD PRIMARY KEY (`id`);

--
-- AUTO_INCREMENT for dumped tables
--

--
-- AUTO_INCREMENT for table `cms_admins`
--
ALTER TABLE `cms_admins`
  MODIFY `id` int(11) NOT NULL AUTO_INCREMENT, AUTO_INCREMENT=67;

--
-- AUTO_INCREMENT for table `cms_classes`
--
ALTER TABLE `cms_classes`
  MODIFY `class_id` int(11) NOT NULL AUTO_INCREMENT, AUTO_INCREMENT=166;

--
-- AUTO_INCREMENT for table `cms_classrooms`
--
ALTER TABLE `cms_classrooms`
  MODIFY `classroom_id` int(11) NOT NULL AUTO_INCREMENT, AUTO_INCREMENT=45;

--
-- AUTO_INCREMENT for table `cms_coordinators`
--
ALTER TABLE `cms_coordinators`
  MODIFY `id` int(11) NOT NULL AUTO_INCREMENT, AUTO_INCREMENT=12;

--
-- AUTO_INCREMENT for table `cms_instructors`
--
ALTER TABLE `cms_instructors`
  MODIFY `id` int(11) NOT NULL AUTO_INCREMENT, AUTO_INCREMENT=23;

--
-- AUTO_INCREMENT for table `cms_profileimg`
--
ALTER TABLE `cms_profileimg`
  MODIFY `id` int(11) NOT NULL AUTO_INCREMENT, AUTO_INCREMENT=176;

--
-- AUTO_INCREMENT for table `cms_pwdreset`
--
ALTER TABLE `cms_pwdreset`
  MODIFY `pwdResetId` int(11) NOT NULL AUTO_INCREMENT, AUTO_INCREMENT=98;

--
-- AUTO_INCREMENT for table `cms_sectionlist`
--
ALTER TABLE `cms_sectionlist`
  MODIFY `id` int(11) NOT NULL AUTO_INCREMENT, AUTO_INCREMENT=20;

--
-- AUTO_INCREMENT for table `cms_sections`
--
ALTER TABLE `cms_sections`
  MODIFY `id` int(11) NOT NULL AUTO_INCREMENT, AUTO_INCREMENT=23;

--
-- AUTO_INCREMENT for table `cms_students`
--
ALTER TABLE `cms_students`
  MODIFY `id` int(11) NOT NULL AUTO_INCREMENT, AUTO_INCREMENT=55;

--
-- AUTO_INCREMENT for table `cms_subjects`
--
ALTER TABLE `cms_subjects`
  MODIFY `id` int(11) NOT NULL AUTO_INCREMENT, AUTO_INCREMENT=1405;

--
-- AUTO_INCREMENT for table `cms_users`
--
ALTER TABLE `cms_users`
  MODIFY `id` int(11) NOT NULL AUTO_INCREMENT, AUTO_INCREMENT=162;

--
-- AUTO_INCREMENT for table `fgms_schedule_list`
--
ALTER TABLE `fgms_schedule_list`
  MODIFY `id` int(11) NOT NULL AUTO_INCREMENT, AUTO_INCREMENT=6;

--
-- AUTO_INCREMENT for table `fgms_tbl_events`
--
ALTER TABLE `fgms_tbl_events`
  MODIFY `id` int(11) NOT NULL AUTO_INCREMENT, AUTO_INCREMENT=13;

--
-- AUTO_INCREMENT for table `fgms_tb_upload`
--
ALTER TABLE `fgms_tb_upload`
  MODIFY `id` int(11) NOT NULL AUTO_INCREMENT, AUTO_INCREMENT=21;

--
-- AUTO_INCREMENT for table `fgms_useracc`
--
ALTER TABLE `fgms_useracc`
  MODIFY `id` int(11) NOT NULL AUTO_INCREMENT, AUTO_INCREMENT=7;

--
-- AUTO_INCREMENT for table `fgms_userdata`
--
ALTER TABLE `fgms_userdata`
  MODIFY `id` int(11) NOT NULL AUTO_INCREMENT, AUTO_INCREMENT=6;

--
-- AUTO_INCREMENT for table `fgms_usertable`
--
ALTER TABLE `fgms_usertable`
  MODIFY `id` int(11) NOT NULL AUTO_INCREMENT, AUTO_INCREMENT=47;

--
-- AUTO_INCREMENT for table `hrs_tbladmin`
--
ALTER TABLE `hrs_tbladmin`
  MODIFY `ID` int(11) NOT NULL AUTO_INCREMENT, AUTO_INCREMENT=10;

--
-- AUTO_INCREMENT for table `hrs_tblbooking`
--
ALTER TABLE `hrs_tblbooking`
  MODIFY `ID` int(11) NOT NULL AUTO_INCREMENT, AUTO_INCREMENT=13;

--
-- AUTO_INCREMENT for table `hrs_tblcategory`
--
ALTER TABLE `hrs_tblcategory`
  MODIFY `ID` int(11) NOT NULL AUTO_INCREMENT, AUTO_INCREMENT=13;

--
-- AUTO_INCREMENT for table `hrs_tblcontact`
--
ALTER TABLE `hrs_tblcontact`
  MODIFY `ID` int(11) NOT NULL AUTO_INCREMENT, AUTO_INCREMENT=6;

--
-- AUTO_INCREMENT for table `hrs_tblfacility`
--
ALTER TABLE `hrs_tblfacility`
  MODIFY `ID` int(11) NOT NULL AUTO_INCREMENT, AUTO_INCREMENT=11;

--
-- AUTO_INCREMENT for table `hrs_tblpage`
--
ALTER TABLE `hrs_tblpage`
  MODIFY `ID` int(11) NOT NULL AUTO_INCREMENT, AUTO_INCREMENT=3;

--
-- AUTO_INCREMENT for table `hrs_tblroom`
--
ALTER TABLE `hrs_tblroom`
  MODIFY `ID` int(11) NOT NULL AUTO_INCREMENT, AUTO_INCREMENT=21;

--
-- AUTO_INCREMENT for table `hrs_tblroomnumber`
--
ALTER TABLE `hrs_tblroomnumber`
  MODIFY `ID` int(11) NOT NULL AUTO_INCREMENT, AUTO_INCREMENT=18;

--
-- AUTO_INCREMENT for table `hrs_tblstaff`
--
ALTER TABLE `hrs_tblstaff`
  MODIFY `ID` int(11) NOT NULL AUTO_INCREMENT, AUTO_INCREMENT=3;

--
-- AUTO_INCREMENT for table `hrs_tbluser`
--
ALTER TABLE `hrs_tbluser`
  MODIFY `ID` int(11) NOT NULL AUTO_INCREMENT, AUTO_INCREMENT=30;

--
-- AUTO_INCREMENT for table `jaks_admin_account`
--
ALTER TABLE `jaks_admin_account`
  MODIFY `ID` bigint(20) UNSIGNED NOT NULL AUTO_INCREMENT, AUTO_INCREMENT=4;

--
-- AUTO_INCREMENT for table `jaks_booknow`
--
ALTER TABLE `jaks_booknow`
  MODIFY `ID` bigint(20) UNSIGNED NOT NULL AUTO_INCREMENT, AUTO_INCREMENT=8;

--
-- AUTO_INCREMENT for table `jaks_brands`
--
ALTER TABLE `jaks_brands`
  MODIFY `ID` bigint(20) UNSIGNED NOT NULL AUTO_INCREMENT, AUTO_INCREMENT=17;

--
-- AUTO_INCREMENT for table `jaks_carlist`
--
ALTER TABLE `jaks_carlist`
  MODIFY `ID` bigint(20) UNSIGNED NOT NULL AUTO_INCREMENT, AUTO_INCREMENT=25;

--
-- AUTO_INCREMENT for table `jaks_coding`
--
ALTER TABLE `jaks_coding`
  MODIFY `ID` int(11) NOT NULL AUTO_INCREMENT, AUTO_INCREMENT=11;

--
-- AUTO_INCREMENT for table `jaks_contact_us`
--
ALTER TABLE `jaks_contact_us`
  MODIFY `ID` bigint(20) UNSIGNED NOT NULL AUTO_INCREMENT, AUTO_INCREMENT=12;

--
-- AUTO_INCREMENT for table `jaks_fuel`
--
ALTER TABLE `jaks_fuel`
  MODIFY `ID` bigint(20) UNSIGNED NOT NULL AUTO_INCREMENT, AUTO_INCREMENT=7;

--
-- AUTO_INCREMENT for table `jaks_login`
--
ALTER TABLE `jaks_login`
  MODIFY `ID` bigint(20) UNSIGNED NOT NULL AUTO_INCREMENT, AUTO_INCREMENT=22;

--
-- AUTO_INCREMENT for table `jaks_name_type`
--
ALTER TABLE `jaks_name_type`
  MODIFY `ID` bigint(20) UNSIGNED NOT NULL AUTO_INCREMENT, AUTO_INCREMENT=10;

--
-- AUTO_INCREMENT for table `jaks_seater`
--
ALTER TABLE `jaks_seater`
  MODIFY `ID` bigint(20) UNSIGNED NOT NULL AUTO_INCREMENT, AUTO_INCREMENT=11;

--
-- AUTO_INCREMENT for table `jaks_staff_account`
--
ALTER TABLE `jaks_staff_account`
  MODIFY `ID` bigint(20) UNSIGNED NOT NULL AUTO_INCREMENT, AUTO_INCREMENT=14;

--
-- AUTO_INCREMENT for table `jaks_transmission`
--
ALTER TABLE `jaks_transmission`
  MODIFY `ID` bigint(20) UNSIGNED NOT NULL AUTO_INCREMENT, AUTO_INCREMENT=7;

--
-- AUTO_INCREMENT for table `jaks_useraccount`
--
ALTER TABLE `jaks_useraccount`
  MODIFY `ID` bigint(20) UNSIGNED NOT NULL AUTO_INCREMENT, AUTO_INCREMENT=14;

--
-- AUTO_INCREMENT for table `lms_message`
--
ALTER TABLE `lms_message`
  MODIFY `message_id` int(11) NOT NULL AUTO_INCREMENT, AUTO_INCREMENT=140;

--
-- AUTO_INCREMENT for table `lms_records`
--
ALTER TABLE `lms_records`
  MODIFY `R_ID` int(11) NOT NULL AUTO_INCREMENT, AUTO_INCREMENT=68;

--
-- AUTO_INCREMENT for table `lms_suggestion`
--
ALTER TABLE `lms_suggestion`
  MODIFY `R_ID` int(11) NOT NULL AUTO_INCREMENT, AUTO_INCREMENT=27;

--
-- AUTO_INCREMENT for table `uccp_accpaidaddmission`
--
ALTER TABLE `uccp_accpaidaddmission`
  MODIFY `id` int(11) NOT NULL AUTO_INCREMENT, AUTO_INCREMENT=568;

--
-- AUTO_INCREMENT for table `uccp_accpaidenrollment`
--
ALTER TABLE `uccp_accpaidenrollment`
  MODIFY `id` int(11) NOT NULL AUTO_INCREMENT, AUTO_INCREMENT=502;

--
-- AUTO_INCREMENT for table `uccp_add_courses`
--
ALTER TABLE `uccp_add_courses`
  MODIFY `id` int(11) NOT NULL AUTO_INCREMENT, AUTO_INCREMENT=71;

--
-- AUTO_INCREMENT for table `uccp_adminacc_tbl`
--
ALTER TABLE `uccp_adminacc_tbl`
  MODIFY `id` int(11) NOT NULL AUTO_INCREMENT, AUTO_INCREMENT=213;

--
-- AUTO_INCREMENT for table `uccp_admission`
--
ALTER TABLE `uccp_admission`
  MODIFY `id` int(11) NOT NULL AUTO_INCREMENT, AUTO_INCREMENT=569;

--
-- AUTO_INCREMENT for table `uccp_admission_billing`
--
ALTER TABLE `uccp_admission_billing`
  MODIFY `id` int(11) NOT NULL AUTO_INCREMENT, AUTO_INCREMENT=568;

--
-- AUTO_INCREMENT for table `uccp_admission_schedule`
--
ALTER TABLE `uccp_admission_schedule`
  MODIFY `id` int(11) NOT NULL AUTO_INCREMENT, AUTO_INCREMENT=316;

--
-- AUTO_INCREMENT for table `uccp_approvedcurriculum`
--
ALTER TABLE `uccp_approvedcurriculum`
  MODIFY `id` int(11) NOT NULL AUTO_INCREMENT, AUTO_INCREMENT=232;

--
-- AUTO_INCREMENT for table `uccp_bor_tbl`
--
ALTER TABLE `uccp_bor_tbl`
  MODIFY `id` int(11) NOT NULL AUTO_INCREMENT COMMENT 'board of regents id', AUTO_INCREMENT=54;

--
-- AUTO_INCREMENT for table `uccp_course`
--
ALTER TABLE `uccp_course`
  MODIFY `id` int(11) NOT NULL AUTO_INCREMENT, AUTO_INCREMENT=7;

--
-- AUTO_INCREMENT for table `uccp_coursefee`
--
ALTER TABLE `uccp_coursefee`
  MODIFY `id` int(11) NOT NULL AUTO_INCREMENT, AUTO_INCREMENT=23;

--
-- AUTO_INCREMENT for table `uccp_curriculum`
--
ALTER TABLE `uccp_curriculum`
  MODIFY `id` int(11) NOT NULL AUTO_INCREMENT, AUTO_INCREMENT=232;

--
-- AUTO_INCREMENT for table `uccp_enrolled`
--
ALTER TABLE `uccp_enrolled`
  MODIFY `id` int(11) NOT NULL AUTO_INCREMENT, AUTO_INCREMENT=502;

--
-- AUTO_INCREMENT for table `uccp_enrollee`
--
ALTER TABLE `uccp_enrollee`
  MODIFY `id` int(11) NOT NULL AUTO_INCREMENT, AUTO_INCREMENT=503;

--
-- AUTO_INCREMENT for table `uccp_enrollment_billing`
--
ALTER TABLE `uccp_enrollment_billing`
  MODIFY `id` int(11) NOT NULL AUTO_INCREMENT, AUTO_INCREMENT=503;

--
-- AUTO_INCREMENT for table `uccp_enrollment_schedule`
--
ALTER TABLE `uccp_enrollment_schedule`
  MODIFY `id` int(11) NOT NULL AUTO_INCREMENT, AUTO_INCREMENT=75;

--
-- AUTO_INCREMENT for table `uccp_eval`
--
ALTER TABLE `uccp_eval`
  MODIFY `id` int(11) NOT NULL AUTO_INCREMENT, AUTO_INCREMENT=311;

--
-- AUTO_INCREMENT for table `uccp_examinees`
--
ALTER TABLE `uccp_examinees`
  MODIFY `id` int(11) NOT NULL AUTO_INCREMENT, AUTO_INCREMENT=567;

--
-- AUTO_INCREMENT for table `uccp_examsched`
--
ALTER TABLE `uccp_examsched`
  MODIFY `id` int(11) NOT NULL AUTO_INCREMENT, AUTO_INCREMENT=41;

--
-- AUTO_INCREMENT for table `uccp_grading`
--
ALTER TABLE `uccp_grading`
  MODIFY `id` int(11) NOT NULL AUTO_INCREMENT, AUTO_INCREMENT=169;

--
-- AUTO_INCREMENT for table `uccp_gradingsystem_tbl`
--
ALTER TABLE `uccp_gradingsystem_tbl`
  MODIFY `id` int(11) NOT NULL AUTO_INCREMENT, AUTO_INCREMENT=16;

--
-- AUTO_INCREMENT for table `uccp_ht_tbl`
--
ALTER TABLE `uccp_ht_tbl`
  MODIFY `id` int(11) NOT NULL AUTO_INCREMENT, AUTO_INCREMENT=30;

--
-- AUTO_INCREMENT for table `uccp_login`
--
ALTER TABLE `uccp_login`
  MODIFY `id` int(11) NOT NULL AUTO_INCREMENT, AUTO_INCREMENT=503;

--
-- AUTO_INCREMENT for table `uccp_masterlist`
--
ALTER TABLE `uccp_masterlist`
  MODIFY `id` int(11) NOT NULL AUTO_INCREMENT, AUTO_INCREMENT=502;

--
-- AUTO_INCREMENT for table `uccp_news_tbl`
--
ALTER TABLE `uccp_news_tbl`
  MODIFY `id` int(11) NOT NULL AUTO_INCREMENT, AUTO_INCREMENT=214;

--
-- AUTO_INCREMENT for table `uccp_passers`
--
ALTER TABLE `uccp_passers`
  MODIFY `id` int(11) NOT NULL AUTO_INCREMENT, AUTO_INCREMENT=567;

--
-- AUTO_INCREMENT for table `uccp_professor`
--
ALTER TABLE `uccp_professor`
  MODIFY `id` int(11) NOT NULL AUTO_INCREMENT, AUTO_INCREMENT=53;

--
-- AUTO_INCREMENT for table `uccp_sched`
--
ALTER TABLE `uccp_sched`
  MODIFY `id` int(11) NOT NULL AUTO_INCREMENT, AUTO_INCREMENT=118;

--
-- AUTO_INCREMENT for table `uccp_section`
--
ALTER TABLE `uccp_section`
  MODIFY `id` int(11) NOT NULL AUTO_INCREMENT, AUTO_INCREMENT=78;

--
-- AUTO_INCREMENT for table `uccp_studentinfo`
--
ALTER TABLE `uccp_studentinfo`
  MODIFY `id` int(11) NOT NULL AUTO_INCREMENT, AUTO_INCREMENT=503;

--
-- AUTO_INCREMENT for table `uccp_xo_tbl`
--
ALTER TABLE `uccp_xo_tbl`
  MODIFY `id` int(11) NOT NULL AUTO_INCREMENT COMMENT 'executive offices id', AUTO_INCREMENT=27;

--
-- AUTO_INCREMENT for table `vet_accountlist`
--
ALTER TABLE `vet_accountlist`
  MODIFY `id` int(11) NOT NULL AUTO_INCREMENT, AUTO_INCREMENT=51;

--
-- AUTO_INCREMENT for table `vet_accountlist_client`
--
ALTER TABLE `vet_accountlist_client`
  MODIFY `user_id` int(11) NOT NULL AUTO_INCREMENT, AUTO_INCREMENT=15;

--
-- AUTO_INCREMENT for table `vet_appointment_list`
--
ALTER TABLE `vet_appointment_list`
  MODIFY `booking_id` int(11) NOT NULL AUTO_INCREMENT, AUTO_INCREMENT=35;

--
-- AUTO_INCREMENT for table `vet_branch`
--
ALTER TABLE `vet_branch`
  MODIFY `id` int(11) NOT NULL AUTO_INCREMENT, AUTO_INCREMENT=12;

--
-- AUTO_INCREMENT for table `vet_schedule_list`
--
ALTER TABLE `vet_schedule_list`
  MODIFY `id` int(11) NOT NULL AUTO_INCREMENT, AUTO_INCREMENT=3;

--
-- AUTO_INCREMENT for table `vet_walkin_list`
--
ALTER TABLE `vet_walkin_list`
  MODIFY `id` int(11) NOT NULL AUTO_INCREMENT, AUTO_INCREMENT=30;

--
-- AUTO_INCREMENT for table `vet_year`
--
ALTER TABLE `vet_year`
  MODIFY `year_id` int(11) NOT NULL AUTO_INCREMENT;

--
-- AUTO_INCREMENT for table `vot_candidates`
--
ALTER TABLE `vot_candidates`
  MODIFY `id` int(11) NOT NULL AUTO_INCREMENT, AUTO_INCREMENT=93;

--
-- AUTO_INCREMENT for table `vot_cat_user`
--
ALTER TABLE `vot_cat_user`
  MODIFY `id` int(11) NOT NULL AUTO_INCREMENT, AUTO_INCREMENT=4;

--
-- AUTO_INCREMENT for table `vot_course`
--
ALTER TABLE `vot_course`
  MODIFY `id` int(11) NOT NULL AUTO_INCREMENT, AUTO_INCREMENT=8;

--
-- AUTO_INCREMENT for table `vot_logs`
--
ALTER TABLE `vot_logs`
  MODIFY `id` int(11) NOT NULL AUTO_INCREMENT, AUTO_INCREMENT=119;

--
-- AUTO_INCREMENT for table `vot_party_list`
--
ALTER TABLE `vot_party_list`
  MODIFY `id` int(11) NOT NULL AUTO_INCREMENT, AUTO_INCREMENT=12;

--
-- AUTO_INCREMENT for table `vot_position`
--
ALTER TABLE `vot_position`
  MODIFY `id` int(11) NOT NULL AUTO_INCREMENT, AUTO_INCREMENT=15;

--
-- AUTO_INCREMENT for table `vot_session`
--
ALTER TABLE `vot_session`
  MODIFY `id` int(11) NOT NULL AUTO_INCREMENT, AUTO_INCREMENT=2;

--
-- AUTO_INCREMENT for table `vot_users`
--
ALTER TABLE `vot_users`
  MODIFY `id` int(11) NOT NULL AUTO_INCREMENT, AUTO_INCREMENT=109;

--
-- AUTO_INCREMENT for table `vot_user_profile`
--
ALTER TABLE `vot_user_profile`
  MODIFY `id` int(11) NOT NULL AUTO_INCREMENT, AUTO_INCREMENT=61;

--
-- AUTO_INCREMENT for table `vot_year`
--
ALTER TABLE `vot_year`
  MODIFY `id` int(11) NOT NULL AUTO_INCREMENT, AUTO_INCREMENT=20;

--
-- AUTO_INCREMENT for table `weboms_cart_tb`
--
ALTER TABLE `weboms_cart_tb`
  MODIFY `id` int(11) NOT NULL AUTO_INCREMENT;

--
-- AUTO_INCREMENT for table `weboms_company_tb`
--
ALTER TABLE `weboms_company_tb`
  MODIFY `id` int(11) NOT NULL AUTO_INCREMENT, AUTO_INCREMENT=2;

--
-- AUTO_INCREMENT for table `weboms_feedback_tb`
--
ALTER TABLE `weboms_feedback_tb`
  MODIFY `id` int(11) NOT NULL AUTO_INCREMENT;

--
-- AUTO_INCREMENT for table `weboms_menu_tb`
--
ALTER TABLE `weboms_menu_tb`
  MODIFY `orderType` int(11) NOT NULL AUTO_INCREMENT, AUTO_INCREMENT=4;

--
-- AUTO_INCREMENT for table `weboms_ordersdetail_tb`
--
ALTER TABLE `weboms_ordersdetail_tb`
  MODIFY `id` int(11) NOT NULL AUTO_INCREMENT, AUTO_INCREMENT=71;

--
-- AUTO_INCREMENT for table `weboms_order_tb`
--
ALTER TABLE `weboms_order_tb`
  MODIFY `ID` int(11) NOT NULL AUTO_INCREMENT, AUTO_INCREMENT=30;

--
-- AUTO_INCREMENT for table `weboms_topup_tb`
--
ALTER TABLE `weboms_topup_tb`
  MODIFY `id` int(11) NOT NULL AUTO_INCREMENT;

--
-- AUTO_INCREMENT for table `weboms_userinfo_tb`
--
ALTER TABLE `weboms_userinfo_tb`
  MODIFY `id` int(11) NOT NULL AUTO_INCREMENT, AUTO_INCREMENT=4;

--
-- AUTO_INCREMENT for table `weboms_user_tb`
--
ALTER TABLE `weboms_user_tb`
  MODIFY `id` int(11) NOT NULL AUTO_INCREMENT, AUTO_INCREMENT=4;
COMMIT;

/*!40101 SET CHARACTER_SET_CLIENT=@OLD_CHARACTER_SET_CLIENT */;
/*!40101 SET CHARACTER_SET_RESULTS=@OLD_CHARACTER_SET_RESULTS */;
/*!40101 SET COLLATION_CONNECTION=@OLD_COLLATION_CONNECTION */;
